filename;rel_filepath;n_chunks;started;completed
'Beam--20250728--00046-65.bmg';'Beam_Profiler/Beam--20250728--00046-65.bmg';801;'Thu Jul 31, 2025 at 13:00:05';'Thu Jul 31, 2025 at 13:00:09'
'BP_C1--20250703-00002.bmg';'Beam_Profiler/BP_C1--20250703-00002.bmg';33;'Thu Jul 31, 2025 at 13:00:10';'Thu Jul 31, 2025 at 13:00:10'
'BP_C1--20250703-00007.bmg';'Beam_Profiler/BP_C1--20250703-00007.bmg';33;'Thu Jul 31, 2025 at 13:00:10';'Thu Jul 31, 2025 at 13:00:10'
'BP_C1--20250703-00011.bmg';'Beam_Profiler/BP_C1--20250703-00011.bmg';33;'Thu Jul 31, 2025 at 13:00:11';'Thu Jul 31, 2025 at 13:00:12'
'BP_C1--20250703-00012.bmg';'Beam_Profiler/BP_C1--20250703-00012.bmg';33;'Thu Jul 31, 2025 at 13:00:12';'Thu Jul 31, 2025 at 13:00:13'
'BP_C1--20250703-00034.bmg';'Beam_Profiler/BP_C1--20250703-00034.bmg';33;'Thu Jul 31, 2025 at 13:00:16';'Thu Jul 31, 2025 at 13:00:19'
'BP_C1--20250703-00035-58.bmg';'Beam_Profiler/BP_C1--20250703-00035-58.bmg';769;'Thu Jul 31, 2025 at 13:00:19';'Thu Jul 31, 2025 at 13:00:28'
'BP_C1--20250703-00059-77.bmg';'Beam_Profiler/BP_C1--20250703-00059-77.bmg';609;'Thu Jul 31, 2025 at 13:00:28';'Thu Jul 31, 2025 at 13:00:34'
'BP_C1--20250710-00001-13.bmg';'Beam_Profiler/BP_C1--20250710-00001-13.bmg';417;'Thu Jul 31, 2025 at 13:00:39';'Thu Jul 31, 2025 at 13:00:43'
'BP_C1--20250710-00014-25 - Copy - Copy.bmg';'Beam_Profiler/BP_C1--20250710-00014-25 - Copy - Copy.bmg';385;'Thu Jul 31, 2025 at 13:00:43';'Thu Jul 31, 2025 at 13:00:46'
'BP_C1--20250725-00024-48.bmg';'Beam_Profiler/BP_C1--20250725-00024-48.bmg';801;'Thu Jul 31, 2025 at 13:00:55';'Thu Jul 31, 2025 at 13:01:02'
'05152025_1.jpg';'Beam_Profiler/test/05152025_1.jpg';1;'Thu Jul 31, 2025 at 13:01:02';'Thu Jul 31, 2025 at 13:01:02'
'05152025_3.jpg';'Beam_Profiler/test/05152025_3.jpg';1;'Thu Jul 31, 2025 at 13:01:02';'Thu Jul 31, 2025 at 13:01:02'
'05152025_4.jpg';'Beam_Profiler/test/05152025_4.jpg';1;'Thu Jul 31, 2025 at 13:01:11';'Thu Jul 31, 2025 at 13:01:11'
'05152025_6.jpg';'Beam_Profiler/test/05152025_6.jpg';1;'Thu Jul 31, 2025 at 13:01:11';'Thu Jul 31, 2025 at 13:01:11'
'jhoiuh.txt';'Beam_Profiler/test/jhoiuh.txt';1;'Thu Jul 31, 2025 at 13:01:23';'Thu Jul 31, 2025 at 13:01:23'
'121924.bmg';'Beam_Profiler/test/121924.bmg';2049;'Thu Jul 31, 2025 at 13:01:11';'Thu Jul 31, 2025 at 13:01:23'
'SPiiPlus-Python-Library-Reference-Programmers-Guide.pdf';'SPiiPlus-Python-Library-Reference-Programmers-Guide.pdf';6;'Thu Jul 31, 2025 at 13:36:36';'Thu Jul 31, 2025 at 13:36:36'
'Beam--20250715--00014-25.bmg';'Beam_Profiler/Beam--20250715--00014-25.bmg';385;'Thu Jul 31, 2025 at 12:59:47';'Thu Jul 31, 2025 at 12:59:54'
'Beam--20250715--00026-38.bmg';'Beam_Profiler/Beam--20250715--00026-38.bmg';801;'Thu Jul 31, 2025 at 12:59:54';'Thu Jul 31, 2025 at 13:00:00'
'Beam--20250725--00086-99.bmg';'Beam_Profiler/Beam--20250725--00086-99.bmg';449;'Thu Jul 31, 2025 at 13:00:00';'Thu Jul 31, 2025 at 13:00:05'
'BP_C1--20250703-00001.bmg';'Beam_Profiler/BP_C1--20250703-00001.bmg';33;'Thu Jul 31, 2025 at 13:00:10';'Thu Jul 31, 2025 at 13:00:10'
'BP_C1--20250703-00008.bmg';'Beam_Profiler/BP_C1--20250703-00008.bmg';33;'Thu Jul 31, 2025 at 13:00:10';'Thu Jul 31, 2025 at 13:00:11'
'BP_C1--20250703-00010.bmg';'Beam_Profiler/BP_C1--20250703-00010.bmg';33;'Thu Jul 31, 2025 at 13:00:11';'Thu Jul 31, 2025 at 13:00:11'
'BP_C1--20250703-00013-26.bmg';'Beam_Profiler/BP_C1--20250703-00013-26.bmg';449;'Thu Jul 31, 2025 at 13:00:13';'Thu Jul 31, 2025 at 13:00:16'
'BP_C1--20250707-00001-20.bmg';'Beam_Profiler/BP_C1--20250707-00001-20.bmg';641;'Thu Jul 31, 2025 at 13:00:34';'Thu Jul 31, 2025 at 13:00:39'
'BP_C1--20250710-00014-25 - Copy.bmg';'Beam_Profiler/BP_C1--20250710-00014-25 - Copy.bmg';385;'Thu Jul 31, 2025 at 13:00:46';'Thu Jul 31, 2025 at 13:00:50'
'BP_C1--20250710-00014-25.bmg';'Beam_Profiler/BP_C1--20250710-00014-25.bmg';385;'Thu Jul 31, 2025 at 13:00:50';'Thu Jul 31, 2025 at 13:00:55'
'05152025.txt';'Beam_Profiler/test/05152025.txt';1;'Thu Jul 31, 2025 at 13:01:02';'Thu Jul 31, 2025 at 13:01:02'
'05152025_2.jpg';'Beam_Profiler/test/05152025_2.jpg';1;'Thu Jul 31, 2025 at 13:01:11';'Thu Jul 31, 2025 at 13:01:11'
'05152025_5.jpg';'Beam_Profiler/test/05152025_5.jpg';1;'Thu Jul 31, 2025 at 13:01:11';'Thu Jul 31, 2025 at 13:01:11'
'SeeMoveShootData.zip';'SeeMoveShootData.zip';1;'Thu Jul 31, 2025 at 13:09:59';'Thu Jul 31, 2025 at 13:09:59'
'SPiiPlus-Python-Library-Reference-Programmers-Guide.pdf';'tst/SPiiPlus-Python-Library-Reference-Programmers-Guide.pdf';6;'Thu Jul 31, 2025 at 13:30:28';'Thu Jul 31, 2025 at 13:30:28'
'linux_test_streaming.config';'linux_test_streaming.config';1;'Thu Jul 31, 2025 at 15:08:01';'Thu Jul 31, 2025 at 15:08:01'
'config_test_3.config';'config_test_3.config';1;'Thu Jul 31, 2025 at 15:11:14';'Thu Jul 31, 2025 at 15:11:14'
'config_test_2.config';'config_test_2.config';1;'Thu Jul 31, 2025 at 15:11:00';'Thu Jul 31, 2025 at 15:11:00'
'config_test_2 - Copy.config';'config_test_2 - Copy.config';1;'Thu Jul 31, 2025 at 15:13:40';'Thu Jul 31, 2025 at 15:13:40'
'config_test_2 - Copy - Copy.config';'config_test_2 - Copy - Copy.config';1;'Thu Jul 31, 2025 at 19:16:12';'Thu Jul 31, 2025 at 19:16:12'
'config_testttt.config';'config_testttt.config';1;'Thu Jul 31, 2025 at 15:18:38';'Thu Jul 31, 2025 at 15:18:38'
'config.config';'test/config.config';1;'Thu Jul 31, 2025 at 15:31:14';'Thu Jul 31, 2025 at 15:31:14'
'config_testttt.config';'SeeMoveShootData/config_testttt.config';1;'Thu Jul 31, 2025 at 15:54:46';'Thu Jul 31, 2025 at 15:54:46'
'Beam--20250725--00086-99_2.txt';'Beam_Profiler/Beam--20250725--00086-99_2.txt';36;'Thu Jul 31, 2025 at 16:00:25';'Thu Jul 31, 2025 at 16:00:25'
'Beam--20250725--00086-99_3.txt';'Beam_Profiler/Beam--20250725--00086-99_3.txt';36;'Thu Jul 31, 2025 at 16:00:25';'Thu Jul 31, 2025 at 16:00:25'
'Beam--20250725--00086-99_6.txt';'Beam_Profiler/Beam--20250725--00086-99_6.txt';33;'Thu Jul 31, 2025 at 16:00:26';'Thu Jul 31, 2025 at 16:00:26'
'Beam--20250725--00086-99_9.txt';'Beam_Profiler/Beam--20250725--00086-99_9.txt';33;'Thu Jul 31, 2025 at 16:00:27';'Thu Jul 31, 2025 at 16:00:27'
'Beam--20250725--00086-99_10.txt';'Beam_Profiler/Beam--20250725--00086-99_10.txt';33;'Thu Jul 31, 2025 at 16:00:30';'Thu Jul 31, 2025 at 16:00:30'
'Beam--20250725--00086-99_11.txt';'Beam_Profiler/Beam--20250725--00086-99_11.txt';33;'Thu Jul 31, 2025 at 16:00:32';'Thu Jul 31, 2025 at 16:00:32'
'Beam--20250725--00086-99_12.txt';'Beam_Profiler/Beam--20250725--00086-99_12.txt';33;'Thu Jul 31, 2025 at 16:00:34';'Thu Jul 31, 2025 at 16:00:34'
'Beam--20250725--00086-99_13.txt';'Beam_Profiler/Beam--20250725--00086-99_13.txt';33;'Thu Jul 31, 2025 at 16:00:36';'Thu Jul 31, 2025 at 16:00:37'
'Beam--20250725--00086-99_14.txt';'Beam_Profiler/Beam--20250725--00086-99_14.txt';33;'Thu Jul 31, 2025 at 16:00:39';'Thu Jul 31, 2025 at 16:00:39'
'Beam--20250728--00046-65_1.txt';'Beam_Profiler/Beam--20250728--00046-65_1.txt';35;'Thu Jul 31, 2025 at 16:03:37';'Thu Jul 31, 2025 at 16:03:37'
'Beam--20250728--00046-65_2.txt';'Beam_Profiler/Beam--20250728--00046-65_2.txt';35;'Thu Jul 31, 2025 at 16:03:39';'Thu Jul 31, 2025 at 16:03:39'
'Beam--20250728--00046-65_3.txt';'Beam_Profiler/Beam--20250728--00046-65_3.txt';35;'Thu Jul 31, 2025 at 16:03:41';'Thu Jul 31, 2025 at 16:03:41'
'Beam--20250728--00046-65_4.txt';'Beam_Profiler/Beam--20250728--00046-65_4.txt';35;'Thu Jul 31, 2025 at 16:03:43';'Thu Jul 31, 2025 at 16:03:43'
'Beam--20250728--00046-65_5.txt';'Beam_Profiler/Beam--20250728--00046-65_5.txt';35;'Thu Jul 31, 2025 at 16:03:45';'Thu Jul 31, 2025 at 16:03:46'
'Beam--20250728--00046-65_6.txt';'Beam_Profiler/Beam--20250728--00046-65_6.txt';35;'Thu Jul 31, 2025 at 16:03:48';'Thu Jul 31, 2025 at 16:03:48'
'Beam--20250728--00046-65_7.txt';'Beam_Profiler/Beam--20250728--00046-65_7.txt';35;'Thu Jul 31, 2025 at 16:03:49';'Thu Jul 31, 2025 at 16:03:49'
'Beam--20250728--00046-65_8.txt';'Beam_Profiler/Beam--20250728--00046-65_8.txt';35;'Thu Jul 31, 2025 at 16:03:49';'Thu Jul 31, 2025 at 16:03:50'
'Beam--20250728--00046-65_8.txt';'Beam_Profiler/Beam--20250728--00046-65_8.txt';35;'Thu Jul 31, 2025 at 16:03:52';'Thu Jul 31, 2025 at 16:03:52'
'Beam--20250728--00046-65_9.txt';'Beam_Profiler/Beam--20250728--00046-65_9.txt';35;'Thu Jul 31, 2025 at 16:03:55';'Thu Jul 31, 2025 at 16:03:55'
'Beam--20250728--00046-65_10.txt';'Beam_Profiler/Beam--20250728--00046-65_10.txt';35;'Thu Jul 31, 2025 at 16:03:57';'Thu Jul 31, 2025 at 16:03:57'
'Beam--20250728--00046-65_11.txt';'Beam_Profiler/Beam--20250728--00046-65_11.txt';35;'Thu Jul 31, 2025 at 16:03:59';'Thu Jul 31, 2025 at 16:03:59'
'Beam--20250728--00046-65_12.txt';'Beam_Profiler/Beam--20250728--00046-65_12.txt';35;'Thu Jul 31, 2025 at 16:04:02';'Thu Jul 31, 2025 at 16:04:02'
'Beam--20250728--00046-65_13.txt';'Beam_Profiler/Beam--20250728--00046-65_13.txt';35;'Thu Jul 31, 2025 at 16:04:04';'Thu Jul 31, 2025 at 16:04:04'
'Beam--20250728--00046-65_14.txt';'Beam_Profiler/Beam--20250728--00046-65_14.txt';35;'Thu Jul 31, 2025 at 16:04:06';'Thu Jul 31, 2025 at 16:04:06'
'Beam--20250728--00046-65_15.txt';'Beam_Profiler/Beam--20250728--00046-65_15.txt';35;'Thu Jul 31, 2025 at 16:04:08';'Thu Jul 31, 2025 at 16:04:09'
'Beam--20250728--00046-65_16.txt';'Beam_Profiler/Beam--20250728--00046-65_16.txt';35;'Thu Jul 31, 2025 at 16:04:11';'Thu Jul 31, 2025 at 16:04:11'
'Beam--20250728--00046-65_17.txt';'Beam_Profiler/Beam--20250728--00046-65_17.txt';37;'Thu Jul 31, 2025 at 16:04:13';'Thu Jul 31, 2025 at 16:04:13'
'Beam--20250728--00046-65_18.txt';'Beam_Profiler/Beam--20250728--00046-65_18.txt';37;'Thu Jul 31, 2025 at 16:04:15';'Thu Jul 31, 2025 at 16:04:15'
'Beam--20250728--00046-65_19.txt';'Beam_Profiler/Beam--20250728--00046-65_19.txt';37;'Thu Jul 31, 2025 at 16:04:18';'Thu Jul 31, 2025 at 16:04:18'
'Beam--20250728--00046-65_20.txt';'Beam_Profiler/Beam--20250728--00046-65_20.txt';37;'Thu Jul 31, 2025 at 16:04:20';'Thu Jul 31, 2025 at 16:04:20'
'Beam--20250728--00046-65_21.txt';'Beam_Profiler/Beam--20250728--00046-65_21.txt';37;'Thu Jul 31, 2025 at 16:04:22';'Thu Jul 31, 2025 at 16:04:22'
'Beam--20250728--00046-65_23.txt';'Beam_Profiler/Beam--20250728--00046-65_23.txt';35;'Thu Jul 31, 2025 at 16:04:24';'Thu Jul 31, 2025 at 16:04:25'
'Beam--20250728--00046-65_24.txt';'Beam_Profiler/Beam--20250728--00046-65_24.txt';21;'Thu Jul 31, 2025 at 16:04:25';'Thu Jul 31, 2025 at 16:04:25'
'Beam--20250728--00046-65_24.txt';'Beam_Profiler/Beam--20250728--00046-65_24.txt';35;'Thu Jul 31, 2025 at 16:04:29';'Thu Jul 31, 2025 at 16:04:29'
'Beam--20250728--00046-65_25.txt';'Beam_Profiler/Beam--20250728--00046-65_25.txt';35;'Thu Jul 31, 2025 at 16:04:31';'Thu Jul 31, 2025 at 16:04:31'
'config_testttt - Copy.config';'config_testttt - Copy.config';1;'Thu Jul 31, 2025 at 15:30:43';'Thu Jul 31, 2025 at 15:30:43'
'config_testttt.config';'See_move_shoot_data/config_testttt.config';1;'Thu Jul 31, 2025 at 15:42:18';'Thu Jul 31, 2025 at 15:42:18'
'Beam--20250725--00086-99_1.txt';'Beam_Profiler/Beam--20250725--00086-99_1.txt';36;'Thu Jul 31, 2025 at 16:00:24';'Thu Jul 31, 2025 at 16:00:25'
'Beam--20250725--00086-99_4.txt';'Beam_Profiler/Beam--20250725--00086-99_4.txt';33;'Thu Jul 31, 2025 at 16:00:25';'Thu Jul 31, 2025 at 16:00:26'
'Beam--20250725--00086-99_5.txt';'Beam_Profiler/Beam--20250725--00086-99_5.txt';33;'Thu Jul 31, 2025 at 16:00:26';'Thu Jul 31, 2025 at 16:00:26'
'Beam--20250725--00086-99_7.txt';'Beam_Profiler/Beam--20250725--00086-99_7.txt';33;'Thu Jul 31, 2025 at 16:00:26';'Thu Jul 31, 2025 at 16:00:27'
'Beam--20250725--00086-99_8.txt';'Beam_Profiler/Beam--20250725--00086-99_8.txt';33;'Thu Jul 31, 2025 at 16:00:27';'Thu Jul 31, 2025 at 16:00:27'
'Beam--20250725--00086-99_13.bmp';'Beam_Profiler/Beam--20250725--00086-99_13.bmp';4;'Thu Jul 31, 2025 at 16:02:57';'Thu Jul 31, 2025 at 16:02:57'
'Beam--20250728--00046-65_22.txt';'Beam_Profiler/Beam--20250728--00046-65_22.txt';35;'Thu Jul 31, 2025 at 16:04:24';'Thu Jul 31, 2025 at 16:04:24'
'Beam--20250807--00001-25.bmg';'Beam_Profiler/Beam--20250807--00001-25.bmg';801;'Thu Aug 07, 2025 at 23:42:24';'Thu Aug 07, 2025 at 23:42:31'
'Beam--20250807--00026-48.bmg';'Beam_Profiler/Beam--20250807--00026-48.bmg';737;'Thu Aug 07, 2025 at 23:42:31';'Thu Aug 07, 2025 at 23:42:37'
'experiment_data_LMI AlMg_20250807_Al_F416.xlsx';'SeeMoveShootData/experiment_data_LMI AlMg_20250807_Al_F416.xlsx';1;'Thu Aug 07, 2025 at 23:42:42';'Thu Aug 07, 2025 at 23:42:42'
'Beam--20250807--00049-71.bmg';'Beam_Profiler/Beam--20250807--00049-71.bmg';737;'Thu Aug 07, 2025 at 23:42:37';'Thu Aug 07, 2025 at 23:42:42'
'experiment_data_LMI-Al-Mg-Shots_20250807_Al_F418.xlsx';'SeeMoveShootData/experiment_data_LMI-Al-Mg-Shots_20250807_Al_F418.xlsx';1;'Thu Aug 07, 2025 at 23:42:42';'Thu Aug 07, 2025 at 23:42:42'
'experiment_data_LMI-Al-Mg-Shots_20250807_Al_F417.xlsx';'SeeMoveShootData/experiment_data_LMI-Al-Mg-Shots_20250807_Al_F417.xlsx';1;'Thu Aug 07, 2025 at 23:42:42';'Thu Aug 07, 2025 at 23:42:42'
'experiment_data_LMI-Al-Mg-Shots_20250811_Al_FTest.xlsx';'SeeMoveShootData/experiment_data_LMI-Al-Mg-Shots_20250811_Al_FTest.xlsx';1;'Mon Aug 11, 2025 at 12:38:10';'Mon Aug 11, 2025 at 12:38:10'
'experiment_data_LMI-Al-Mg-Shots_20250811_Al_FTest.xlsx';'SeeMoveShootData/experiment_data_LMI-Al-Mg-Shots_20250811_Al_FTest.xlsx';1;'Mon Aug 11, 2025 at 12:38:20';'Mon Aug 11, 2025 at 12:38:20'
'experiment_data_Velocity_shot_trial_20250811_Al_Dummy.xlsx';'SeeMoveShootData/experiment_data_Velocity_shot_trial_20250811_Al_Dummy.xlsx';1;'Mon Aug 11, 2025 at 12:48:39';'Mon Aug 11, 2025 at 12:48:39'
'~$experiment_data_Velocity_shot_trial_20250811_Al_Dummy.xlsx';'SeeMoveShootData/~$experiment_data_Velocity_shot_trial_20250811_Al_Dummy.xlsx';1;'Mon Aug 11, 2025 at 12:51:22';'Mon Aug 11, 2025 at 12:51:22'
'experiment_data_LMI-Al-Mg-Shots_20250811_Al_Dummy flyer.xlsx';'SeeMoveShootData/experiment_data_LMI-Al-Mg-Shots_20250811_Al_Dummy flyer.xlsx';1;'Mon Aug 11, 2025 at 12:59:52';'Mon Aug 11, 2025 at 12:59:52'
'experiment_data_Velocity_Shots_20250811_Al_F421.xlsx';'SeeMoveShootData/experiment_data_Velocity_Shots_20250811_Al_F421.xlsx';1;'Mon Aug 11, 2025 at 13:16:10';'Mon Aug 11, 2025 at 13:16:10'
'experiment_data_Velocity_Shots_20250811_Al_F421.xlsx';'SeeMoveShootData/experiment_data_Velocity_Shots_20250811_Al_F421.xlsx';1;'Mon Aug 11, 2025 at 13:16:30';'Mon Aug 11, 2025 at 13:16:30'
'experiment_data_Velocity_Shots_20250811_Al_F421.xlsx';'SeeMoveShootData/experiment_data_Velocity_Shots_20250811_Al_F421.xlsx';1;'Mon Aug 11, 2025 at 13:16:52';'Mon Aug 11, 2025 at 13:16:52'
'experiment_data_Velocity_Shots_20250811_Al_F421.xlsx';'SeeMoveShootData/experiment_data_Velocity_Shots_20250811_Al_F421.xlsx';1;'Mon Aug 11, 2025 at 13:17:14';'Mon Aug 11, 2025 at 13:17:14'
'experiment_data_Velocity_Shots_20250811_Al_F421.xlsx';'SeeMoveShootData/experiment_data_Velocity_Shots_20250811_Al_F421.xlsx';1;'Mon Aug 11, 2025 at 13:17:30';'Mon Aug 11, 2025 at 13:17:30'
'experiment_data_Velocity_Shots_20250811_Al_F421.xlsx';'SeeMoveShootData/experiment_data_Velocity_Shots_20250811_Al_F421.xlsx';1;'Mon Aug 11, 2025 at 13:17:55';'Mon Aug 11, 2025 at 13:17:55'
'experiment_data_Velocity_Shots_20250811_Al_F421.xlsx';'SeeMoveShootData/experiment_data_Velocity_Shots_20250811_Al_F421.xlsx';1;'Mon Aug 11, 2025 at 13:18:17';'Mon Aug 11, 2025 at 13:18:17'
'experiment_data_Velocity_Shots_20250811_Al_F421.xlsx';'SeeMoveShootData/experiment_data_Velocity_Shots_20250811_Al_F421.xlsx';1;'Mon Aug 11, 2025 at 13:18:38';'Mon Aug 11, 2025 at 13:18:38'
'experiment_data_Velocity_Shots_20250811_Al_F421.xlsx';'SeeMoveShootData/experiment_data_Velocity_Shots_20250811_Al_F421.xlsx';1;'Mon Aug 11, 2025 at 13:18:59';'Mon Aug 11, 2025 at 13:18:59'
'experiment_data_Velocity_Shots_20250811_Al_F421.xlsx';'SeeMoveShootData/experiment_data_Velocity_Shots_20250811_Al_F421.xlsx';1;'Mon Aug 11, 2025 at 13:19:19';'Mon Aug 11, 2025 at 13:19:19'
'experiment_data_Velocity_Shots_20250811_Al_F421.xlsx';'SeeMoveShootData/experiment_data_Velocity_Shots_20250811_Al_F421.xlsx';1;'Mon Aug 11, 2025 at 13:19:45';'Mon Aug 11, 2025 at 13:19:45'
'experiment_data_Velocity_Shots_20250811_Al_F421.xlsx';'SeeMoveShootData/experiment_data_Velocity_Shots_20250811_Al_F421.xlsx';1;'Mon Aug 11, 2025 at 13:20:04';'Mon Aug 11, 2025 at 13:20:04'
'experiment_data_LMI-CuTi-Shots_20250811_Al_F419.xlsx';'SeeMoveShootData/experiment_data_LMI-CuTi-Shots_20250811_Al_F419.xlsx';1;'Mon Aug 11, 2025 at 13:41:01';'Mon Aug 11, 2025 at 13:41:01'
'experiment_data_LMI-CuTi-Shots_20250811_Al_F419.xlsx';'SeeMoveShootData/experiment_data_LMI-CuTi-Shots_20250811_Al_F419.xlsx';1;'Mon Aug 11, 2025 at 13:41:47';'Mon Aug 11, 2025 at 13:41:47'
'experiment_data_LMI-CuTi-Shots_20250811_Al_F419.xlsx';'SeeMoveShootData/experiment_data_LMI-CuTi-Shots_20250811_Al_F419.xlsx';1;'Mon Aug 11, 2025 at 13:42:44';'Mon Aug 11, 2025 at 13:42:44'
'experiment_data_LMI-CuTi-Shots_20250811_Al_F419.xlsx';'SeeMoveShootData/experiment_data_LMI-CuTi-Shots_20250811_Al_F419.xlsx';1;'Mon Aug 11, 2025 at 13:43:30';'Mon Aug 11, 2025 at 13:43:30'
'experiment_data_LMI-CuTi-Shots_20250811_Al_F419.xlsx';'SeeMoveShootData/experiment_data_LMI-CuTi-Shots_20250811_Al_F419.xlsx';1;'Mon Aug 11, 2025 at 13:44:08';'Mon Aug 11, 2025 at 13:44:08'
'experiment_data_LMI-CuTi-Shots_20250811_Al_F419.xlsx';'SeeMoveShootData/experiment_data_LMI-CuTi-Shots_20250811_Al_F419.xlsx';1;'Mon Aug 11, 2025 at 13:44:50';'Mon Aug 11, 2025 at 13:44:50'
'experiment_data_LMI-CuTi-Shots_20250811_Al_F419.xlsx';'SeeMoveShootData/experiment_data_LMI-CuTi-Shots_20250811_Al_F419.xlsx';1;'Mon Aug 11, 2025 at 13:45:26';'Mon Aug 11, 2025 at 13:45:26'
'experiment_data_LMI-CuTi-Shots_20250811_Al_F419.xlsx';'SeeMoveShootData/experiment_data_LMI-CuTi-Shots_20250811_Al_F419.xlsx';1;'Mon Aug 11, 2025 at 13:46:15';'Mon Aug 11, 2025 at 13:46:15'
'experiment_data_LMI-CuTi-Shots_20250811_Al_F419.xlsx';'SeeMoveShootData/experiment_data_LMI-CuTi-Shots_20250811_Al_F419.xlsx';1;'Mon Aug 11, 2025 at 13:47:11';'Mon Aug 11, 2025 at 13:47:11'
'experiment_data_LMI-CuTi-Shots_20250811_Al_F419.xlsx';'SeeMoveShootData/experiment_data_LMI-CuTi-Shots_20250811_Al_F419.xlsx';1;'Mon Aug 11, 2025 at 13:48:11';'Mon Aug 11, 2025 at 13:48:11'
'experiment_data_LMI-CuTi-Shots_20250811_Al_F419.xlsx';'SeeMoveShootData/experiment_data_LMI-CuTi-Shots_20250811_Al_F419.xlsx';1;'Mon Aug 11, 2025 at 13:48:57';'Mon Aug 11, 2025 at 13:48:57'
'experiment_data_LMI-CuTi-Shots_20250811_Al_F419.xlsx';'SeeMoveShootData/experiment_data_LMI-CuTi-Shots_20250811_Al_F419.xlsx';1;'Mon Aug 11, 2025 at 13:49:45';'Mon Aug 11, 2025 at 13:49:45'
'experiment_data_LMI-CuTi-Shots_20250811_Al_F419.xlsx';'SeeMoveShootData/experiment_data_LMI-CuTi-Shots_20250811_Al_F419.xlsx';1;'Mon Aug 11, 2025 at 13:50:35';'Mon Aug 11, 2025 at 13:50:35'
'experiment_data_LMI-Al-Mg-Shots_20250811_Al_F410.xlsx';'SeeMoveShootData/experiment_data_LMI-Al-Mg-Shots_20250811_Al_F410.xlsx';1;'Mon Aug 11, 2025 at 14:01:20';'Mon Aug 11, 2025 at 14:01:20'
'experiment_data_LMI-Al-Mg-Shots_20250811_Al_F410.xlsx';'SeeMoveShootData/experiment_data_LMI-Al-Mg-Shots_20250811_Al_F410.xlsx';1;'Mon Aug 11, 2025 at 14:01:56';'Mon Aug 11, 2025 at 14:01:56'
'experiment_data_LMI-Al-Mg-Shots_20250811_Al_F410.xlsx';'SeeMoveShootData/experiment_data_LMI-Al-Mg-Shots_20250811_Al_F410.xlsx';1;'Mon Aug 11, 2025 at 14:02:35';'Mon Aug 11, 2025 at 14:02:35'
'experiment_data_LMI-Al-Mg-Shots_20250811_Al_F410.xlsx';'SeeMoveShootData/experiment_data_LMI-Al-Mg-Shots_20250811_Al_F410.xlsx';1;'Mon Aug 11, 2025 at 18:03:16';'Mon Aug 11, 2025 at 18:03:16'
'experiment_data_LMI-Al-Mg-Shots_20250811_Al_F410.xlsx';'SeeMoveShootData/experiment_data_LMI-Al-Mg-Shots_20250811_Al_F410.xlsx';1;'Mon Aug 11, 2025 at 14:03:56';'Mon Aug 11, 2025 at 14:03:56'
'experiment_data_LMI-Al-Mg-Shots_20250811_Al_F410.xlsx';'SeeMoveShootData/experiment_data_LMI-Al-Mg-Shots_20250811_Al_F410.xlsx';1;'Mon Aug 11, 2025 at 14:04:31';'Mon Aug 11, 2025 at 14:04:31'
'experiment_data_LMI-Al-Mg-Shots_20250811_Al_F410.xlsx';'SeeMoveShootData/experiment_data_LMI-Al-Mg-Shots_20250811_Al_F410.xlsx';1;'Mon Aug 11, 2025 at 14:05:11';'Mon Aug 11, 2025 at 14:05:11'
'experiment_data_LMI-Al-Mg-Shots_20250811_Al_F410.xlsx';'SeeMoveShootData/experiment_data_LMI-Al-Mg-Shots_20250811_Al_F410.xlsx';1;'Mon Aug 11, 2025 at 14:05:47';'Mon Aug 11, 2025 at 14:05:47'
'experiment_data_LMI-Al-Mg-Shots_20250811_Al_F410.xlsx';'SeeMoveShootData/experiment_data_LMI-Al-Mg-Shots_20250811_Al_F410.xlsx';1;'Mon Aug 11, 2025 at 14:06:23';'Mon Aug 11, 2025 at 14:06:23'
'experiment_data_LMI-Al-Mg-Shots_20250811_Al_F410.xlsx';'SeeMoveShootData/experiment_data_LMI-Al-Mg-Shots_20250811_Al_F410.xlsx';1;'Mon Aug 11, 2025 at 14:07:11';'Mon Aug 11, 2025 at 14:07:11'
'experiment_data_LMI-Al-Mg-Shots_20250811_Al_F410.xlsx';'SeeMoveShootData/experiment_data_LMI-Al-Mg-Shots_20250811_Al_F410.xlsx';1;'Mon Aug 11, 2025 at 14:07:46';'Mon Aug 11, 2025 at 14:07:46'
'experiment_data_LMI-Al-Mg-Shots_20250811_Al_F410.xlsx';'SeeMoveShootData/experiment_data_LMI-Al-Mg-Shots_20250811_Al_F410.xlsx';1;'Mon Aug 11, 2025 at 14:08:26';'Mon Aug 11, 2025 at 14:08:26'
'experiment_data_LMI-Al-Mg-Shots_20250811_Al_F410.xlsx';'SeeMoveShootData/experiment_data_LMI-Al-Mg-Shots_20250811_Al_F410.xlsx';1;'Mon Aug 11, 2025 at 18:09:11';'Mon Aug 11, 2025 at 18:09:11'
'experiment_data_LMI-Cu-Ti-Shots_20250811_Al_F41.xlsx';'SeeMoveShootData/experiment_data_LMI-Cu-Ti-Shots_20250811_Al_F41.xlsx';1;'Mon Aug 11, 2025 at 14:48:00';'Mon Aug 11, 2025 at 14:48:00'
'experiment_data_LMI-Cu-Ti-Shots_20250811_Al_F41.xlsx';'SeeMoveShootData/experiment_data_LMI-Cu-Ti-Shots_20250811_Al_F41.xlsx';1;'Mon Aug 11, 2025 at 14:48:41';'Mon Aug 11, 2025 at 14:48:41'
'experiment_data_LMI-Cu-Ti-Shots_20250811_Al_F41.xlsx';'SeeMoveShootData/experiment_data_LMI-Cu-Ti-Shots_20250811_Al_F41.xlsx';1;'Mon Aug 11, 2025 at 14:49:37';'Mon Aug 11, 2025 at 14:49:37'
'experiment_data_LMI-Cu-Ti-Shots_20250811_Al_F41.xlsx';'SeeMoveShootData/experiment_data_LMI-Cu-Ti-Shots_20250811_Al_F41.xlsx';1;'Mon Aug 11, 2025 at 14:50:34';'Mon Aug 11, 2025 at 14:50:34'
'experiment_data_LMI-Cu-Ti-Shots_20250811_Al_F41.xlsx';'SeeMoveShootData/experiment_data_LMI-Cu-Ti-Shots_20250811_Al_F41.xlsx';1;'Mon Aug 11, 2025 at 14:51:31';'Mon Aug 11, 2025 at 14:51:31'
'experiment_data_LMI-Cu-Ti-Shots_20250811_Al_F41.xlsx';'SeeMoveShootData/experiment_data_LMI-Cu-Ti-Shots_20250811_Al_F41.xlsx';1;'Mon Aug 11, 2025 at 14:52:19';'Mon Aug 11, 2025 at 14:52:19'
'experiment_data_LMI-Cu-Ti-Shots_20250811_Al_F41.xlsx';'SeeMoveShootData/experiment_data_LMI-Cu-Ti-Shots_20250811_Al_F41.xlsx';1;'Mon Aug 11, 2025 at 14:52:56';'Mon Aug 11, 2025 at 14:52:56'
'experiment_data_LMI-Cu-Ti-Shots_20250811_Al_F41.xlsx';'SeeMoveShootData/experiment_data_LMI-Cu-Ti-Shots_20250811_Al_F41.xlsx';1;'Mon Aug 11, 2025 at 14:53:40';'Mon Aug 11, 2025 at 14:53:40'
'experiment_data_LMI-Cu-Ti-Shots_20250811_Al_F41.xlsx';'SeeMoveShootData/experiment_data_LMI-Cu-Ti-Shots_20250811_Al_F41.xlsx';1;'Mon Aug 11, 2025 at 14:54:17';'Mon Aug 11, 2025 at 14:54:17'
'experiment_data_LMI-Cu-Ti-Shots_20250811_Al_F41.xlsx';'SeeMoveShootData/experiment_data_LMI-Cu-Ti-Shots_20250811_Al_F41.xlsx';1;'Mon Aug 11, 2025 at 14:54:54';'Mon Aug 11, 2025 at 14:54:54'
'experiment_data_LMI-Cu-Ti-Shots_20250811_Al_F41.xlsx';'SeeMoveShootData/experiment_data_LMI-Cu-Ti-Shots_20250811_Al_F41.xlsx';1;'Mon Aug 11, 2025 at 14:55:41';'Mon Aug 11, 2025 at 14:55:41'
'experiment_data_LMI-Cu-Ti-Shots_20250811_Al_F41.xlsx';'SeeMoveShootData/experiment_data_LMI-Cu-Ti-Shots_20250811_Al_F41.xlsx';1;'Mon Aug 11, 2025 at 14:56:29';'Mon Aug 11, 2025 at 14:56:29'
'~$experiment_data_LMI-CuTi-Shots_20250811_Al_F419.xlsx';'SeeMoveShootData/~$experiment_data_LMI-CuTi-Shots_20250811_Al_F419.xlsx';1;'Mon Aug 11, 2025 at 14:58:54';'Mon Aug 11, 2025 at 14:58:54'
'~$experiment_data_LMI-CuTi-Shots_20250811_Al_F419.xlsx';'SeeMoveShootData/~$experiment_data_LMI-CuTi-Shots_20250811_Al_F419.xlsx';1;'Mon Aug 11, 2025 at 15:00:24';'Mon Aug 11, 2025 at 15:00:24'
'experiment_data_LMI-Al-Mg-Shots_20250811_Al_F420.xlsx';'SeeMoveShootData/experiment_data_LMI-Al-Mg-Shots_20250811_Al_F420.xlsx';1;'Mon Aug 11, 2025 at 15:20:33';'Mon Aug 11, 2025 at 15:20:33'
'experiment_data_LMI-Al-Mg-Shots_20250811_Al_F420.xlsx';'SeeMoveShootData/experiment_data_LMI-Al-Mg-Shots_20250811_Al_F420.xlsx';1;'Mon Aug 11, 2025 at 15:21:00';'Mon Aug 11, 2025 at 15:21:00'
'experiment_data_LMI-Al-Mg-Shots_20250811_Al_F420.xlsx';'SeeMoveShootData/experiment_data_LMI-Al-Mg-Shots_20250811_Al_F420.xlsx';1;'Mon Aug 11, 2025 at 15:21:48';'Mon Aug 11, 2025 at 15:21:48'
'experiment_data_LMI-Al-Mg-Shots_20250811_Al_F420.xlsx';'SeeMoveShootData/experiment_data_LMI-Al-Mg-Shots_20250811_Al_F420.xlsx';1;'Mon Aug 11, 2025 at 15:22:24';'Mon Aug 11, 2025 at 15:22:24'
'experiment_data_LMI-Al-Mg-Shots_20250811_Al_F420.xlsx';'SeeMoveShootData/experiment_data_LMI-Al-Mg-Shots_20250811_Al_F420.xlsx';1;'Mon Aug 11, 2025 at 15:23:10';'Mon Aug 11, 2025 at 15:23:10'
'experiment_data_LMI-Al-Mg-Shots_20250811_Al_F420.xlsx';'SeeMoveShootData/experiment_data_LMI-Al-Mg-Shots_20250811_Al_F420.xlsx';1;'Mon Aug 11, 2025 at 15:23:58';'Mon Aug 11, 2025 at 15:23:58'
'experiment_data_LMI-Al-Mg-Shots_20250811_Al_F420.xlsx';'SeeMoveShootData/experiment_data_LMI-Al-Mg-Shots_20250811_Al_F420.xlsx';1;'Mon Aug 11, 2025 at 15:24:45';'Mon Aug 11, 2025 at 15:24:45'
'experiment_data_LMI-Al-Mg-Shots_20250811_Al_F420.xlsx';'SeeMoveShootData/experiment_data_LMI-Al-Mg-Shots_20250811_Al_F420.xlsx';1;'Mon Aug 11, 2025 at 15:25:13';'Mon Aug 11, 2025 at 15:25:13'
'experiment_data_LMI-Al-Mg-Shots_20250811_Al_F420.xlsx';'SeeMoveShootData/experiment_data_LMI-Al-Mg-Shots_20250811_Al_F420.xlsx';1;'Mon Aug 11, 2025 at 15:26:00';'Mon Aug 11, 2025 at 15:26:00'
'experiment_data_LMI-Al-Mg-Shots_20250811_Al_F420.xlsx';'SeeMoveShootData/experiment_data_LMI-Al-Mg-Shots_20250811_Al_F420.xlsx';1;'Mon Aug 11, 2025 at 15:26:37';'Mon Aug 11, 2025 at 15:26:37'
'experiment_data_LMI-Al-Mg-Shots_20250811_Al_F420.xlsx';'SeeMoveShootData/experiment_data_LMI-Al-Mg-Shots_20250811_Al_F420.xlsx';1;'Mon Aug 11, 2025 at 15:27:13';'Mon Aug 11, 2025 at 15:27:13'
'experiment_data_LMI-Al-Mg-Shots_20250811_Al_F420.xlsx';'SeeMoveShootData/experiment_data_LMI-Al-Mg-Shots_20250811_Al_F420.xlsx';1;'Mon Aug 11, 2025 at 15:27:51';'Mon Aug 11, 2025 at 15:27:51'
'~$experiment_data_LMI-Al-Mg-Shots_20250811_Al_F420.xlsx';'SeeMoveShootData/~$experiment_data_LMI-Al-Mg-Shots_20250811_Al_F420.xlsx';1;'Mon Aug 11, 2025 at 15:29:44';'Mon Aug 11, 2025 at 15:29:44'
'experiment_data_LMI-Al-Mg-Shots_20250811_Al_F411.xlsx';'SeeMoveShootData/experiment_data_LMI-Al-Mg-Shots_20250811_Al_F411.xlsx';1;'Mon Aug 11, 2025 at 15:33:17';'Mon Aug 11, 2025 at 15:33:17'
'experiment_data_LMI-Cu-Ti-Shots_20250811_Al_F423.xlsx';'SeeMoveShootData/experiment_data_LMI-Cu-Ti-Shots_20250811_Al_F423.xlsx';1;'Mon Aug 11, 2025 at 15:54:45';'Mon Aug 11, 2025 at 15:54:45'
'experiment_data_LMI-Cu-Ti-Shots_20250811_Al_F423.xlsx';'SeeMoveShootData/experiment_data_LMI-Cu-Ti-Shots_20250811_Al_F423.xlsx';1;'Mon Aug 11, 2025 at 15:55:21';'Mon Aug 11, 2025 at 15:55:21'
'experiment_data_LMI-Cu-Ti-Shots_20250811_Al_F423.xlsx';'SeeMoveShootData/experiment_data_LMI-Cu-Ti-Shots_20250811_Al_F423.xlsx';1;'Mon Aug 11, 2025 at 15:55:58';'Mon Aug 11, 2025 at 15:55:58'
'experiment_data_LMI-Cu-Ti-Shots_20250811_Al_F423.xlsx';'SeeMoveShootData/experiment_data_LMI-Cu-Ti-Shots_20250811_Al_F423.xlsx';1;'Mon Aug 11, 2025 at 15:56:24';'Mon Aug 11, 2025 at 15:56:24'
'experiment_data_LMI-Cu-Ti-Shots_20250811_Al_F423.xlsx';'SeeMoveShootData/experiment_data_LMI-Cu-Ti-Shots_20250811_Al_F423.xlsx';1;'Mon Aug 11, 2025 at 15:57:08';'Mon Aug 11, 2025 at 15:57:08'
'experiment_data_LMI-Cu-Ti-Shots_20250811_Al_F423.xlsx';'SeeMoveShootData/experiment_data_LMI-Cu-Ti-Shots_20250811_Al_F423.xlsx';1;'Mon Aug 11, 2025 at 15:57:24';'Mon Aug 11, 2025 at 15:57:24'
'experiment_data_LMI-Cu-Ti-Shots_20250811_Al_F423.xlsx';'SeeMoveShootData/experiment_data_LMI-Cu-Ti-Shots_20250811_Al_F423.xlsx';1;'Mon Aug 11, 2025 at 15:58:12';'Mon Aug 11, 2025 at 15:58:12'
'experiment_data_LMI-Cu-Ti-Shots_20250811_Al_F423.xlsx';'SeeMoveShootData/experiment_data_LMI-Cu-Ti-Shots_20250811_Al_F423.xlsx';1;'Mon Aug 11, 2025 at 15:58:39';'Mon Aug 11, 2025 at 15:58:39'
'experiment_data_LMI-Cu-Ti-Shots_20250811_Al_F423.xlsx';'SeeMoveShootData/experiment_data_LMI-Cu-Ti-Shots_20250811_Al_F423.xlsx';1;'Mon Aug 11, 2025 at 15:59:05';'Mon Aug 11, 2025 at 15:59:05'
'experiment_data_LMI-Cu-Ti-Shots_20250811_Al_F423.xlsx';'SeeMoveShootData/experiment_data_LMI-Cu-Ti-Shots_20250811_Al_F423.xlsx';1;'Mon Aug 11, 2025 at 15:59:44';'Mon Aug 11, 2025 at 15:59:44'
'experiment_data_LMI-Cu-Ti-Shots_20250811_Al_F423.xlsx';'SeeMoveShootData/experiment_data_LMI-Cu-Ti-Shots_20250811_Al_F423.xlsx';1;'Mon Aug 11, 2025 at 16:00:00';'Mon Aug 11, 2025 at 16:00:00'
'experiment_data_LMI-Cu-Ti-Shots_20250811_Al_F423.xlsx';'SeeMoveShootData/experiment_data_LMI-Cu-Ti-Shots_20250811_Al_F423.xlsx';1;'Mon Aug 11, 2025 at 16:00:47';'Mon Aug 11, 2025 at 16:00:47'
'experiment_data_LMI-Cu-Ti-Shots_20250811_Al_F423.xlsx';'SeeMoveShootData/experiment_data_LMI-Cu-Ti-Shots_20250811_Al_F423.xlsx';1;'Mon Aug 11, 2025 at 16:01:52';'Mon Aug 11, 2025 at 16:01:52'
'Beam--20250811--00086-107.bmg';'Beam_Profiler/Beam--20250811--00086-107.bmg';705;'Mon Aug 11, 2025 at 16:03:54';'Mon Aug 11, 2025 at 16:03:57'
'experiment_data_LMI-Al-Mg-Shots_20250811_Al_FTestArjun.xlsx';'SeeMoveShootData/experiment_data_LMI-Al-Mg-Shots_20250811_Al_FTestArjun.xlsx';1;'Mon Aug 11, 2025 at 16:12:44';'Mon Aug 11, 2025 at 16:12:44'
'experiment_data_LMI-Al-Mg-Shots_20250811_Al_FTestArjun.xlsx';'SeeMoveShootData/experiment_data_LMI-Al-Mg-Shots_20250811_Al_FTestArjun.xlsx';1;'Mon Aug 11, 2025 at 16:12:58';'Mon Aug 11, 2025 at 16:12:58'
'experiment_data_LMI-Al-Mg-Shots_20250811_Al_FTestArjun.xlsx';'SeeMoveShootData/experiment_data_LMI-Al-Mg-Shots_20250811_Al_FTestArjun.xlsx';1;'Mon Aug 11, 2025 at 16:13:16';'Mon Aug 11, 2025 at 16:13:16'
'experiment_data_LMI-Al-Mg-Shots_20250811_Al_FTestArjun.xlsx';'SeeMoveShootData/experiment_data_LMI-Al-Mg-Shots_20250811_Al_FTestArjun.xlsx';1;'Mon Aug 11, 2025 at 16:13:34';'Mon Aug 11, 2025 at 16:13:34'
'experiment_data_LMI-Al-Mg-Shots_20250811_Al_FTestArjun.xlsx';'SeeMoveShootData/experiment_data_LMI-Al-Mg-Shots_20250811_Al_FTestArjun.xlsx';1;'Mon Aug 11, 2025 at 16:13:53';'Mon Aug 11, 2025 at 16:13:53'
'experiment_data_LMI-Al-Mg-Shots_20250811_Al_FTestArjun.xlsx';'SeeMoveShootData/experiment_data_LMI-Al-Mg-Shots_20250811_Al_FTestArjun.xlsx';1;'Mon Aug 11, 2025 at 16:14:03';'Mon Aug 11, 2025 at 16:14:03'
'experiment_data_LMI-Al-Mg-Shots_20250811_Al_FTestArjun.xlsx';'SeeMoveShootData/experiment_data_LMI-Al-Mg-Shots_20250811_Al_FTestArjun.xlsx';1;'Mon Aug 11, 2025 at 16:14:21';'Mon Aug 11, 2025 at 16:14:21'
'experiment_data_LMI-Al-Mg-Shots_20250811_Al_FTestArjun.xlsx';'SeeMoveShootData/experiment_data_LMI-Al-Mg-Shots_20250811_Al_FTestArjun.xlsx';1;'Mon Aug 11, 2025 at 16:14:35';'Mon Aug 11, 2025 at 16:14:35'
'experiment_data_LMI-Al-Mg-Shots_20250811_Al_FTestArjun.xlsx';'SeeMoveShootData/experiment_data_LMI-Al-Mg-Shots_20250811_Al_FTestArjun.xlsx';1;'Mon Aug 11, 2025 at 16:14:49';'Mon Aug 11, 2025 at 16:14:49'
'experiment_data_LMI-Al-Mg-Shots_20250811_Al_FTestArjun.xlsx';'SeeMoveShootData/experiment_data_LMI-Al-Mg-Shots_20250811_Al_FTestArjun.xlsx';1;'Mon Aug 11, 2025 at 16:15:03';'Mon Aug 11, 2025 at 16:15:03'
'experiment_data_LMI-Al-Mg-Shots_20250811_Al_FTestArjun.xlsx';'SeeMoveShootData/experiment_data_LMI-Al-Mg-Shots_20250811_Al_FTestArjun.xlsx';1;'Mon Aug 11, 2025 at 16:15:18';'Mon Aug 11, 2025 at 16:15:18'
'experiment_data_LMI_20250811_Al_F443.xlsx';'SeeMoveShootData/experiment_data_LMI_20250811_Al_F443.xlsx';1;'Mon Aug 11, 2025 at 16:37:09';'Mon Aug 11, 2025 at 16:37:09'
'experiment_data_LMI_20250811_Al_F443.xlsx';'SeeMoveShootData/experiment_data_LMI_20250811_Al_F443.xlsx';1;'Mon Aug 11, 2025 at 16:37:31';'Mon Aug 11, 2025 at 16:37:31'
'experiment_data_LMI_20250811_Al_F443.xlsx';'SeeMoveShootData/experiment_data_LMI_20250811_Al_F443.xlsx';1;'Mon Aug 11, 2025 at 16:37:51';'Mon Aug 11, 2025 at 16:37:51'
'experiment_data_LMI_20250811_Al_F443.xlsx';'SeeMoveShootData/experiment_data_LMI_20250811_Al_F443.xlsx';1;'Mon Aug 11, 2025 at 16:38:12';'Mon Aug 11, 2025 at 16:38:12'
'experiment_data_LMI_20250811_Al_F443.xlsx';'SeeMoveShootData/experiment_data_LMI_20250811_Al_F443.xlsx';1;'Mon Aug 11, 2025 at 16:38:34';'Mon Aug 11, 2025 at 16:38:34'
'experiment_data_LMI_20250811_Al_F443.xlsx';'SeeMoveShootData/experiment_data_LMI_20250811_Al_F443.xlsx';1;'Mon Aug 11, 2025 at 16:38:55';'Mon Aug 11, 2025 at 16:38:55'
'experiment_data_LMI_20250811_Al_F443.xlsx';'SeeMoveShootData/experiment_data_LMI_20250811_Al_F443.xlsx';1;'Mon Aug 11, 2025 at 16:39:46';'Mon Aug 11, 2025 at 16:39:46'
'experiment_data_LMI_20250811_Al_F443.xlsx';'SeeMoveShootData/experiment_data_LMI_20250811_Al_F443.xlsx';1;'Mon Aug 11, 2025 at 16:40:07';'Mon Aug 11, 2025 at 16:40:07'
'experiment_data_LMI_20250811_Al_F443.xlsx';'SeeMoveShootData/experiment_data_LMI_20250811_Al_F443.xlsx';1;'Mon Aug 11, 2025 at 16:40:33';'Mon Aug 11, 2025 at 16:40:33'
'experiment_data_LMI_20250811_Al_F443.xlsx';'SeeMoveShootData/experiment_data_LMI_20250811_Al_F443.xlsx';1;'Mon Aug 11, 2025 at 16:40:55';'Mon Aug 11, 2025 at 16:40:55'
'experiment_data_LMI_20250811_Al_F443.xlsx';'SeeMoveShootData/experiment_data_LMI_20250811_Al_F443.xlsx';1;'Mon Aug 11, 2025 at 16:41:16';'Mon Aug 11, 2025 at 16:41:16'
'~$experiment_data_LMI_20250811_Al_F443.xlsx';'SeeMoveShootData/~$experiment_data_LMI_20250811_Al_F443.xlsx';1;'Mon Aug 11, 2025 at 16:42:09';'Mon Aug 11, 2025 at 16:42:09'
'~$experiment_data_LMI_20250811_Al_F443.xlsx';'SeeMoveShootData/~$experiment_data_LMI_20250811_Al_F443.xlsx';1;'Mon Aug 11, 2025 at 16:50:10';'Mon Aug 11, 2025 at 16:50:10'
'experiment_data_LMI-Al-Mg-Shots_20250811_Al_FTest.xlsx';'SeeMoveShootData/experiment_data_LMI-Al-Mg-Shots_20250811_Al_FTest.xlsx';1;'Mon Aug 11, 2025 at 12:38:15';'Mon Aug 11, 2025 at 12:38:15'
'~$experiment_data_LMI-Al-Mg-Shots_20250811_Al_FTest.xlsx';'SeeMoveShootData/~$experiment_data_LMI-Al-Mg-Shots_20250811_Al_FTest.xlsx';1;'Mon Aug 11, 2025 at 12:38:46';'Mon Aug 11, 2025 at 12:38:46'
'~$experiment_data_Velocity_shot_trial_20250811_Al_Dummy.xlsx';'SeeMoveShootData/~$experiment_data_Velocity_shot_trial_20250811_Al_Dummy.xlsx';1;'Mon Aug 11, 2025 at 12:50:33';'Mon Aug 11, 2025 at 12:50:33'
'~$experiment_data_Velocity_shot_trial_20250811_Al_Dummy.xlsx';'SeeMoveShootData/~$experiment_data_Velocity_shot_trial_20250811_Al_Dummy.xlsx';1;'Mon Aug 11, 2025 at 12:52:25';'Mon Aug 11, 2025 at 12:52:25'
'experiment_data_Velocity_Shots_20250811_Al_F421.xlsx';'SeeMoveShootData/experiment_data_Velocity_Shots_20250811_Al_F421.xlsx';1;'Mon Aug 11, 2025 at 13:15:59';'Mon Aug 11, 2025 at 13:15:59'
'experiment_data_Velocity_Shots_20250811_Al_F421.xlsx';'SeeMoveShootData/experiment_data_Velocity_Shots_20250811_Al_F421.xlsx';1;'Mon Aug 11, 2025 at 13:16:20';'Mon Aug 11, 2025 at 13:16:20'
'experiment_data_Velocity_Shots_20250811_Al_F421.xlsx';'SeeMoveShootData/experiment_data_Velocity_Shots_20250811_Al_F421.xlsx';1;'Mon Aug 11, 2025 at 17:16:40';'Mon Aug 11, 2025 at 17:16:40'
'experiment_data_Velocity_Shots_20250811_Al_F421.xlsx';'SeeMoveShootData/experiment_data_Velocity_Shots_20250811_Al_F421.xlsx';1;'Mon Aug 11, 2025 at 13:17:04';'Mon Aug 11, 2025 at 13:17:04'
'experiment_data_Velocity_Shots_20250811_Al_F421.xlsx';'SeeMoveShootData/experiment_data_Velocity_Shots_20250811_Al_F421.xlsx';1;'Mon Aug 11, 2025 at 13:17:20';'Mon Aug 11, 2025 at 13:17:20'
'experiment_data_Velocity_Shots_20250811_Al_F421.xlsx';'SeeMoveShootData/experiment_data_Velocity_Shots_20250811_Al_F421.xlsx';1;'Mon Aug 11, 2025 at 13:17:46';'Mon Aug 11, 2025 at 13:17:46'
'experiment_data_Velocity_Shots_20250811_Al_F421.xlsx';'SeeMoveShootData/experiment_data_Velocity_Shots_20250811_Al_F421.xlsx';1;'Mon Aug 11, 2025 at 13:18:07';'Mon Aug 11, 2025 at 13:18:07'
'experiment_data_Velocity_Shots_20250811_Al_F421.xlsx';'SeeMoveShootData/experiment_data_Velocity_Shots_20250811_Al_F421.xlsx';1;'Mon Aug 11, 2025 at 13:18:26';'Mon Aug 11, 2025 at 13:18:26'
'experiment_data_Velocity_Shots_20250811_Al_F421.xlsx';'SeeMoveShootData/experiment_data_Velocity_Shots_20250811_Al_F421.xlsx';1;'Mon Aug 11, 2025 at 13:18:50';'Mon Aug 11, 2025 at 13:18:50'
'experiment_data_Velocity_Shots_20250811_Al_F421.xlsx';'SeeMoveShootData/experiment_data_Velocity_Shots_20250811_Al_F421.xlsx';1;'Mon Aug 11, 2025 at 13:19:09';'Mon Aug 11, 2025 at 13:19:09'
'experiment_data_Velocity_Shots_20250811_Al_F421.xlsx';'SeeMoveShootData/experiment_data_Velocity_Shots_20250811_Al_F421.xlsx';1;'Mon Aug 11, 2025 at 13:19:32';'Mon Aug 11, 2025 at 13:19:32'
'experiment_data_Velocity_Shots_20250811_Al_F421.xlsx';'SeeMoveShootData/experiment_data_Velocity_Shots_20250811_Al_F421.xlsx';1;'Mon Aug 11, 2025 at 13:19:54';'Mon Aug 11, 2025 at 13:19:54'
'experiment_data_Velocity_Shots_20250811_Al_F421.xlsx';'SeeMoveShootData/experiment_data_Velocity_Shots_20250811_Al_F421.xlsx';1;'Mon Aug 11, 2025 at 13:20:14';'Mon Aug 11, 2025 at 13:20:14'
'Beam--20250811--00001-25.bmg';'Beam_Profiler/Beam--20250811--00001-25.bmg';801;'Mon Aug 11, 2025 at 13:38:53';'Mon Aug 11, 2025 at 13:38:57'
'experiment_data_LMI-CuTi-Shots_20250811_Al_F419.xlsx';'SeeMoveShootData/experiment_data_LMI-CuTi-Shots_20250811_Al_F419.xlsx';1;'Mon Aug 11, 2025 at 13:41:19';'Mon Aug 11, 2025 at 13:41:19'
'experiment_data_LMI-CuTi-Shots_20250811_Al_F419.xlsx';'SeeMoveShootData/experiment_data_LMI-CuTi-Shots_20250811_Al_F419.xlsx';1;'Mon Aug 11, 2025 at 13:42:16';'Mon Aug 11, 2025 at 13:42:16'
'experiment_data_LMI-CuTi-Shots_20250811_Al_F419.xlsx';'SeeMoveShootData/experiment_data_LMI-CuTi-Shots_20250811_Al_F419.xlsx';1;'Mon Aug 11, 2025 at 13:43:11';'Mon Aug 11, 2025 at 13:43:11'
'experiment_data_LMI-CuTi-Shots_20250811_Al_F419.xlsx';'SeeMoveShootData/experiment_data_LMI-CuTi-Shots_20250811_Al_F419.xlsx';1;'Mon Aug 11, 2025 at 13:43:49';'Mon Aug 11, 2025 at 13:43:49'
'experiment_data_LMI-CuTi-Shots_20250811_Al_F419.xlsx';'SeeMoveShootData/experiment_data_LMI-CuTi-Shots_20250811_Al_F419.xlsx';1;'Mon Aug 11, 2025 at 13:44:31';'Mon Aug 11, 2025 at 13:44:31'
'experiment_data_LMI-CuTi-Shots_20250811_Al_F419.xlsx';'SeeMoveShootData/experiment_data_LMI-CuTi-Shots_20250811_Al_F419.xlsx';1;'Mon Aug 11, 2025 at 13:45:09';'Mon Aug 11, 2025 at 13:45:09'
'experiment_data_LMI-CuTi-Shots_20250811_Al_F419.xlsx';'SeeMoveShootData/experiment_data_LMI-CuTi-Shots_20250811_Al_F419.xlsx';1;'Mon Aug 11, 2025 at 13:45:47';'Mon Aug 11, 2025 at 13:45:47'
'experiment_data_LMI-CuTi-Shots_20250811_Al_F419.xlsx';'SeeMoveShootData/experiment_data_LMI-CuTi-Shots_20250811_Al_F419.xlsx';1;'Mon Aug 11, 2025 at 13:46:45';'Mon Aug 11, 2025 at 13:46:45'
'experiment_data_LMI-CuTi-Shots_20250811_Al_F419.xlsx';'SeeMoveShootData/experiment_data_LMI-CuTi-Shots_20250811_Al_F419.xlsx';1;'Mon Aug 11, 2025 at 13:47:43';'Mon Aug 11, 2025 at 13:47:43'
'experiment_data_LMI-CuTi-Shots_20250811_Al_F419.xlsx';'SeeMoveShootData/experiment_data_LMI-CuTi-Shots_20250811_Al_F419.xlsx';1;'Mon Aug 11, 2025 at 13:48:38';'Mon Aug 11, 2025 at 13:48:38'
'experiment_data_LMI-CuTi-Shots_20250811_Al_F419.xlsx';'SeeMoveShootData/experiment_data_LMI-CuTi-Shots_20250811_Al_F419.xlsx';1;'Mon Aug 11, 2025 at 17:49:16';'Mon Aug 11, 2025 at 17:49:16'
'experiment_data_LMI-CuTi-Shots_20250811_Al_F419.xlsx';'SeeMoveShootData/experiment_data_LMI-CuTi-Shots_20250811_Al_F419.xlsx';1;'Mon Aug 11, 2025 at 13:50:07';'Mon Aug 11, 2025 at 13:50:07'
'experiment_data_LMI-Al-Mg-Shots_20250811_Al_F410.xlsx';'SeeMoveShootData/experiment_data_LMI-Al-Mg-Shots_20250811_Al_F410.xlsx';1;'Mon Aug 11, 2025 at 13:59:20';'Mon Aug 11, 2025 at 13:59:20'
'experiment_data_LMI-Al-Mg-Shots_20250811_Al_F410.xlsx';'SeeMoveShootData/experiment_data_LMI-Al-Mg-Shots_20250811_Al_F410.xlsx';1;'Mon Aug 11, 2025 at 14:01:41';'Mon Aug 11, 2025 at 14:01:41'
'experiment_data_LMI-Al-Mg-Shots_20250811_Al_F410.xlsx';'SeeMoveShootData/experiment_data_LMI-Al-Mg-Shots_20250811_Al_F410.xlsx';1;'Mon Aug 11, 2025 at 14:02:17';'Mon Aug 11, 2025 at 14:02:17'
'experiment_data_LMI-Al-Mg-Shots_20250811_Al_F410.xlsx';'SeeMoveShootData/experiment_data_LMI-Al-Mg-Shots_20250811_Al_F410.xlsx';1;'Mon Aug 11, 2025 at 14:02:58';'Mon Aug 11, 2025 at 14:02:58'
'experiment_data_LMI-Al-Mg-Shots_20250811_Al_F410.xlsx';'SeeMoveShootData/experiment_data_LMI-Al-Mg-Shots_20250811_Al_F410.xlsx';1;'Mon Aug 11, 2025 at 14:03:38';'Mon Aug 11, 2025 at 14:03:38'
'experiment_data_LMI-Al-Mg-Shots_20250811_Al_F410.xlsx';'SeeMoveShootData/experiment_data_LMI-Al-Mg-Shots_20250811_Al_F410.xlsx';1;'Mon Aug 11, 2025 at 14:04:15';'Mon Aug 11, 2025 at 14:04:15'
'experiment_data_LMI-Al-Mg-Shots_20250811_Al_F410.xlsx';'SeeMoveShootData/experiment_data_LMI-Al-Mg-Shots_20250811_Al_F410.xlsx';1;'Mon Aug 11, 2025 at 14:04:53';'Mon Aug 11, 2025 at 14:04:53'
'experiment_data_LMI-Al-Mg-Shots_20250811_Al_F410.xlsx';'SeeMoveShootData/experiment_data_LMI-Al-Mg-Shots_20250811_Al_F410.xlsx';1;'Mon Aug 11, 2025 at 14:05:29';'Mon Aug 11, 2025 at 14:05:29'
'experiment_data_LMI-Al-Mg-Shots_20250811_Al_F410.xlsx';'SeeMoveShootData/experiment_data_LMI-Al-Mg-Shots_20250811_Al_F410.xlsx';1;'Mon Aug 11, 2025 at 18:06:06';'Mon Aug 11, 2025 at 18:06:06'
'experiment_data_LMI-Al-Mg-Shots_20250811_Al_F410.xlsx';'SeeMoveShootData/experiment_data_LMI-Al-Mg-Shots_20250811_Al_F410.xlsx';1;'Mon Aug 11, 2025 at 14:06:42';'Mon Aug 11, 2025 at 14:06:42'
'experiment_data_LMI-Al-Mg-Shots_20250811_Al_F410.xlsx';'SeeMoveShootData/experiment_data_LMI-Al-Mg-Shots_20250811_Al_F410.xlsx';1;'Mon Aug 11, 2025 at 14:07:30';'Mon Aug 11, 2025 at 14:07:30'
'experiment_data_LMI-Al-Mg-Shots_20250811_Al_F410.xlsx';'SeeMoveShootData/experiment_data_LMI-Al-Mg-Shots_20250811_Al_F410.xlsx';1;'Mon Aug 11, 2025 at 14:08:08';'Mon Aug 11, 2025 at 14:08:08'
'experiment_data_LMI-Al-Mg-Shots_20250811_Al_F410.xlsx';'SeeMoveShootData/experiment_data_LMI-Al-Mg-Shots_20250811_Al_F410.xlsx';1;'Mon Aug 11, 2025 at 14:08:45';'Mon Aug 11, 2025 at 14:08:45'
'experiment_data_LMI-Al-Mg-Shots_20250811_Al_F410.xlsx';'SeeMoveShootData/experiment_data_LMI-Al-Mg-Shots_20250811_Al_F410.xlsx';1;'Mon Aug 11, 2025 at 14:33:28';'Mon Aug 11, 2025 at 14:33:28'
'Beam--20250827--00050.bmg';'Beam_Profiler/Beam--20250827--00050.bmg';801;'Mon Aug 11, 2025 at 14:33:54';'Mon Aug 11, 2025 at 14:33:59'
'experiment_data_LMI-Cu-Ti-Shots_20250811_Al_F41.xlsx';'SeeMoveShootData/experiment_data_LMI-Cu-Ti-Shots_20250811_Al_F41.xlsx';1;'Mon Aug 11, 2025 at 14:48:22';'Mon Aug 11, 2025 at 14:48:22'
'experiment_data_LMI-Cu-Ti-Shots_20250811_Al_F41.xlsx';'SeeMoveShootData/experiment_data_LMI-Cu-Ti-Shots_20250811_Al_F41.xlsx';1;'Mon Aug 11, 2025 at 14:49:12';'Mon Aug 11, 2025 at 14:49:12'
'experiment_data_LMI-Cu-Ti-Shots_20250811_Al_F41.xlsx';'SeeMoveShootData/experiment_data_LMI-Cu-Ti-Shots_20250811_Al_F41.xlsx';1;'Mon Aug 11, 2025 at 14:50:05';'Mon Aug 11, 2025 at 14:50:05'
'experiment_data_LMI-Cu-Ti-Shots_20250811_Al_F41.xlsx';'SeeMoveShootData/experiment_data_LMI-Cu-Ti-Shots_20250811_Al_F41.xlsx';1;'Mon Aug 11, 2025 at 14:51:03';'Mon Aug 11, 2025 at 14:51:03'
'experiment_data_LMI-Cu-Ti-Shots_20250811_Al_F41.xlsx';'SeeMoveShootData/experiment_data_LMI-Cu-Ti-Shots_20250811_Al_F41.xlsx';1;'Mon Aug 11, 2025 at 14:52:01';'Mon Aug 11, 2025 at 14:52:01'
'experiment_data_LMI-Cu-Ti-Shots_20250811_Al_F41.xlsx';'SeeMoveShootData/experiment_data_LMI-Cu-Ti-Shots_20250811_Al_F41.xlsx';1;'Mon Aug 11, 2025 at 14:52:37';'Mon Aug 11, 2025 at 14:52:37'
'experiment_data_LMI-Cu-Ti-Shots_20250811_Al_F41.xlsx';'SeeMoveShootData/experiment_data_LMI-Cu-Ti-Shots_20250811_Al_F41.xlsx';1;'Mon Aug 11, 2025 at 14:53:14';'Mon Aug 11, 2025 at 14:53:14'
'experiment_data_LMI-Cu-Ti-Shots_20250811_Al_F41.xlsx';'SeeMoveShootData/experiment_data_LMI-Cu-Ti-Shots_20250811_Al_F41.xlsx';1;'Mon Aug 11, 2025 at 14:53:58';'Mon Aug 11, 2025 at 14:53:58'
'experiment_data_LMI-Cu-Ti-Shots_20250811_Al_F41.xlsx';'SeeMoveShootData/experiment_data_LMI-Cu-Ti-Shots_20250811_Al_F41.xlsx';1;'Mon Aug 11, 2025 at 14:54:35';'Mon Aug 11, 2025 at 14:54:35'
'experiment_data_LMI-Cu-Ti-Shots_20250811_Al_F41.xlsx';'SeeMoveShootData/experiment_data_LMI-Cu-Ti-Shots_20250811_Al_F41.xlsx';1;'Mon Aug 11, 2025 at 14:55:24';'Mon Aug 11, 2025 at 14:55:24'
'experiment_data_LMI-Cu-Ti-Shots_20250811_Al_F41.xlsx';'SeeMoveShootData/experiment_data_LMI-Cu-Ti-Shots_20250811_Al_F41.xlsx';1;'Mon Aug 11, 2025 at 14:56:11';'Mon Aug 11, 2025 at 14:56:11'
'experiment_data_LMI-Cu-Ti-Shots_20250811_Al_F41.xlsx';'SeeMoveShootData/experiment_data_LMI-Cu-Ti-Shots_20250811_Al_F41.xlsx';1;'Mon Aug 11, 2025 at 14:56:48';'Mon Aug 11, 2025 at 14:56:48'
'~$experiment_data_LMI-Cu-Ti-Shots_20250811_Al_F41.xlsx';'SeeMoveShootData/~$experiment_data_LMI-Cu-Ti-Shots_20250811_Al_F41.xlsx';1;'Mon Aug 11, 2025 at 14:59:23';'Mon Aug 11, 2025 at 14:59:23'
'BP_C1--20250825-00051-65.bmg';'Beam_Profiler/BP_C1--20250825-00051-65.bmg';481;'Mon Aug 11, 2025 at 14:59:56';'Mon Aug 11, 2025 at 14:59:58'
'experiment_data_LMI-Cu-Ti-Shots_20250811_Al_F419.xlsx';'SeeMoveShootData/experiment_data_LMI-Cu-Ti-Shots_20250811_Al_F419.xlsx';1;'Mon Aug 11, 2025 at 15:00:52';'Mon Aug 11, 2025 at 15:00:52'
'experiment_data_LMI-Al-Mg-Shots_20250811_Al_F420.xlsx';'SeeMoveShootData/experiment_data_LMI-Al-Mg-Shots_20250811_Al_F420.xlsx';1;'Mon Aug 11, 2025 at 15:20:41';'Mon Aug 11, 2025 at 15:20:41'
'experiment_data_LMI-Al-Mg-Shots_20250811_Al_F420.xlsx';'SeeMoveShootData/experiment_data_LMI-Al-Mg-Shots_20250811_Al_F420.xlsx';1;'Mon Aug 11, 2025 at 15:21:18';'Mon Aug 11, 2025 at 15:21:18'
'experiment_data_LMI-Al-Mg-Shots_20250811_Al_F420.xlsx';'SeeMoveShootData/experiment_data_LMI-Al-Mg-Shots_20250811_Al_F420.xlsx';1;'Mon Aug 11, 2025 at 15:22:06';'Mon Aug 11, 2025 at 15:22:06'
'experiment_data_LMI-Al-Mg-Shots_20250811_Al_F420.xlsx';'SeeMoveShootData/experiment_data_LMI-Al-Mg-Shots_20250811_Al_F420.xlsx';1;'Mon Aug 11, 2025 at 15:22:53';'Mon Aug 11, 2025 at 15:22:53'
'experiment_data_LMI-Al-Mg-Shots_20250811_Al_F420.xlsx';'SeeMoveShootData/experiment_data_LMI-Al-Mg-Shots_20250811_Al_F420.xlsx';1;'Mon Aug 11, 2025 at 15:23:39';'Mon Aug 11, 2025 at 15:23:39'
'experiment_data_LMI-Al-Mg-Shots_20250811_Al_F420.xlsx';'SeeMoveShootData/experiment_data_LMI-Al-Mg-Shots_20250811_Al_F420.xlsx';1;'Mon Aug 11, 2025 at 15:24:27';'Mon Aug 11, 2025 at 15:24:27'
'experiment_data_LMI-Al-Mg-Shots_20250811_Al_F420.xlsx';'SeeMoveShootData/experiment_data_LMI-Al-Mg-Shots_20250811_Al_F420.xlsx';1;'Mon Aug 11, 2025 at 15:24:53';'Mon Aug 11, 2025 at 15:24:53'
'experiment_data_LMI-Al-Mg-Shots_20250811_Al_F420.xlsx';'SeeMoveShootData/experiment_data_LMI-Al-Mg-Shots_20250811_Al_F420.xlsx';1;'Mon Aug 11, 2025 at 15:25:31';'Mon Aug 11, 2025 at 15:25:31'
'experiment_data_LMI-Al-Mg-Shots_20250811_Al_F420.xlsx';'SeeMoveShootData/experiment_data_LMI-Al-Mg-Shots_20250811_Al_F420.xlsx';1;'Mon Aug 11, 2025 at 15:26:18';'Mon Aug 11, 2025 at 15:26:18'
'experiment_data_LMI-Al-Mg-Shots_20250811_Al_F420.xlsx';'SeeMoveShootData/experiment_data_LMI-Al-Mg-Shots_20250811_Al_F420.xlsx';1;'Mon Aug 11, 2025 at 15:26:55';'Mon Aug 11, 2025 at 15:26:55'
'experiment_data_LMI-Al-Mg-Shots_20250811_Al_F420.xlsx';'SeeMoveShootData/experiment_data_LMI-Al-Mg-Shots_20250811_Al_F420.xlsx';1;'Mon Aug 11, 2025 at 15:27:32';'Mon Aug 11, 2025 at 15:27:32'
'~$experiment_data_LMI-Al-Mg-Shots_20250811_Al_F420.xlsx';'SeeMoveShootData/~$experiment_data_LMI-Al-Mg-Shots_20250811_Al_F420.xlsx';1;'Mon Aug 11, 2025 at 15:29:27';'Mon Aug 11, 2025 at 15:29:27'
'Beam--20250811--00066-85.bmg';'Beam_Profiler/Beam--20250811--00066-85.bmg';641;'Mon Aug 11, 2025 at 15:30:20';'Mon Aug 11, 2025 at 15:30:23'
'experiment_data_LMI-Al-Mg-Shots_20250811_Al_F420.xlsx';'SeeMoveShootData/experiment_data_LMI-Al-Mg-Shots_20250811_Al_F420.xlsx';1;'Mon Aug 11, 2025 at 15:33:10';'Mon Aug 11, 2025 at 15:33:10'
'~$experiment_data_LMI-Al-Mg-Shots_20250811_Al_F411.xlsx';'SeeMoveShootData/~$experiment_data_LMI-Al-Mg-Shots_20250811_Al_F411.xlsx';1;'Mon Aug 11, 2025 at 15:50:19';'Mon Aug 11, 2025 at 15:50:19'
'experiment_data_LMI-Cu-Ti-Shots_20250811_Al_F423.xlsx';'SeeMoveShootData/experiment_data_LMI-Cu-Ti-Shots_20250811_Al_F423.xlsx';1;'Mon Aug 11, 2025 at 15:55:02';'Mon Aug 11, 2025 at 15:55:02'
'experiment_data_LMI-Cu-Ti-Shots_20250811_Al_F423.xlsx';'SeeMoveShootData/experiment_data_LMI-Cu-Ti-Shots_20250811_Al_F423.xlsx';1;'Mon Aug 11, 2025 at 15:55:39';'Mon Aug 11, 2025 at 15:55:39'
'experiment_data_LMI-Cu-Ti-Shots_20250811_Al_F423.xlsx';'SeeMoveShootData/experiment_data_LMI-Cu-Ti-Shots_20250811_Al_F423.xlsx';1;'Mon Aug 11, 2025 at 15:56:17';'Mon Aug 11, 2025 at 15:56:17'
'experiment_data_LMI-Cu-Ti-Shots_20250811_Al_F423.xlsx';'SeeMoveShootData/experiment_data_LMI-Cu-Ti-Shots_20250811_Al_F423.xlsx';1;'Mon Aug 11, 2025 at 15:56:43';'Mon Aug 11, 2025 at 15:56:43'
'experiment_data_LMI-Cu-Ti-Shots_20250811_Al_F423.xlsx';'SeeMoveShootData/experiment_data_LMI-Cu-Ti-Shots_20250811_Al_F423.xlsx';1;'Mon Aug 11, 2025 at 15:57:15';'Mon Aug 11, 2025 at 15:57:15'
'experiment_data_LMI-Cu-Ti-Shots_20250811_Al_F423.xlsx';'SeeMoveShootData/experiment_data_LMI-Cu-Ti-Shots_20250811_Al_F423.xlsx';1;'Mon Aug 11, 2025 at 15:57:52';'Mon Aug 11, 2025 at 15:57:52'
'experiment_data_LMI-Cu-Ti-Shots_20250811_Al_F423.xlsx';'SeeMoveShootData/experiment_data_LMI-Cu-Ti-Shots_20250811_Al_F423.xlsx';1;'Mon Aug 11, 2025 at 15:58:20';'Mon Aug 11, 2025 at 15:58:20'
'experiment_data_LMI-Cu-Ti-Shots_20250811_Al_F423.xlsx';'SeeMoveShootData/experiment_data_LMI-Cu-Ti-Shots_20250811_Al_F423.xlsx';1;'Mon Aug 11, 2025 at 15:58:47';'Mon Aug 11, 2025 at 15:58:47'
'experiment_data_LMI-Cu-Ti-Shots_20250811_Al_F423.xlsx';'SeeMoveShootData/experiment_data_LMI-Cu-Ti-Shots_20250811_Al_F423.xlsx';1;'Mon Aug 11, 2025 at 15:59:25';'Mon Aug 11, 2025 at 15:59:25'
'experiment_data_LMI-Cu-Ti-Shots_20250811_Al_F423.xlsx';'SeeMoveShootData/experiment_data_LMI-Cu-Ti-Shots_20250811_Al_F423.xlsx';1;'Mon Aug 11, 2025 at 15:59:52';'Mon Aug 11, 2025 at 15:59:52'
'experiment_data_LMI-Cu-Ti-Shots_20250811_Al_F423.xlsx';'SeeMoveShootData/experiment_data_LMI-Cu-Ti-Shots_20250811_Al_F423.xlsx';1;'Mon Aug 11, 2025 at 16:00:28';'Mon Aug 11, 2025 at 16:00:28'
'experiment_data_LMI-Cu-Ti-Shots_20250811_Al_F423.xlsx';'SeeMoveShootData/experiment_data_LMI-Cu-Ti-Shots_20250811_Al_F423.xlsx';1;'Mon Aug 11, 2025 at 16:01:23';'Mon Aug 11, 2025 at 16:01:23'
'~$experiment_data_LMI-Cu-Ti-Shots_20250811_Al_F423.xlsx';'SeeMoveShootData/~$experiment_data_LMI-Cu-Ti-Shots_20250811_Al_F423.xlsx';1;'Mon Aug 11, 2025 at 16:03:28';'Mon Aug 11, 2025 at 16:03:28'
'experiment_data_LMI-Al-Mg-Shots_20250811_Al_FTestArjun.xlsx';'SeeMoveShootData/experiment_data_LMI-Al-Mg-Shots_20250811_Al_FTestArjun.xlsx';1;'Mon Aug 11, 2025 at 16:12:38';'Mon Aug 11, 2025 at 16:12:38'
'experiment_data_LMI-Al-Mg-Shots_20250811_Al_FTestArjun.xlsx';'SeeMoveShootData/experiment_data_LMI-Al-Mg-Shots_20250811_Al_FTestArjun.xlsx';1;'Mon Aug 11, 2025 at 16:12:49';'Mon Aug 11, 2025 at 16:12:49'
'experiment_data_LMI-Al-Mg-Shots_20250811_Al_FTestArjun.xlsx';'SeeMoveShootData/experiment_data_LMI-Al-Mg-Shots_20250811_Al_FTestArjun.xlsx';1;'Mon Aug 11, 2025 at 16:13:07';'Mon Aug 11, 2025 at 16:13:07'
'experiment_data_LMI-Al-Mg-Shots_20250811_Al_FTestArjun.xlsx';'SeeMoveShootData/experiment_data_LMI-Al-Mg-Shots_20250811_Al_FTestArjun.xlsx';1;'Mon Aug 11, 2025 at 16:13:26';'Mon Aug 11, 2025 at 16:13:26'
'experiment_data_LMI-Al-Mg-Shots_20250811_Al_FTestArjun.xlsx';'SeeMoveShootData/experiment_data_LMI-Al-Mg-Shots_20250811_Al_FTestArjun.xlsx';1;'Mon Aug 11, 2025 at 16:13:43';'Mon Aug 11, 2025 at 16:13:43'
'experiment_data_LMI-Al-Mg-Shots_20250811_Al_FTestArjun.xlsx';'SeeMoveShootData/experiment_data_LMI-Al-Mg-Shots_20250811_Al_FTestArjun.xlsx';1;'Mon Aug 11, 2025 at 16:13:58';'Mon Aug 11, 2025 at 16:13:58'
'experiment_data_LMI-Al-Mg-Shots_20250811_Al_FTestArjun.xlsx';'SeeMoveShootData/experiment_data_LMI-Al-Mg-Shots_20250811_Al_FTestArjun.xlsx';1;'Mon Aug 11, 2025 at 16:14:11';'Mon Aug 11, 2025 at 16:14:11'
'experiment_data_LMI-Al-Mg-Shots_20250811_Al_FTestArjun.xlsx';'SeeMoveShootData/experiment_data_LMI-Al-Mg-Shots_20250811_Al_FTestArjun.xlsx';1;'Mon Aug 11, 2025 at 16:14:25';'Mon Aug 11, 2025 at 16:14:25'
'experiment_data_LMI-Al-Mg-Shots_20250811_Al_FTestArjun.xlsx';'SeeMoveShootData/experiment_data_LMI-Al-Mg-Shots_20250811_Al_FTestArjun.xlsx';1;'Mon Aug 11, 2025 at 16:14:40';'Mon Aug 11, 2025 at 16:14:40'
'experiment_data_LMI-Al-Mg-Shots_20250811_Al_FTestArjun.xlsx';'SeeMoveShootData/experiment_data_LMI-Al-Mg-Shots_20250811_Al_FTestArjun.xlsx';1;'Mon Aug 11, 2025 at 16:14:54';'Mon Aug 11, 2025 at 16:14:54'
'experiment_data_LMI-Al-Mg-Shots_20250811_Al_FTestArjun.xlsx';'SeeMoveShootData/experiment_data_LMI-Al-Mg-Shots_20250811_Al_FTestArjun.xlsx';1;'Mon Aug 11, 2025 at 16:15:08';'Mon Aug 11, 2025 at 16:15:08'
'experiment_data_LMI-Al-Mg-Shots_20250811_Al_FTestArjun.xlsx';'SeeMoveShootData/experiment_data_LMI-Al-Mg-Shots_20250811_Al_FTestArjun.xlsx';1;'Mon Aug 11, 2025 at 16:15:27';'Mon Aug 11, 2025 at 16:15:27'
'experiment_data_LMI_20250811_Al_F443.xlsx';'SeeMoveShootData/experiment_data_LMI_20250811_Al_F443.xlsx';1;'Mon Aug 11, 2025 at 16:37:18';'Mon Aug 11, 2025 at 16:37:18'
'experiment_data_LMI_20250811_Al_F443.xlsx';'SeeMoveShootData/experiment_data_LMI_20250811_Al_F443.xlsx';1;'Mon Aug 11, 2025 at 16:37:41';'Mon Aug 11, 2025 at 16:37:41'
'experiment_data_LMI_20250811_Al_F443.xlsx';'SeeMoveShootData/experiment_data_LMI_20250811_Al_F443.xlsx';1;'Mon Aug 11, 2025 at 16:38:02';'Mon Aug 11, 2025 at 16:38:02'
'experiment_data_LMI_20250811_Al_F443.xlsx';'SeeMoveShootData/experiment_data_LMI_20250811_Al_F443.xlsx';1;'Mon Aug 11, 2025 at 16:38:24';'Mon Aug 11, 2025 at 16:38:24'
'experiment_data_LMI_20250811_Al_F443.xlsx';'SeeMoveShootData/experiment_data_LMI_20250811_Al_F443.xlsx';1;'Mon Aug 11, 2025 at 16:38:45';'Mon Aug 11, 2025 at 16:38:45'
'experiment_data_LMI_20250811_Al_F443.xlsx';'SeeMoveShootData/experiment_data_LMI_20250811_Al_F443.xlsx';1;'Mon Aug 11, 2025 at 16:39:34';'Mon Aug 11, 2025 at 16:39:34'
'experiment_data_LMI_20250811_Al_F443.xlsx';'SeeMoveShootData/experiment_data_LMI_20250811_Al_F443.xlsx';1;'Mon Aug 11, 2025 at 16:39:57';'Mon Aug 11, 2025 at 16:39:57'
'experiment_data_LMI_20250811_Al_F443.xlsx';'SeeMoveShootData/experiment_data_LMI_20250811_Al_F443.xlsx';1;'Mon Aug 11, 2025 at 16:40:17';'Mon Aug 11, 2025 at 16:40:17'
'experiment_data_LMI_20250811_Al_F443.xlsx';'SeeMoveShootData/experiment_data_LMI_20250811_Al_F443.xlsx';1;'Mon Aug 11, 2025 at 16:40:45';'Mon Aug 11, 2025 at 16:40:45'
'experiment_data_LMI_20250811_Al_F443.xlsx';'SeeMoveShootData/experiment_data_LMI_20250811_Al_F443.xlsx';1;'Mon Aug 11, 2025 at 16:41:05';'Mon Aug 11, 2025 at 16:41:05'
'experiment_data_LMI_20250811_Al_F443.xlsx';'SeeMoveShootData/experiment_data_LMI_20250811_Al_F443.xlsx';1;'Mon Aug 11, 2025 at 16:41:26';'Mon Aug 11, 2025 at 16:41:26'
'experiment_data_LMI-Cu-Ti-Shots_20250811_Al_F411.xlsx';'SeeMoveShootData/experiment_data_LMI-Cu-Ti-Shots_20250811_Al_F411.xlsx';1;'Mon Aug 11, 2025 at 16:45:02';'Mon Aug 11, 2025 at 16:45:02'
'~$experiment_data_LMI_20250811_Al_F443.xlsx';'SeeMoveShootData/~$experiment_data_LMI_20250811_Al_F443.xlsx';1;'Mon Aug 11, 2025 at 17:05:38';'Mon Aug 11, 2025 at 17:05:38'
'foo.xlsx';'SeeMoveShootData/foo.xlsx';1;'Tue Aug 12, 2025 at 00:46:09';'Tue Aug 12, 2025 at 00:46:09'
'Beam--20250811--00108-129.bmg';'Beam_Profiler/Beam--20250811--00108-129.bmg';705;'Mon Aug 11, 2025 at 17:14:01';'Mon Aug 11, 2025 at 17:42:57'
'test.bmg';'Beam_Profiler/test.bmg';481;'Tue Aug 19, 2025 at 08:12:17';'Tue Aug 19, 2025 at 08:12:19'
'experiment_data_Velocity_20250819_Al_CandleCarbon1.xlsx';'SeeMoveShootData/experiment_data_Velocity_20250819_Al_CandleCarbon1.xlsx';1;'Tue Aug 19, 2025 at 18:19:35';'Tue Aug 19, 2025 at 18:19:35'
'experiment_data_Velocity_20250819_Al_CandleCarbon1.xlsx';'SeeMoveShootData/experiment_data_Velocity_20250819_Al_CandleCarbon1.xlsx';1;'Tue Aug 19, 2025 at 14:19:49';'Tue Aug 19, 2025 at 14:19:49'
'experiment_data_Velocity_20250819_Al_CandleCarbon1.xlsx';'SeeMoveShootData/experiment_data_Velocity_20250819_Al_CandleCarbon1.xlsx';1;'Tue Aug 19, 2025 at 14:48:26';'Tue Aug 19, 2025 at 14:48:26'
'experiment_data_Velocity_20250819_Al_CandleCarbon1.xlsx';'SeeMoveShootData/experiment_data_Velocity_20250819_Al_CandleCarbon1.xlsx';1;'Tue Aug 19, 2025 at 15:16:16';'Tue Aug 19, 2025 at 15:16:16'
'experiment_data_Velocity_20250819_Al_CandleCarbon1.xlsx';'SeeMoveShootData/experiment_data_Velocity_20250819_Al_CandleCarbon1.xlsx';1;'Tue Aug 19, 2025 at 15:16:29';'Tue Aug 19, 2025 at 15:16:29'
'experiment_data_Velocity_20250819_Al_CandleCarbon1.xlsx';'SeeMoveShootData/experiment_data_Velocity_20250819_Al_CandleCarbon1.xlsx';1;'Tue Aug 19, 2025 at 15:41:14';'Tue Aug 19, 2025 at 15:41:14'
'experiment_data_Velocity_20250819_Al_CandleCarbon1.xlsx';'SeeMoveShootData/experiment_data_Velocity_20250819_Al_CandleCarbon1.xlsx';1;'Tue Aug 19, 2025 at 15:41:29';'Tue Aug 19, 2025 at 15:41:29'
'experiment_data_Velocity_20250819_Al_CandleCarbon1.xlsx';'SeeMoveShootData/experiment_data_Velocity_20250819_Al_CandleCarbon1.xlsx';1;'Tue Aug 19, 2025 at 19:42:07';'Tue Aug 19, 2025 at 19:42:07'
'experiment_data_LMI-Shots_20250819_Al_F408.xlsx';'SeeMoveShootData/experiment_data_LMI-Shots_20250819_Al_F408.xlsx';1;'Tue Aug 19, 2025 at 16:06:21';'Tue Aug 19, 2025 at 16:06:21'
'experiment_data_LMI-Shots_20250819_Al_F408.xlsx';'SeeMoveShootData/experiment_data_LMI-Shots_20250819_Al_F408.xlsx';1;'Tue Aug 19, 2025 at 16:06:40';'Tue Aug 19, 2025 at 16:06:40'
'experiment_data_LMI-Shots_20250819_Al_F408.xlsx';'SeeMoveShootData/experiment_data_LMI-Shots_20250819_Al_F408.xlsx';1;'Tue Aug 19, 2025 at 16:07:03';'Tue Aug 19, 2025 at 16:07:03'
'experiment_data_LMI-Shots_20250819_Al_F408.xlsx';'SeeMoveShootData/experiment_data_LMI-Shots_20250819_Al_F408.xlsx';1;'Tue Aug 19, 2025 at 16:07:24';'Tue Aug 19, 2025 at 16:07:24'
'experiment_data_LMI-Shots_20250819_Al_F408.xlsx';'SeeMoveShootData/experiment_data_LMI-Shots_20250819_Al_F408.xlsx';1;'Tue Aug 19, 2025 at 16:07:49';'Tue Aug 19, 2025 at 16:07:49'
'experiment_data_LMI-Shots_20250819_Al_F408.xlsx';'SeeMoveShootData/experiment_data_LMI-Shots_20250819_Al_F408.xlsx';1;'Tue Aug 19, 2025 at 16:08:10';'Tue Aug 19, 2025 at 16:08:10'
'experiment_data_LMI-Shots_20250819_Al_F408.xlsx';'SeeMoveShootData/experiment_data_LMI-Shots_20250819_Al_F408.xlsx';1;'Tue Aug 19, 2025 at 16:08:32';'Tue Aug 19, 2025 at 16:08:32'
'experiment_data_LMI-Shots_20250819_Al_F408.xlsx';'SeeMoveShootData/experiment_data_LMI-Shots_20250819_Al_F408.xlsx';1;'Tue Aug 19, 2025 at 16:08:55';'Tue Aug 19, 2025 at 16:08:55'
'experiment_data_LMI-Shots_20250819_Al_F408.xlsx';'SeeMoveShootData/experiment_data_LMI-Shots_20250819_Al_F408.xlsx';1;'Tue Aug 19, 2025 at 16:09:16';'Tue Aug 19, 2025 at 16:09:16'
'experiment_data_LMI-Shots_20250819_Al_F408.xlsx';'SeeMoveShootData/experiment_data_LMI-Shots_20250819_Al_F408.xlsx';1;'Tue Aug 19, 2025 at 16:09:40';'Tue Aug 19, 2025 at 16:09:40'
'experiment_data_LMI-Shots_20250819_Al_F408.xlsx';'SeeMoveShootData/experiment_data_LMI-Shots_20250819_Al_F408.xlsx';1;'Tue Aug 19, 2025 at 16:10:02';'Tue Aug 19, 2025 at 16:10:02'
'experiment_data_LMI-Shots_20250819_Al_F408.xlsx';'SeeMoveShootData/experiment_data_LMI-Shots_20250819_Al_F408.xlsx';1;'Tue Aug 19, 2025 at 16:10:24';'Tue Aug 19, 2025 at 16:10:24'
'~$experiment_data_Velocity_shot_trial_20250811_Al_Dummy.xlsx';'SeeMoveShootData/~$experiment_data_Velocity_shot_trial_20250811_Al_Dummy.xlsx';1;'Tue Aug 19, 2025 at 16:13:06';'Tue Aug 19, 2025 at 16:13:06'
'experiment_data_LMI-Shots_20250819_Al_F409.xlsx';'SeeMoveShootData/experiment_data_LMI-Shots_20250819_Al_F409.xlsx';1;'Tue Aug 19, 2025 at 16:22:02';'Tue Aug 19, 2025 at 16:22:02'
'experiment_data_LMI-Shots_20250819_Al_F409.xlsx';'SeeMoveShootData/experiment_data_LMI-Shots_20250819_Al_F409.xlsx';1;'Tue Aug 19, 2025 at 16:22:20';'Tue Aug 19, 2025 at 16:22:20'
'experiment_data_LMI-Shots_20250819_Al_F409.xlsx';'SeeMoveShootData/experiment_data_LMI-Shots_20250819_Al_F409.xlsx';1;'Tue Aug 19, 2025 at 16:22:42';'Tue Aug 19, 2025 at 16:22:42'
'experiment_data_LMI-Shots_20250819_Al_F409.xlsx';'SeeMoveShootData/experiment_data_LMI-Shots_20250819_Al_F409.xlsx';1;'Tue Aug 19, 2025 at 16:23:05';'Tue Aug 19, 2025 at 16:23:05'
'experiment_data_LMI-Shots_20250819_Al_F409.xlsx';'SeeMoveShootData/experiment_data_LMI-Shots_20250819_Al_F409.xlsx';1;'Tue Aug 19, 2025 at 16:23:27';'Tue Aug 19, 2025 at 16:23:27'
'experiment_data_LMI-Shots_20250819_Al_F409.xlsx';'SeeMoveShootData/experiment_data_LMI-Shots_20250819_Al_F409.xlsx';1;'Tue Aug 19, 2025 at 16:23:48';'Tue Aug 19, 2025 at 16:23:48'
'experiment_data_LMI-Shots_20250819_Al_F409.xlsx';'SeeMoveShootData/experiment_data_LMI-Shots_20250819_Al_F409.xlsx';1;'Tue Aug 19, 2025 at 16:24:09';'Tue Aug 19, 2025 at 16:24:09'
'experiment_data_LMI-Shots_20250819_Al_F409.xlsx';'SeeMoveShootData/experiment_data_LMI-Shots_20250819_Al_F409.xlsx';1;'Tue Aug 19, 2025 at 16:24:32';'Tue Aug 19, 2025 at 16:24:32'
'experiment_data_LMI-Shots_20250819_Al_F409.xlsx';'SeeMoveShootData/experiment_data_LMI-Shots_20250819_Al_F409.xlsx';1;'Tue Aug 19, 2025 at 16:25:06';'Tue Aug 19, 2025 at 16:25:06'
'experiment_data_LMI-Shots_20250819_Al_F409.xlsx';'SeeMoveShootData/experiment_data_LMI-Shots_20250819_Al_F409.xlsx';1;'Tue Aug 19, 2025 at 16:25:28';'Tue Aug 19, 2025 at 16:25:28'
'experiment_data_LMI-Shots_20250819_Al_F409.xlsx';'SeeMoveShootData/experiment_data_LMI-Shots_20250819_Al_F409.xlsx';1;'Tue Aug 19, 2025 at 16:26:06';'Tue Aug 19, 2025 at 16:26:06'
'experiment_data_LMI-Shots_20250819_Al_F409.xlsx';'SeeMoveShootData/experiment_data_LMI-Shots_20250819_Al_F409.xlsx';1;'Tue Aug 19, 2025 at 16:26:28';'Tue Aug 19, 2025 at 16:26:28'
'experiment_data_LMI-Shots_20250819_Al_F409.xlsx';'SeeMoveShootData/experiment_data_LMI-Shots_20250819_Al_F409.xlsx';1;'Tue Aug 19, 2025 at 16:26:49';'Tue Aug 19, 2025 at 16:26:49'
'experiment_data_Velocity_20250819_Ti_F430.xlsx';'SeeMoveShootData/experiment_data_Velocity_20250819_Ti_F430.xlsx';1;'Tue Aug 19, 2025 at 16:39:15';'Tue Aug 19, 2025 at 16:39:15'
'experiment_data_Velocity_20250819_Ti_F430.xlsx';'SeeMoveShootData/experiment_data_Velocity_20250819_Ti_F430.xlsx';1;'Tue Aug 19, 2025 at 16:39:40';'Tue Aug 19, 2025 at 16:39:40'
'experiment_data_Velocity_20250819_Ti_F430.xlsx';'SeeMoveShootData/experiment_data_Velocity_20250819_Ti_F430.xlsx';1;'Tue Aug 19, 2025 at 20:39:58';'Tue Aug 19, 2025 at 20:39:58'
'experiment_data_Velocity_20250819_Ti_F430.xlsx';'SeeMoveShootData/experiment_data_Velocity_20250819_Ti_F430.xlsx';1;'Tue Aug 19, 2025 at 16:40:17';'Tue Aug 19, 2025 at 16:40:17'
'experiment_data_Velocity_20250819_Ti_F430.xlsx';'SeeMoveShootData/experiment_data_Velocity_20250819_Ti_F430.xlsx';1;'Tue Aug 19, 2025 at 16:40:53';'Tue Aug 19, 2025 at 16:40:53'
'experiment_data_Velocity_20250819_Ti_F430.xlsx';'SeeMoveShootData/experiment_data_Velocity_20250819_Ti_F430.xlsx';1;'Tue Aug 19, 2025 at 16:41:11';'Tue Aug 19, 2025 at 16:41:11'
'experiment_data_Velocity_20250819_Ti_F430.xlsx';'SeeMoveShootData/experiment_data_Velocity_20250819_Ti_F430.xlsx';1;'Tue Aug 19, 2025 at 16:41:38';'Tue Aug 19, 2025 at 16:41:38'
'experiment_data_Velocity_20250819_Ti_F430.xlsx';'SeeMoveShootData/experiment_data_Velocity_20250819_Ti_F430.xlsx';1;'Tue Aug 19, 2025 at 16:42:28';'Tue Aug 19, 2025 at 16:42:28'
'experiment_data_Velocity_20250819_Ti_F430.xlsx';'SeeMoveShootData/experiment_data_Velocity_20250819_Ti_F430.xlsx';1;'Tue Aug 19, 2025 at 16:42:45';'Tue Aug 19, 2025 at 16:42:45'
'experiment_data_Velocity_20250819_Ti_F430.xlsx';'SeeMoveShootData/experiment_data_Velocity_20250819_Ti_F430.xlsx';1;'Tue Aug 19, 2025 at 16:43:03';'Tue Aug 19, 2025 at 16:43:03'
'experiment_data_Velocity_20250819_Ti_F430.xlsx';'SeeMoveShootData/experiment_data_Velocity_20250819_Ti_F430.xlsx';1;'Tue Aug 19, 2025 at 16:43:21';'Tue Aug 19, 2025 at 16:43:21'
'experiment_data_Velocity_20250819_Ti_F430.xlsx';'SeeMoveShootData/experiment_data_Velocity_20250819_Ti_F430.xlsx';1;'Tue Aug 19, 2025 at 16:43:40';'Tue Aug 19, 2025 at 16:43:40'
'experiment_data_Velocity_20250819_Al_CandleCarbon1.xlsx';'SeeMoveShootData/experiment_data_Velocity_20250819_Al_CandleCarbon1.xlsx';1;'Tue Aug 19, 2025 at 14:19:40';'Tue Aug 19, 2025 at 14:19:40'
'experiment_data_Velocity_20250819_Al_CandleCarbon1.xlsx';'SeeMoveShootData/experiment_data_Velocity_20250819_Al_CandleCarbon1.xlsx';1;'Tue Aug 19, 2025 at 14:29:30';'Tue Aug 19, 2025 at 14:29:30'
'experiment_data_Velocity_20250819_Al_CandleCarbon1.xlsx';'SeeMoveShootData/experiment_data_Velocity_20250819_Al_CandleCarbon1.xlsx';1;'Tue Aug 19, 2025 at 18:54:25';'Tue Aug 19, 2025 at 18:54:25'
'experiment_data_Velocity_20250819_Al_CandleCarbon1.xlsx';'SeeMoveShootData/experiment_data_Velocity_20250819_Al_CandleCarbon1.xlsx';1;'Tue Aug 19, 2025 at 15:16:18';'Tue Aug 19, 2025 at 15:16:18'
'experiment_data_Velocity_20250819_Al_CandleCarbon1.xlsx';'SeeMoveShootData/experiment_data_Velocity_20250819_Al_CandleCarbon1.xlsx';1;'Tue Aug 19, 2025 at 15:16:47';'Tue Aug 19, 2025 at 15:16:47'
'experiment_data_Velocity_20250819_Al_CandleCarbon1.xlsx';'SeeMoveShootData/experiment_data_Velocity_20250819_Al_CandleCarbon1.xlsx';1;'Tue Aug 19, 2025 at 15:41:20';'Tue Aug 19, 2025 at 15:41:20'
'experiment_data_Velocity_20250819_Al_CandleCarbon1.xlsx';'SeeMoveShootData/experiment_data_Velocity_20250819_Al_CandleCarbon1.xlsx';1;'Tue Aug 19, 2025 at 15:41:47';'Tue Aug 19, 2025 at 15:41:47'
'experiment_data_Velocity_20250819_Al_CandleCarbon1.xlsx';'SeeMoveShootData/experiment_data_Velocity_20250819_Al_CandleCarbon1.xlsx';1;'Tue Aug 19, 2025 at 15:45:39';'Tue Aug 19, 2025 at 15:45:39'
'experiment_data_LMI-Shots_20250819_Al_F408.xlsx';'SeeMoveShootData/experiment_data_LMI-Shots_20250819_Al_F408.xlsx';1;'Tue Aug 19, 2025 at 16:06:29';'Tue Aug 19, 2025 at 16:06:29'
'experiment_data_LMI-Shots_20250819_Al_F408.xlsx';'SeeMoveShootData/experiment_data_LMI-Shots_20250819_Al_F408.xlsx';1;'Tue Aug 19, 2025 at 16:06:52';'Tue Aug 19, 2025 at 16:06:52'
'experiment_data_LMI-Shots_20250819_Al_F408.xlsx';'SeeMoveShootData/experiment_data_LMI-Shots_20250819_Al_F408.xlsx';1;'Tue Aug 19, 2025 at 16:07:14';'Tue Aug 19, 2025 at 16:07:14'
'experiment_data_LMI-Shots_20250819_Al_F408.xlsx';'SeeMoveShootData/experiment_data_LMI-Shots_20250819_Al_F408.xlsx';1;'Tue Aug 19, 2025 at 16:07:35';'Tue Aug 19, 2025 at 16:07:35'
'experiment_data_LMI-Shots_20250819_Al_F408.xlsx';'SeeMoveShootData/experiment_data_LMI-Shots_20250819_Al_F408.xlsx';1;'Tue Aug 19, 2025 at 16:07:59';'Tue Aug 19, 2025 at 16:07:59'
'experiment_data_LMI-Shots_20250819_Al_F408.xlsx';'SeeMoveShootData/experiment_data_LMI-Shots_20250819_Al_F408.xlsx';1;'Tue Aug 19, 2025 at 16:08:21';'Tue Aug 19, 2025 at 16:08:21'
'experiment_data_LMI-Shots_20250819_Al_F408.xlsx';'SeeMoveShootData/experiment_data_LMI-Shots_20250819_Al_F408.xlsx';1;'Tue Aug 19, 2025 at 16:08:45';'Tue Aug 19, 2025 at 16:08:45'
'experiment_data_LMI-Shots_20250819_Al_F408.xlsx';'SeeMoveShootData/experiment_data_LMI-Shots_20250819_Al_F408.xlsx';1;'Tue Aug 19, 2025 at 16:09:06';'Tue Aug 19, 2025 at 16:09:06'
'experiment_data_LMI-Shots_20250819_Al_F408.xlsx';'SeeMoveShootData/experiment_data_LMI-Shots_20250819_Al_F408.xlsx';1;'Tue Aug 19, 2025 at 16:09:28';'Tue Aug 19, 2025 at 16:09:28'
'experiment_data_LMI-Shots_20250819_Al_F408.xlsx';'SeeMoveShootData/experiment_data_LMI-Shots_20250819_Al_F408.xlsx';1;'Tue Aug 19, 2025 at 16:09:51';'Tue Aug 19, 2025 at 16:09:51'
'experiment_data_LMI-Shots_20250819_Al_F408.xlsx';'SeeMoveShootData/experiment_data_LMI-Shots_20250819_Al_F408.xlsx';1;'Tue Aug 19, 2025 at 16:10:13';'Tue Aug 19, 2025 at 16:10:13'
'~$experiment_data_LMI-Shots_20250819_Al_F408.xlsx';'SeeMoveShootData/~$experiment_data_LMI-Shots_20250819_Al_F408.xlsx';1;'Tue Aug 19, 2025 at 16:11:45';'Tue Aug 19, 2025 at 16:11:45'
'~$experiment_data_LMI-Al-Mg-Shots_20250811_Al_FTest.xlsx';'SeeMoveShootData/~$experiment_data_LMI-Al-Mg-Shots_20250811_Al_FTest.xlsx';1;'Tue Aug 19, 2025 at 16:18:30';'Tue Aug 19, 2025 at 16:18:30'
'experiment_data_LMI-Shots_20250819_Al_F409.xlsx';'SeeMoveShootData/experiment_data_LMI-Shots_20250819_Al_F409.xlsx';1;'Tue Aug 19, 2025 at 16:22:09';'Tue Aug 19, 2025 at 16:22:09'
'experiment_data_LMI-Shots_20250819_Al_F409.xlsx';'SeeMoveShootData/experiment_data_LMI-Shots_20250819_Al_F409.xlsx';1;'Tue Aug 19, 2025 at 16:22:30';'Tue Aug 19, 2025 at 16:22:30'
'experiment_data_LMI-Shots_20250819_Al_F409.xlsx';'SeeMoveShootData/experiment_data_LMI-Shots_20250819_Al_F409.xlsx';1;'Tue Aug 19, 2025 at 16:22:55';'Tue Aug 19, 2025 at 16:22:55'
'experiment_data_LMI-Shots_20250819_Al_F409.xlsx';'SeeMoveShootData/experiment_data_LMI-Shots_20250819_Al_F409.xlsx';1;'Tue Aug 19, 2025 at 16:23:16';'Tue Aug 19, 2025 at 16:23:16'
'experiment_data_LMI-Shots_20250819_Al_F409.xlsx';'SeeMoveShootData/experiment_data_LMI-Shots_20250819_Al_F409.xlsx';1;'Tue Aug 19, 2025 at 16:23:38';'Tue Aug 19, 2025 at 16:23:38'
'experiment_data_LMI-Shots_20250819_Al_F409.xlsx';'SeeMoveShootData/experiment_data_LMI-Shots_20250819_Al_F409.xlsx';1;'Tue Aug 19, 2025 at 16:23:59';'Tue Aug 19, 2025 at 16:23:59'
'experiment_data_LMI-Shots_20250819_Al_F409.xlsx';'SeeMoveShootData/experiment_data_LMI-Shots_20250819_Al_F409.xlsx';1;'Tue Aug 19, 2025 at 16:24:21';'Tue Aug 19, 2025 at 16:24:21'
'experiment_data_LMI-Shots_20250819_Al_F409.xlsx';'SeeMoveShootData/experiment_data_LMI-Shots_20250819_Al_F409.xlsx';1;'Tue Aug 19, 2025 at 16:24:43';'Tue Aug 19, 2025 at 16:24:43'
'experiment_data_LMI-Shots_20250819_Al_F409.xlsx';'SeeMoveShootData/experiment_data_LMI-Shots_20250819_Al_F409.xlsx';1;'Tue Aug 19, 2025 at 16:25:17';'Tue Aug 19, 2025 at 16:25:17'
'experiment_data_LMI-Shots_20250819_Al_F409.xlsx';'SeeMoveShootData/experiment_data_LMI-Shots_20250819_Al_F409.xlsx';1;'Tue Aug 19, 2025 at 16:25:56';'Tue Aug 19, 2025 at 16:25:56'
'experiment_data_LMI-Shots_20250819_Al_F409.xlsx';'SeeMoveShootData/experiment_data_LMI-Shots_20250819_Al_F409.xlsx';1;'Tue Aug 19, 2025 at 16:26:17';'Tue Aug 19, 2025 at 16:26:17'
'experiment_data_LMI-Shots_20250819_Al_F409.xlsx';'SeeMoveShootData/experiment_data_LMI-Shots_20250819_Al_F409.xlsx';1;'Tue Aug 19, 2025 at 16:26:39';'Tue Aug 19, 2025 at 16:26:39'
'experiment_data_Velocity_20250819_Ti_F430.xlsx';'SeeMoveShootData/experiment_data_Velocity_20250819_Ti_F430.xlsx';1;'Tue Aug 19, 2025 at 16:39:02';'Tue Aug 19, 2025 at 16:39:02'
'experiment_data_Velocity_20250819_Ti_F430.xlsx';'SeeMoveShootData/experiment_data_Velocity_20250819_Ti_F430.xlsx';1;'Tue Aug 19, 2025 at 16:39:24';'Tue Aug 19, 2025 at 16:39:24'
'experiment_data_Velocity_20250819_Ti_F430.xlsx';'SeeMoveShootData/experiment_data_Velocity_20250819_Ti_F430.xlsx';1;'Tue Aug 19, 2025 at 16:39:49';'Tue Aug 19, 2025 at 16:39:49'
'experiment_data_Velocity_20250819_Ti_F430.xlsx';'SeeMoveShootData/experiment_data_Velocity_20250819_Ti_F430.xlsx';1;'Tue Aug 19, 2025 at 16:40:08';'Tue Aug 19, 2025 at 16:40:08'
'experiment_data_Velocity_20250819_Ti_F430.xlsx';'SeeMoveShootData/experiment_data_Velocity_20250819_Ti_F430.xlsx';1;'Tue Aug 19, 2025 at 16:40:47';'Tue Aug 19, 2025 at 16:40:47'
'experiment_data_Velocity_20250819_Ti_F430.xlsx';'SeeMoveShootData/experiment_data_Velocity_20250819_Ti_F430.xlsx';1;'Tue Aug 19, 2025 at 16:41:05';'Tue Aug 19, 2025 at 16:41:05'
'experiment_data_Velocity_20250819_Ti_F430.xlsx';'SeeMoveShootData/experiment_data_Velocity_20250819_Ti_F430.xlsx';1;'Tue Aug 19, 2025 at 16:41:30';'Tue Aug 19, 2025 at 16:41:30'
'experiment_data_Velocity_20250819_Ti_F430.xlsx';'SeeMoveShootData/experiment_data_Velocity_20250819_Ti_F430.xlsx';1;'Tue Aug 19, 2025 at 16:42:09';'Tue Aug 19, 2025 at 16:42:09'
'experiment_data_Velocity_20250819_Ti_F430.xlsx';'SeeMoveShootData/experiment_data_Velocity_20250819_Ti_F430.xlsx';1;'Tue Aug 19, 2025 at 16:42:36';'Tue Aug 19, 2025 at 16:42:36'
'experiment_data_Velocity_20250819_Ti_F430.xlsx';'SeeMoveShootData/experiment_data_Velocity_20250819_Ti_F430.xlsx';1;'Tue Aug 19, 2025 at 16:42:54';'Tue Aug 19, 2025 at 16:42:54'
'experiment_data_Velocity_20250819_Ti_F430.xlsx';'SeeMoveShootData/experiment_data_Velocity_20250819_Ti_F430.xlsx';1;'Tue Aug 19, 2025 at 16:43:12';'Tue Aug 19, 2025 at 16:43:12'
'experiment_data_Velocity_20250819_Ti_F430.xlsx';'SeeMoveShootData/experiment_data_Velocity_20250819_Ti_F430.xlsx';1;'Tue Aug 19, 2025 at 16:43:30';'Tue Aug 19, 2025 at 16:43:30'
'experiment_data_Velocity_20250819_Ti_F430.xlsx';'SeeMoveShootData/experiment_data_Velocity_20250819_Ti_F430.xlsx';1;'Tue Aug 19, 2025 at 16:43:49';'Tue Aug 19, 2025 at 16:43:49'
'Beam--20250819--00064-83.bmg';'Beam_Profiler/Beam--20250819--00064-83.bmg';801;'Tue Aug 19, 2025 at 17:59:58';'Tue Aug 19, 2025 at 18:00:02'
'test - Copy.bmg';'Beam_Profiler/test - Copy.bmg';481;'Wed Oct 01, 2025 at 05:40:20';'Wed Oct 01, 2025 at 05:40:23'
'before_alignment_1_5.jpg';'TEST0_000000_0_1_2025-10-08_19-15-10/captures/before_alignment_1_5.jpg';1;'Wed Oct 08, 2025 at 15:15:56';'Wed Oct 08, 2025 at 15:15:56'
'before_alignment_1_4.jpg';'TEST0_000000_0_1_2025-10-08_19-15-10/captures/before_alignment_1_4.jpg';1;'Wed Oct 08, 2025 at 15:15:56';'Wed Oct 08, 2025 at 15:15:56'
'before_alignment_1_3.jpg';'TEST0_000000_0_1_2025-10-08_19-15-10/captures/before_alignment_1_3.jpg';1;'Wed Oct 08, 2025 at 15:15:57';'Wed Oct 08, 2025 at 15:15:57'
'before_alignment_1_2.jpg';'TEST0_000000_0_1_2025-10-08_19-15-10/captures/before_alignment_1_2.jpg';1;'Wed Oct 08, 2025 at 15:15:57';'Wed Oct 08, 2025 at 15:15:57'
'before_alignment_1_1.jpg';'TEST0_000000_0_1_2025-10-08_19-15-10/captures/before_alignment_1_1.jpg';1;'Wed Oct 08, 2025 at 15:16:02';'Wed Oct 08, 2025 at 15:16:02'
'before_alignment_2_1.jpg';'TEST0_000000_0_1_2025-10-08_19-15-10/captures/before_alignment_2_1.jpg';1;'Wed Oct 08, 2025 at 15:16:10';'Wed Oct 08, 2025 at 15:16:10'
'before_alignment_2_2.jpg';'TEST0_000000_0_1_2025-10-08_19-15-10/captures/before_alignment_2_2.jpg';1;'Wed Oct 08, 2025 at 15:16:18';'Wed Oct 08, 2025 at 15:16:18'
'before_alignment_2_3.jpg';'TEST0_000000_0_1_2025-10-08_19-15-10/captures/before_alignment_2_3.jpg';1;'Wed Oct 08, 2025 at 15:16:25';'Wed Oct 08, 2025 at 15:16:25'
'before_alignment_2_4.jpg';'TEST0_000000_0_1_2025-10-08_19-15-10/captures/before_alignment_2_4.jpg';1;'Wed Oct 08, 2025 at 15:16:32';'Wed Oct 08, 2025 at 15:16:32'
'before_alignment_2_5.jpg';'TEST0_000000_0_1_2025-10-08_19-15-10/captures/before_alignment_2_5.jpg';1;'Wed Oct 08, 2025 at 15:16:40';'Wed Oct 08, 2025 at 15:16:40'
'before_alignment_3_5.jpg';'TEST0_000000_0_1_2025-10-08_19-15-10/captures/before_alignment_3_5.jpg';1;'Wed Oct 08, 2025 at 15:16:46';'Wed Oct 08, 2025 at 15:16:46'
'before_alignment_3_4.jpg';'TEST0_000000_0_1_2025-10-08_19-15-10/captures/before_alignment_3_4.jpg';1;'Wed Oct 08, 2025 at 15:16:52';'Wed Oct 08, 2025 at 15:16:52'
'before_alignment_3_3.jpg';'TEST0_000000_0_1_2025-10-08_19-15-10/captures/before_alignment_3_3.jpg';1;'Wed Oct 08, 2025 at 15:16:57';'Wed Oct 08, 2025 at 15:16:57'
'before_alignment_3_2.jpg';'TEST0_000000_0_1_2025-10-08_19-15-10/captures/before_alignment_3_2.jpg';1;'Wed Oct 08, 2025 at 15:17:02';'Wed Oct 08, 2025 at 15:17:02'
'before_alignment_3_1.jpg';'TEST0_000000_0_1_2025-10-08_19-15-10/captures/before_alignment_3_1.jpg';1;'Wed Oct 08, 2025 at 15:17:08';'Wed Oct 08, 2025 at 15:17:08'
'before_alignment_4_1.jpg';'TEST0_000000_0_1_2025-10-08_19-15-10/captures/before_alignment_4_1.jpg';1;'Wed Oct 08, 2025 at 15:17:16';'Wed Oct 08, 2025 at 15:17:16'
'before_alignment_4_2.jpg';'TEST0_000000_0_1_2025-10-08_19-15-10/captures/before_alignment_4_2.jpg';1;'Wed Oct 08, 2025 at 15:17:24';'Wed Oct 08, 2025 at 15:17:24'
'before_alignment_4_3.jpg';'TEST0_000000_0_1_2025-10-08_19-15-10/captures/before_alignment_4_3.jpg';1;'Wed Oct 08, 2025 at 15:17:32';'Wed Oct 08, 2025 at 15:17:32'
'before_alignment_4_4.jpg';'TEST0_000000_0_1_2025-10-08_19-15-10/captures/before_alignment_4_4.jpg';1;'Wed Oct 08, 2025 at 15:17:39';'Wed Oct 08, 2025 at 15:17:39'
'before_alignment_4_5.jpg';'TEST0_000000_0_1_2025-10-08_19-15-10/captures/before_alignment_4_5.jpg';1;'Wed Oct 08, 2025 at 15:17:46';'Wed Oct 08, 2025 at 15:17:46'
'before_alignment_5_5.jpg';'TEST0_000000_0_1_2025-10-08_19-15-10/captures/before_alignment_5_5.jpg';1;'Wed Oct 08, 2025 at 15:17:55';'Wed Oct 08, 2025 at 15:17:55'
'before_alignment_5_4.jpg';'TEST0_000000_0_1_2025-10-08_19-15-10/captures/before_alignment_5_4.jpg';1;'Wed Oct 08, 2025 at 15:18:02';'Wed Oct 08, 2025 at 15:18:02'
'before_alignment_5_3.jpg';'TEST0_000000_0_1_2025-10-08_19-15-10/captures/before_alignment_5_3.jpg';1;'Wed Oct 08, 2025 at 15:18:10';'Wed Oct 08, 2025 at 15:18:10'
'before_alignment_5_2.jpg';'TEST0_000000_0_1_2025-10-08_19-15-10/captures/before_alignment_5_2.jpg';1;'Wed Oct 08, 2025 at 15:18:17';'Wed Oct 08, 2025 at 15:18:17'
'before_alignment_5_1.jpg';'TEST0_000000_0_1_2025-10-08_19-15-10/captures/before_alignment_5_1.jpg';1;'Wed Oct 08, 2025 at 15:18:25';'Wed Oct 08, 2025 at 15:18:25'
'before_alignment_1_5.jpg';'TEST0_000000_0_1_2025-10-08_19-30-57/captures/before_alignment_1_5.jpg';1;'Wed Oct 08, 2025 at 15:31:49';'Wed Oct 08, 2025 at 15:31:49'
'before_alignment_1_4.jpg';'TEST0_000000_0_1_2025-10-08_19-30-57/captures/before_alignment_1_4.jpg';1;'Wed Oct 08, 2025 at 15:31:49';'Wed Oct 08, 2025 at 15:31:49'
'before_alignment_1_3.jpg';'TEST0_000000_0_1_2025-10-08_19-30-57/captures/before_alignment_1_3.jpg';1;'Wed Oct 08, 2025 at 15:31:50';'Wed Oct 08, 2025 at 15:31:50'
'before_alignment_1_2.jpg';'TEST0_000000_0_1_2025-10-08_19-30-57/captures/before_alignment_1_2.jpg';1;'Wed Oct 08, 2025 at 15:31:50';'Wed Oct 08, 2025 at 15:31:50'
'before_alignment_1_1.jpg';'TEST0_000000_0_1_2025-10-08_19-30-57/captures/before_alignment_1_1.jpg';1;'Wed Oct 08, 2025 at 15:31:51';'Wed Oct 08, 2025 at 15:31:51'
'before_alignment_2_1.jpg';'TEST0_000000_0_1_2025-10-08_19-30-57/captures/before_alignment_2_1.jpg';1;'Wed Oct 08, 2025 at 15:31:59';'Wed Oct 08, 2025 at 15:31:59'
'before_alignment_2_2.jpg';'TEST0_000000_0_1_2025-10-08_19-30-57/captures/before_alignment_2_2.jpg';1;'Wed Oct 08, 2025 at 15:32:07';'Wed Oct 08, 2025 at 15:32:07'
'before_alignment_2_3.jpg';'TEST0_000000_0_1_2025-10-08_19-30-57/captures/before_alignment_2_3.jpg';1;'Wed Oct 08, 2025 at 15:32:14';'Wed Oct 08, 2025 at 15:32:14'
'before_alignment_2_4.jpg';'TEST0_000000_0_1_2025-10-08_19-30-57/captures/before_alignment_2_4.jpg';1;'Wed Oct 08, 2025 at 15:32:22';'Wed Oct 08, 2025 at 15:32:22'
'before_alignment_2_5.jpg';'TEST0_000000_0_1_2025-10-08_19-30-57/captures/before_alignment_2_5.jpg';1;'Wed Oct 08, 2025 at 15:32:29';'Wed Oct 08, 2025 at 15:32:29'
'before_alignment_3_5.jpg';'TEST0_000000_0_1_2025-10-08_19-30-57/captures/before_alignment_3_5.jpg';1;'Wed Oct 08, 2025 at 15:32:35';'Wed Oct 08, 2025 at 15:32:35'
'before_alignment_3_4.jpg';'TEST0_000000_0_1_2025-10-08_19-30-57/captures/before_alignment_3_4.jpg';1;'Wed Oct 08, 2025 at 15:32:41';'Wed Oct 08, 2025 at 15:32:41'
'before_alignment_3_3.jpg';'TEST0_000000_0_1_2025-10-08_19-30-57/captures/before_alignment_3_3.jpg';1;'Wed Oct 08, 2025 at 15:32:46';'Wed Oct 08, 2025 at 15:32:46'
'before_alignment_3_2.jpg';'TEST0_000000_0_1_2025-10-08_19-30-57/captures/before_alignment_3_2.jpg';1;'Wed Oct 08, 2025 at 15:32:51';'Wed Oct 08, 2025 at 15:32:51'
'before_alignment_3_1.jpg';'TEST0_000000_0_1_2025-10-08_19-30-57/captures/before_alignment_3_1.jpg';1;'Wed Oct 08, 2025 at 15:32:57';'Wed Oct 08, 2025 at 15:32:57'
'before_alignment_4_1.jpg';'TEST0_000000_0_1_2025-10-08_19-30-57/captures/before_alignment_4_1.jpg';1;'Wed Oct 08, 2025 at 15:33:05';'Wed Oct 08, 2025 at 15:33:05'
'before_alignment_4_2.jpg';'TEST0_000000_0_1_2025-10-08_19-30-57/captures/before_alignment_4_2.jpg';1;'Wed Oct 08, 2025 at 15:33:12';'Wed Oct 08, 2025 at 15:33:12'
'before_alignment_4_3.jpg';'TEST0_000000_0_1_2025-10-08_19-30-57/captures/before_alignment_4_3.jpg';1;'Wed Oct 08, 2025 at 15:33:20';'Wed Oct 08, 2025 at 15:33:20'
'before_alignment_4_4.jpg';'TEST0_000000_0_1_2025-10-08_19-30-57/captures/before_alignment_4_4.jpg';1;'Wed Oct 08, 2025 at 15:33:27';'Wed Oct 08, 2025 at 15:33:27'
'before_alignment_4_5.jpg';'TEST0_000000_0_1_2025-10-08_19-30-57/captures/before_alignment_4_5.jpg';1;'Wed Oct 08, 2025 at 15:33:35';'Wed Oct 08, 2025 at 15:33:35'
'before_alignment_5_5.jpg';'TEST0_000000_0_1_2025-10-08_19-30-57/captures/before_alignment_5_5.jpg';1;'Wed Oct 08, 2025 at 15:33:43';'Wed Oct 08, 2025 at 15:33:43'
'before_alignment_5_4.jpg';'TEST0_000000_0_1_2025-10-08_19-30-57/captures/before_alignment_5_4.jpg';1;'Wed Oct 08, 2025 at 15:33:51';'Wed Oct 08, 2025 at 15:33:51'
'before_alignment_5_3.jpg';'TEST0_000000_0_1_2025-10-08_19-30-57/captures/before_alignment_5_3.jpg';1;'Wed Oct 08, 2025 at 15:33:58';'Wed Oct 08, 2025 at 15:33:58'
'before_alignment_5_2.jpg';'TEST0_000000_0_1_2025-10-08_19-30-57/captures/before_alignment_5_2.jpg';1;'Wed Oct 08, 2025 at 15:34:06';'Wed Oct 08, 2025 at 15:34:06'
'before_alignment_5_1.jpg';'TEST0_000000_0_1_2025-10-08_19-30-57/captures/before_alignment_5_1.jpg';1;'Wed Oct 08, 2025 at 15:34:13';'Wed Oct 08, 2025 at 15:34:13'
'after_alignment_1_5.jpg';'TEST0_000000_0_1_2025-10-08_19-15-10/captures/after_alignment_1_5.jpg';1;'Wed Oct 08, 2025 at 15:15:56';'Wed Oct 08, 2025 at 15:15:56'
'after_alignment_1_4.jpg';'TEST0_000000_0_1_2025-10-08_19-15-10/captures/after_alignment_1_4.jpg';1;'Wed Oct 08, 2025 at 15:15:56';'Wed Oct 08, 2025 at 15:15:56'
'after_alignment_1_3.jpg';'TEST0_000000_0_1_2025-10-08_19-15-10/captures/after_alignment_1_3.jpg';1;'Wed Oct 08, 2025 at 15:15:57';'Wed Oct 08, 2025 at 15:15:57'
'after_alignment_1_2.jpg';'TEST0_000000_0_1_2025-10-08_19-15-10/captures/after_alignment_1_2.jpg';1;'Wed Oct 08, 2025 at 15:15:57';'Wed Oct 08, 2025 at 15:15:57'
'after_alignment_1_1.jpg';'TEST0_000000_0_1_2025-10-08_19-15-10/captures/after_alignment_1_1.jpg';1;'Wed Oct 08, 2025 at 15:16:04';'Wed Oct 08, 2025 at 15:16:04'
'after_alignment_2_1.jpg';'TEST0_000000_0_1_2025-10-08_19-15-10/captures/after_alignment_2_1.jpg';1;'Wed Oct 08, 2025 at 15:16:12';'Wed Oct 08, 2025 at 15:16:12'
'after_alignment_2_2.jpg';'TEST0_000000_0_1_2025-10-08_19-15-10/captures/after_alignment_2_2.jpg';1;'Wed Oct 08, 2025 at 15:16:20';'Wed Oct 08, 2025 at 15:16:20'
'after_alignment_2_3.jpg';'TEST0_000000_0_1_2025-10-08_19-15-10/captures/after_alignment_2_3.jpg';1;'Wed Oct 08, 2025 at 15:16:27';'Wed Oct 08, 2025 at 15:16:27'
'after_alignment_2_4.jpg';'TEST0_000000_0_1_2025-10-08_19-15-10/captures/after_alignment_2_4.jpg';1;'Wed Oct 08, 2025 at 15:16:35';'Wed Oct 08, 2025 at 15:16:35'
'after_alignment_2_5.jpg';'TEST0_000000_0_1_2025-10-08_19-15-10/captures/after_alignment_2_5.jpg';1;'Wed Oct 08, 2025 at 15:16:42';'Wed Oct 08, 2025 at 15:16:42'
'after_alignment_3_5.jpg';'TEST0_000000_0_1_2025-10-08_19-15-10/captures/after_alignment_3_5.jpg';1;'Wed Oct 08, 2025 at 15:16:48';'Wed Oct 08, 2025 at 15:16:48'
'after_alignment_3_4.jpg';'TEST0_000000_0_1_2025-10-08_19-15-10/captures/after_alignment_3_4.jpg';1;'Wed Oct 08, 2025 at 15:16:54';'Wed Oct 08, 2025 at 15:16:54'
'after_alignment_3_3.jpg';'TEST0_000000_0_1_2025-10-08_19-15-10/captures/after_alignment_3_3.jpg';1;'Wed Oct 08, 2025 at 15:16:59';'Wed Oct 08, 2025 at 15:16:59'
'after_alignment_3_2.jpg';'TEST0_000000_0_1_2025-10-08_19-15-10/captures/after_alignment_3_2.jpg';1;'Wed Oct 08, 2025 at 15:17:04';'Wed Oct 08, 2025 at 15:17:04'
'after_alignment_3_1.jpg';'TEST0_000000_0_1_2025-10-08_19-15-10/captures/after_alignment_3_1.jpg';1;'Wed Oct 08, 2025 at 15:17:10';'Wed Oct 08, 2025 at 15:17:10'
'after_alignment_4_1.jpg';'TEST0_000000_0_1_2025-10-08_19-15-10/captures/after_alignment_4_1.jpg';1;'Wed Oct 08, 2025 at 15:17:19';'Wed Oct 08, 2025 at 15:17:19'
'after_alignment_4_2.jpg';'TEST0_000000_0_1_2025-10-08_19-15-10/captures/after_alignment_4_2.jpg';1;'Wed Oct 08, 2025 at 15:17:26';'Wed Oct 08, 2025 at 15:17:26'
'after_alignment_4_3.jpg';'TEST0_000000_0_1_2025-10-08_19-15-10/captures/after_alignment_4_3.jpg';1;'Wed Oct 08, 2025 at 15:17:33';'Wed Oct 08, 2025 at 15:17:33'
'after_alignment_4_4.jpg';'TEST0_000000_0_1_2025-10-08_19-15-10/captures/after_alignment_4_4.jpg';1;'Wed Oct 08, 2025 at 15:17:41';'Wed Oct 08, 2025 at 15:17:41'
'after_alignment_4_5.jpg';'TEST0_000000_0_1_2025-10-08_19-15-10/captures/after_alignment_4_5.jpg';1;'Wed Oct 08, 2025 at 15:17:49';'Wed Oct 08, 2025 at 15:17:49'
'after_alignment_5_5.jpg';'TEST0_000000_0_1_2025-10-08_19-15-10/captures/after_alignment_5_5.jpg';1;'Wed Oct 08, 2025 at 15:17:57';'Wed Oct 08, 2025 at 15:17:57'
'after_alignment_5_4.jpg';'TEST0_000000_0_1_2025-10-08_19-15-10/captures/after_alignment_5_4.jpg';1;'Wed Oct 08, 2025 at 15:18:04';'Wed Oct 08, 2025 at 15:18:04'
'after_alignment_5_3.jpg';'TEST0_000000_0_1_2025-10-08_19-15-10/captures/after_alignment_5_3.jpg';1;'Wed Oct 08, 2025 at 15:18:12';'Wed Oct 08, 2025 at 15:18:12'
'after_alignment_5_2.jpg';'TEST0_000000_0_1_2025-10-08_19-15-10/captures/after_alignment_5_2.jpg';1;'Wed Oct 08, 2025 at 15:18:19';'Wed Oct 08, 2025 at 15:18:19'
'after_alignment_5_1.jpg';'TEST0_000000_0_1_2025-10-08_19-15-10/captures/after_alignment_5_1.jpg';1;'Wed Oct 08, 2025 at 15:18:27';'Wed Oct 08, 2025 at 15:18:27'
'after_alignment_1_5.jpg';'TEST0_000000_0_1_2025-10-08_19-30-57/captures/after_alignment_1_5.jpg';1;'Wed Oct 08, 2025 at 15:31:49';'Wed Oct 08, 2025 at 15:31:49'
'after_alignment_1_4.jpg';'TEST0_000000_0_1_2025-10-08_19-30-57/captures/after_alignment_1_4.jpg';1;'Wed Oct 08, 2025 at 15:31:49';'Wed Oct 08, 2025 at 15:31:49'
'after_alignment_1_3.jpg';'TEST0_000000_0_1_2025-10-08_19-30-57/captures/after_alignment_1_3.jpg';1;'Wed Oct 08, 2025 at 15:31:50';'Wed Oct 08, 2025 at 15:31:50'
'after_alignment_1_2.jpg';'TEST0_000000_0_1_2025-10-08_19-30-57/captures/after_alignment_1_2.jpg';1;'Wed Oct 08, 2025 at 15:31:50';'Wed Oct 08, 2025 at 15:31:50'
'after_alignment_1_1.jpg';'TEST0_000000_0_1_2025-10-08_19-30-57/captures/after_alignment_1_1.jpg';1;'Wed Oct 08, 2025 at 15:31:53';'Wed Oct 08, 2025 at 15:31:53'
'after_alignment_2_1.jpg';'TEST0_000000_0_1_2025-10-08_19-30-57/captures/after_alignment_2_1.jpg';1;'Wed Oct 08, 2025 at 15:32:01';'Wed Oct 08, 2025 at 15:32:01'
'after_alignment_2_2.jpg';'TEST0_000000_0_1_2025-10-08_19-30-57/captures/after_alignment_2_2.jpg';1;'Wed Oct 08, 2025 at 15:32:09';'Wed Oct 08, 2025 at 15:32:09'
'after_alignment_2_3.jpg';'TEST0_000000_0_1_2025-10-08_19-30-57/captures/after_alignment_2_3.jpg';1;'Wed Oct 08, 2025 at 15:32:16';'Wed Oct 08, 2025 at 15:32:16'
'after_alignment_2_4.jpg';'TEST0_000000_0_1_2025-10-08_19-30-57/captures/after_alignment_2_4.jpg';1;'Wed Oct 08, 2025 at 15:32:24';'Wed Oct 08, 2025 at 15:32:24'
'after_alignment_2_5.jpg';'TEST0_000000_0_1_2025-10-08_19-30-57/captures/after_alignment_2_5.jpg';1;'Wed Oct 08, 2025 at 15:32:31';'Wed Oct 08, 2025 at 15:32:31'
'after_alignment_3_5.jpg';'TEST0_000000_0_1_2025-10-08_19-30-57/captures/after_alignment_3_5.jpg';1;'Wed Oct 08, 2025 at 15:32:37';'Wed Oct 08, 2025 at 15:32:37'
'after_alignment_3_4.jpg';'TEST0_000000_0_1_2025-10-08_19-30-57/captures/after_alignment_3_4.jpg';1;'Wed Oct 08, 2025 at 15:32:43';'Wed Oct 08, 2025 at 15:32:43'
'after_alignment_3_3.jpg';'TEST0_000000_0_1_2025-10-08_19-30-57/captures/after_alignment_3_3.jpg';1;'Wed Oct 08, 2025 at 15:32:48';'Wed Oct 08, 2025 at 15:32:48'
'after_alignment_3_2.jpg';'TEST0_000000_0_1_2025-10-08_19-30-57/captures/after_alignment_3_2.jpg';1;'Wed Oct 08, 2025 at 15:32:53';'Wed Oct 08, 2025 at 15:32:53'
'after_alignment_3_1.jpg';'TEST0_000000_0_1_2025-10-08_19-30-57/captures/after_alignment_3_1.jpg';1;'Wed Oct 08, 2025 at 15:32:59';'Wed Oct 08, 2025 at 15:32:59'
'after_alignment_4_1.jpg';'TEST0_000000_0_1_2025-10-08_19-30-57/captures/after_alignment_4_1.jpg';1;'Wed Oct 08, 2025 at 15:33:07';'Wed Oct 08, 2025 at 15:33:07'
'after_alignment_4_2.jpg';'TEST0_000000_0_1_2025-10-08_19-30-57/captures/after_alignment_4_2.jpg';1;'Wed Oct 08, 2025 at 15:33:15';'Wed Oct 08, 2025 at 15:33:15'
'after_alignment_4_3.jpg';'TEST0_000000_0_1_2025-10-08_19-30-57/captures/after_alignment_4_3.jpg';1;'Wed Oct 08, 2025 at 15:33:22';'Wed Oct 08, 2025 at 15:33:22'
'after_alignment_4_4.jpg';'TEST0_000000_0_1_2025-10-08_19-30-57/captures/after_alignment_4_4.jpg';1;'Wed Oct 08, 2025 at 15:33:29';'Wed Oct 08, 2025 at 15:33:29'
'after_alignment_4_5.jpg';'TEST0_000000_0_1_2025-10-08_19-30-57/captures/after_alignment_4_5.jpg';1;'Wed Oct 08, 2025 at 15:33:37';'Wed Oct 08, 2025 at 15:33:37'
'after_alignment_5_5.jpg';'TEST0_000000_0_1_2025-10-08_19-30-57/captures/after_alignment_5_5.jpg';1;'Wed Oct 08, 2025 at 15:33:45';'Wed Oct 08, 2025 at 15:33:45'
'after_alignment_5_4.jpg';'TEST0_000000_0_1_2025-10-08_19-30-57/captures/after_alignment_5_4.jpg';1;'Wed Oct 08, 2025 at 15:33:53';'Wed Oct 08, 2025 at 15:33:53'
'after_alignment_5_3.jpg';'TEST0_000000_0_1_2025-10-08_19-30-57/captures/after_alignment_5_3.jpg';1;'Wed Oct 08, 2025 at 15:34:00';'Wed Oct 08, 2025 at 15:34:00'
'after_alignment_5_2.jpg';'TEST0_000000_0_1_2025-10-08_19-30-57/captures/after_alignment_5_2.jpg';1;'Wed Oct 08, 2025 at 15:34:08';'Wed Oct 08, 2025 at 15:34:08'
'after_alignment_5_1.jpg';'TEST0_000000_0_1_2025-10-08_19-30-57/captures/after_alignment_5_1.jpg';1;'Wed Oct 08, 2025 at 15:34:15';'Wed Oct 08, 2025 at 15:34:15'
'before_alignment_1_5.jpg';'TEST0_000000_0_1_2025-10-08_21-30-24/captures/before_alignment_1_5.jpg';1;'Wed Oct 08, 2025 at 17:31:33';'Wed Oct 08, 2025 at 17:31:33'
'before_alignment_1_5.jpg';'TEST0_000000_0_1_2025-10-08_21-33-01/captures/before_alignment_1_5.jpg';1;'Wed Oct 08, 2025 at 17:33:39';'Wed Oct 08, 2025 at 17:33:39'
'before_alignment_1_5.jpg';'TEST0_000000_0_1_2025-10-08_21-41-01/captures/before_alignment_1_5.jpg';1;'Wed Oct 08, 2025 at 17:41:39';'Wed Oct 08, 2025 at 17:41:39'
'before_alignment_1_3.jpg';'TEST0_000000_0_1_2025-10-08_21-41-01/captures/before_alignment_1_3.jpg';1;'Wed Oct 08, 2025 at 17:42:03';'Wed Oct 08, 2025 at 17:42:03'
'before_alignment_1_4.jpg';'TEST0_000000_0_1_2025-10-08_21-43-21/captures/before_alignment_1_4.jpg';1;'Wed Oct 08, 2025 at 17:44:17';'Wed Oct 08, 2025 at 17:44:17'
'before_alignment_1_2.jpg';'TEST0_000000_0_1_2025-10-08_21-43-21/captures/before_alignment_1_2.jpg';1;'Wed Oct 08, 2025 at 17:44:56';'Wed Oct 08, 2025 at 17:44:56'
'before_alignment_2_1.jpg';'TEST0_000000_0_1_2025-10-08_21-43-21/captures/before_alignment_2_1.jpg';1;'Wed Oct 08, 2025 at 17:45:36';'Wed Oct 08, 2025 at 17:45:36'
'before_alignment_2_3.jpg';'TEST0_000000_0_1_2025-10-08_21-43-21/captures/before_alignment_2_3.jpg';1;'Wed Oct 08, 2025 at 17:46:14';'Wed Oct 08, 2025 at 17:46:14'
'before_alignment_2_5.jpg';'TEST0_000000_0_1_2025-10-08_21-43-21/captures/before_alignment_2_5.jpg';1;'Wed Oct 08, 2025 at 17:46:43';'Wed Oct 08, 2025 at 17:46:43'
'after_alignment_1_5.jpg';'TEST0_000000_0_1_2025-10-08_22-02-46/captures/after_alignment_1_5.jpg';1;'Wed Oct 08, 2025 at 18:03:45';'Wed Oct 08, 2025 at 18:03:45'
'after_alignment_1_4.jpg';'TEST0_000000_0_1_2025-10-08_22-02-46/captures/after_alignment_1_4.jpg';1;'Wed Oct 08, 2025 at 18:03:45';'Wed Oct 08, 2025 at 18:03:45'
'after_alignment_1_3.jpg';'TEST0_000000_0_1_2025-10-08_22-02-46/captures/after_alignment_1_3.jpg';1;'Wed Oct 08, 2025 at 18:03:45';'Wed Oct 08, 2025 at 18:03:45'
'after_alignment_1_2.jpg';'TEST0_000000_0_1_2025-10-08_22-02-46/captures/after_alignment_1_2.jpg';1;'Wed Oct 08, 2025 at 18:03:45';'Wed Oct 08, 2025 at 18:03:45'
'before_alignment_1_5.jpg';'TEST0_000000_0_1_2025-10-08_22-05-25/captures/before_alignment_1_5.jpg';1;'Wed Oct 08, 2025 at 18:06:03';'Wed Oct 08, 2025 at 18:06:03'
'before_alignment_1_3.jpg';'TEST0_000000_0_1_2025-10-08_22-05-25/captures/before_alignment_1_3.jpg';1;'Wed Oct 08, 2025 at 18:06:41';'Wed Oct 08, 2025 at 18:06:41'
'before_alignment_1_1.jpg';'TEST0_000000_0_1_2025-10-08_22-05-25/captures/before_alignment_1_1.jpg';1;'Wed Oct 08, 2025 at 18:07:19';'Wed Oct 08, 2025 at 18:07:19'
'before_alignment_2_2.jpg';'TEST0_000000_0_1_2025-10-08_22-05-25/captures/before_alignment_2_2.jpg';1;'Wed Oct 08, 2025 at 18:07:59';'Wed Oct 08, 2025 at 18:07:59'
'before_alignment_2_4.jpg';'TEST0_000000_0_1_2025-10-08_22-05-25/captures/before_alignment_2_4.jpg';1;'Wed Oct 08, 2025 at 18:08:37';'Wed Oct 08, 2025 at 18:08:37'
'before_alignment_3_5.jpg';'TEST0_000000_0_1_2025-10-08_22-05-25/captures/before_alignment_3_5.jpg';1;'Wed Oct 08, 2025 at 18:09:14';'Wed Oct 08, 2025 at 18:09:14'
'before_alignment_3_3.jpg';'TEST0_000000_0_1_2025-10-08_22-05-25/captures/before_alignment_3_3.jpg';1;'Wed Oct 08, 2025 at 18:09:48';'Wed Oct 08, 2025 at 18:09:48'
'before_alignment_3_1.jpg';'TEST0_000000_0_1_2025-10-08_22-05-25/captures/before_alignment_3_1.jpg';1;'Wed Oct 08, 2025 at 18:10:22';'Wed Oct 08, 2025 at 18:10:22'
'before_alignment_4_2.jpg';'TEST0_000000_0_1_2025-10-08_22-05-25/captures/before_alignment_4_2.jpg';1;'Wed Oct 08, 2025 at 18:11:02';'Wed Oct 08, 2025 at 18:11:02'
'before_alignment_4_4.jpg';'TEST0_000000_0_1_2025-10-08_22-05-25/captures/before_alignment_4_4.jpg';1;'Wed Oct 08, 2025 at 18:11:40';'Wed Oct 08, 2025 at 18:11:40'
'before_alignment_5_5.jpg';'TEST0_000000_0_1_2025-10-08_22-05-25/captures/before_alignment_5_5.jpg';1;'Wed Oct 08, 2025 at 18:12:20';'Wed Oct 08, 2025 at 18:12:20'
'before_alignment_5_3.jpg';'TEST0_000000_0_1_2025-10-08_22-05-25/captures/before_alignment_5_3.jpg';1;'Wed Oct 08, 2025 at 18:12:58';'Wed Oct 08, 2025 at 18:12:58'
'before_alignment_5_1.jpg';'TEST0_000000_0_1_2025-10-08_22-05-25/captures/before_alignment_5_1.jpg';1;'Wed Oct 08, 2025 at 18:13:36';'Wed Oct 08, 2025 at 18:13:36'
'before_alignment_1_4.jpg';'TEST0_000000_0_1_2025-10-08_21-30-24/captures/before_alignment_1_4.jpg';1;'Wed Oct 08, 2025 at 17:31:33';'Wed Oct 08, 2025 at 17:31:33'
'before_alignment_1_4.jpg';'TEST0_000000_0_1_2025-10-08_21-33-01/captures/before_alignment_1_4.jpg';1;'Wed Oct 08, 2025 at 17:33:46';'Wed Oct 08, 2025 at 17:33:46'
'before_alignment_1_4.jpg';'TEST0_000000_0_1_2025-10-08_21-41-01/captures/before_alignment_1_4.jpg';1;'Wed Oct 08, 2025 at 17:41:58';'Wed Oct 08, 2025 at 17:41:58'
'before_alignment_1_5.jpg';'TEST0_000000_0_1_2025-10-08_21-43-21/captures/before_alignment_1_5.jpg';1;'Wed Oct 08, 2025 at 17:44:03';'Wed Oct 08, 2025 at 17:44:03'
'before_alignment_1_3.jpg';'TEST0_000000_0_1_2025-10-08_21-43-21/captures/before_alignment_1_3.jpg';1;'Wed Oct 08, 2025 at 17:44:37';'Wed Oct 08, 2025 at 17:44:37'
'before_alignment_1_1.jpg';'TEST0_000000_0_1_2025-10-08_21-43-21/captures/before_alignment_1_1.jpg';1;'Wed Oct 08, 2025 at 17:45:15';'Wed Oct 08, 2025 at 17:45:15'
'before_alignment_2_2.jpg';'TEST0_000000_0_1_2025-10-08_21-43-21/captures/before_alignment_2_2.jpg';1;'Wed Oct 08, 2025 at 17:45:55';'Wed Oct 08, 2025 at 17:45:55'
'before_alignment_2_4.jpg';'TEST0_000000_0_1_2025-10-08_21-43-21/captures/before_alignment_2_4.jpg';1;'Wed Oct 08, 2025 at 17:46:33';'Wed Oct 08, 2025 at 17:46:33'
'before_alignment_1_5.jpg';'TEST0_000000_0_1_2025-10-08_22-02-46/captures/before_alignment_1_5.jpg';1;'Wed Oct 08, 2025 at 18:03:45';'Wed Oct 08, 2025 at 18:03:45'
'before_alignment_1_4.jpg';'TEST0_000000_0_1_2025-10-08_22-02-46/captures/before_alignment_1_4.jpg';1;'Wed Oct 08, 2025 at 18:03:45';'Wed Oct 08, 2025 at 18:03:45'
'before_alignment_1_3.jpg';'TEST0_000000_0_1_2025-10-08_22-02-46/captures/before_alignment_1_3.jpg';1;'Wed Oct 08, 2025 at 18:03:45';'Wed Oct 08, 2025 at 18:03:45'
'before_alignment_1_2.jpg';'TEST0_000000_0_1_2025-10-08_22-02-46/captures/before_alignment_1_2.jpg';1;'Wed Oct 08, 2025 at 18:03:45';'Wed Oct 08, 2025 at 18:03:45'
'before_alignment_1_1.jpg';'TEST0_000000_0_1_2025-10-08_22-02-46/captures/before_alignment_1_1.jpg';1;'Wed Oct 08, 2025 at 18:03:45';'Wed Oct 08, 2025 at 18:03:45'
'before_alignment_1_4.jpg';'TEST0_000000_0_1_2025-10-08_22-05-25/captures/before_alignment_1_4.jpg';1;'Wed Oct 08, 2025 at 18:06:21';'Wed Oct 08, 2025 at 18:06:21'
'before_alignment_1_2.jpg';'TEST0_000000_0_1_2025-10-08_22-05-25/captures/before_alignment_1_2.jpg';1;'Wed Oct 08, 2025 at 18:07:00';'Wed Oct 08, 2025 at 18:07:00'
'before_alignment_2_1.jpg';'TEST0_000000_0_1_2025-10-08_22-05-25/captures/before_alignment_2_1.jpg';1;'Wed Oct 08, 2025 at 18:07:39';'Wed Oct 08, 2025 at 18:07:39'
'before_alignment_2_3.jpg';'TEST0_000000_0_1_2025-10-08_22-05-25/captures/before_alignment_2_3.jpg';1;'Wed Oct 08, 2025 at 18:08:18';'Wed Oct 08, 2025 at 18:08:18'
'before_alignment_2_5.jpg';'TEST0_000000_0_1_2025-10-08_22-05-25/captures/before_alignment_2_5.jpg';1;'Wed Oct 08, 2025 at 18:08:56';'Wed Oct 08, 2025 at 18:08:56'
'before_alignment_3_4.jpg';'TEST0_000000_0_1_2025-10-08_22-05-25/captures/before_alignment_3_4.jpg';1;'Wed Oct 08, 2025 at 18:09:31';'Wed Oct 08, 2025 at 18:09:31'
'before_alignment_3_2.jpg';'TEST0_000000_0_1_2025-10-08_22-05-25/captures/before_alignment_3_2.jpg';1;'Wed Oct 08, 2025 at 18:10:05';'Wed Oct 08, 2025 at 18:10:05'
'before_alignment_4_1.jpg';'TEST0_000000_0_1_2025-10-08_22-05-25/captures/before_alignment_4_1.jpg';1;'Wed Oct 08, 2025 at 18:10:42';'Wed Oct 08, 2025 at 18:10:42'
'before_alignment_4_3.jpg';'TEST0_000000_0_1_2025-10-08_22-05-25/captures/before_alignment_4_3.jpg';1;'Wed Oct 08, 2025 at 18:11:21';'Wed Oct 08, 2025 at 18:11:21'
'before_alignment_4_5.jpg';'TEST0_000000_0_1_2025-10-08_22-05-25/captures/before_alignment_4_5.jpg';1;'Wed Oct 08, 2025 at 18:11:59';'Wed Oct 08, 2025 at 18:11:59'
'before_alignment_5_4.jpg';'TEST0_000000_0_1_2025-10-08_22-05-25/captures/before_alignment_5_4.jpg';1;'Wed Oct 08, 2025 at 18:12:39';'Wed Oct 08, 2025 at 18:12:39'
'before_alignment_5_2.jpg';'TEST0_000000_0_1_2025-10-08_22-05-25/captures/before_alignment_5_2.jpg';1;'Wed Oct 08, 2025 at 18:13:17';'Wed Oct 08, 2025 at 18:13:17'
'before_alignment_1_5.jpg';'TEST0_000000_0_1_2025-10-09_17-28-27/captures/before_alignment_1_5.jpg';1;'Thu Oct 09, 2025 at 13:29:36';'Thu Oct 09, 2025 at 13:29:36'
'before_alignment_1_5.jpg';'TEST0_000000_0_1_2025-10-09_17-34-46/captures/before_alignment_1_5.jpg';1;'Thu Oct 09, 2025 at 13:35:30';'Thu Oct 09, 2025 at 13:35:30'
'before_alignment_1_5.jpg';'TEST0_000000_0_1_2025-10-09_17-44-41/captures/before_alignment_1_5.jpg';1;'Thu Oct 09, 2025 at 13:45:16';'Thu Oct 09, 2025 at 13:45:16'
'before_alignment_1_5.jpg';'TEST0_000000_0_1_2025-10-09_18-03-22/captures/before_alignment_1_5.jpg';1;'Thu Oct 09, 2025 at 14:04:02';'Thu Oct 09, 2025 at 14:04:02'
'before_alignment_1_5.jpg';'TEST0_000000_0_1_2025-10-09_18-22-09/captures/before_alignment_1_5.jpg';1;'Thu Oct 09, 2025 at 14:22:48';'Thu Oct 09, 2025 at 14:22:48'
'before_alignment_1_5.jpg';'TEST0_000000_0_1_2025-10-09_18-28-38/captures/before_alignment_1_5.jpg';1;'Thu Oct 09, 2025 at 14:29:18';'Thu Oct 09, 2025 at 14:29:18'
'after_alignment_1_5.jpg';'TEST0_000000_0_1_2025-10-09_18-37-32/captures/after_alignment_1_5.jpg';1;'Thu Oct 09, 2025 at 14:38:24';'Thu Oct 09, 2025 at 14:38:24'
'after_alignment_1_5.jpg';'TEST0_000000_0_1_2025-10-09_18-42-56/captures/after_alignment_1_5.jpg';1;'Thu Oct 09, 2025 at 14:43:31';'Thu Oct 09, 2025 at 14:43:31'
'before_alignment_1_5.jpg';'TEST0_000000_0_1_2025-10-09_18-59-02/captures/before_alignment_1_5.jpg';1;'Thu Oct 09, 2025 at 15:00:06';'Thu Oct 09, 2025 at 15:00:06'
'before_alignment_1_5.jpg';'TEST0_000000_0_1_2025-10-09_19-23-03/captures/before_alignment_1_5.jpg';1;'Thu Oct 09, 2025 at 15:23:38';'Thu Oct 09, 2025 at 15:23:38'
'before_alignment_1_5.jpg';'TEST0_000000_0_1_2025-10-09_19-32-07/captures/before_alignment_1_5.jpg';1;'Thu Oct 09, 2025 at 15:32:44';'Thu Oct 09, 2025 at 15:32:44'
'before_alignment_1_5.jpg';'TEST0_000000_0_1_2025-10-09_19-43-49/captures/before_alignment_1_5.jpg';1;'Thu Oct 09, 2025 at 15:44:19';'Thu Oct 09, 2025 at 15:44:19'
'before_alignment_1_5.jpg';'TEST0_000000000000000000000000_0_94_2025-10-10_21-54-32/captures/before_alignment_1_5.jpg';1;'Fri Oct 10, 2025 at 17:55:59';'Fri Oct 10, 2025 at 17:55:59'
'before_alignment_1_5.jpg';'TEST0_0000_0_1_2025-10-14_16-16-00/captures/before_alignment_1_5.jpg';1;'Tue Oct 14, 2025 at 12:17:04';'Tue Oct 14, 2025 at 12:17:04'
'before_alignment_1_3.jpg';'TEST0_0000_0_1_2025-10-14_16-16-00/captures/before_alignment_1_3.jpg';1;'Tue Oct 14, 2025 at 12:17:16';'Tue Oct 14, 2025 at 12:17:16'
'before_alignment_1_1.jpg';'TEST0_0000_0_1_2025-10-14_16-16-00/captures/before_alignment_1_1.jpg';1;'Tue Oct 14, 2025 at 12:17:54';'Tue Oct 14, 2025 at 12:17:54'
'before_alignment_1_4.jpg';'TEST0_000000_0_1_2025-10-14_16-32-40/captures/before_alignment_1_4.jpg';1;'Tue Oct 14, 2025 at 12:33:33';'Tue Oct 14, 2025 at 12:33:33'
'before_alignment_1_2.jpg';'TEST0_000000_0_1_2025-10-14_16-32-40/captures/before_alignment_1_2.jpg';1;'Tue Oct 14, 2025 at 12:34:12';'Tue Oct 14, 2025 at 12:34:12'
'before_alignment_1_5.jpg';'TEST0_000000_0_1_2025-10-14_16-45-02/captures/before_alignment_1_5.jpg';1;'Tue Oct 14, 2025 at 12:45:33';'Tue Oct 14, 2025 at 12:45:33'
'before_alignment_1_4.jpg';'TEST0_000000_0_1_2025-10-14_16-45-02/captures/before_alignment_1_4.jpg';1;'Tue Oct 14, 2025 at 12:45:33';'Tue Oct 14, 2025 at 12:45:33'
'before_alignment_1_3.jpg';'TEST0_000000_0_1_2025-10-14_16-45-02/captures/before_alignment_1_3.jpg';1;'Tue Oct 14, 2025 at 12:45:44';'Tue Oct 14, 2025 at 12:45:44'
'before_alignment_1_2.jpg';'TEST0_000000_0_1_2025-10-14_16-45-02/captures/before_alignment_1_2.jpg';1;'Tue Oct 14, 2025 at 12:45:56';'Tue Oct 14, 2025 at 12:45:56'
'before_alignment_1_1.jpg';'TEST0_000000_0_1_2025-10-14_16-45-02/captures/before_alignment_1_1.jpg';1;'Tue Oct 14, 2025 at 12:46:08';'Tue Oct 14, 2025 at 12:46:08'
'after_alignment_1_5.jpg';'TEST0_000000_0_1_2025-10-09_17-28-27/captures/after_alignment_1_5.jpg';1;'Thu Oct 09, 2025 at 13:29:36';'Thu Oct 09, 2025 at 13:29:36'
'before_alignment_1_5.jpg';'TEST0_000000_0_1_2025-10-09_17-40-46/captures/before_alignment_1_5.jpg';1;'Thu Oct 09, 2025 at 13:41:25';'Thu Oct 09, 2025 at 13:41:25'
'after_alignment_1_5.jpg';'TEST0_000000_0_1_2025-10-09_17-44-41/captures/after_alignment_1_5.jpg';1;'Thu Oct 09, 2025 at 13:45:16';'Thu Oct 09, 2025 at 13:45:16'
'after_alignment_1_5.jpg';'TEST0_000000_0_1_2025-10-09_18-03-22/captures/after_alignment_1_5.jpg';1;'Thu Oct 09, 2025 at 14:04:02';'Thu Oct 09, 2025 at 14:04:02'
'after_alignment_1_5.jpg';'TEST0_000000_0_1_2025-10-09_18-22-09/captures/after_alignment_1_5.jpg';1;'Thu Oct 09, 2025 at 14:22:48';'Thu Oct 09, 2025 at 14:22:48'
'before_alignment_1_5.jpg';'TEST0_000000_0_1_2025-10-09_18-37-32/captures/before_alignment_1_5.jpg';1;'Thu Oct 09, 2025 at 14:38:24';'Thu Oct 09, 2025 at 14:38:24'
'before_alignment_1_5.jpg';'TEST0_000000_0_1_2025-10-09_18-42-56/captures/before_alignment_1_5.jpg';1;'Thu Oct 09, 2025 at 14:43:31';'Thu Oct 09, 2025 at 14:43:31'
'before_alignment_1_5.jpg';'TEST0_000000_0_1_2025-10-09_18-47-11/captures/before_alignment_1_5.jpg';1;'Thu Oct 09, 2025 at 14:47:58';'Thu Oct 09, 2025 at 14:47:58'
'before_alignment_1_5.jpg';'TEST0_000000_0_1_2025-10-09_19-16-00/captures/before_alignment_1_5.jpg';1;'Thu Oct 09, 2025 at 15:17:08';'Thu Oct 09, 2025 at 15:17:08'
'after_alignment_1_5.jpg';'TEST0_000000_0_1_2025-10-09_19-23-03/captures/after_alignment_1_5.jpg';1;'Thu Oct 09, 2025 at 15:23:38';'Thu Oct 09, 2025 at 15:23:38'
'after_alignment_1_5.jpg';'TEST0_000000_0_1_2025-10-09_19-32-07/captures/after_alignment_1_5.jpg';1;'Thu Oct 09, 2025 at 15:32:44';'Thu Oct 09, 2025 at 15:32:44'
'after_alignment_1_5.jpg';'TEST0_000000_0_1_2025-10-09_19-43-49/captures/after_alignment_1_5.jpg';1;'Thu Oct 09, 2025 at 15:44:19';'Thu Oct 09, 2025 at 15:44:19'
'before_alignment_1_5.jpg';'TEST0_000000000000000000000000_0_96_2025-10-10_22-09-54/captures/before_alignment_1_5.jpg';1;'Fri Oct 10, 2025 at 18:10:43';'Fri Oct 10, 2025 at 18:10:43'
'before_alignment_1_4.jpg';'TEST0_0000_0_1_2025-10-14_16-16-00/captures/before_alignment_1_4.jpg';1;'Tue Oct 14, 2025 at 12:17:04';'Tue Oct 14, 2025 at 12:17:04'
'before_alignment_1_2.jpg';'TEST0_0000_0_1_2025-10-14_16-16-00/captures/before_alignment_1_2.jpg';1;'Tue Oct 14, 2025 at 12:17:35';'Tue Oct 14, 2025 at 12:17:35'
'before_alignment_1_5.jpg';'TEST0_000000_0_1_2025-10-14_16-32-40/captures/before_alignment_1_5.jpg';1;'Tue Oct 14, 2025 at 12:33:21';'Tue Oct 14, 2025 at 12:33:21'
'before_alignment_1_3.jpg';'TEST0_000000_0_1_2025-10-14_16-32-40/captures/before_alignment_1_3.jpg';1;'Tue Oct 14, 2025 at 12:33:52';'Tue Oct 14, 2025 at 12:33:52'
'before_alignment_1_1.jpg';'TEST0_000000_0_1_2025-10-14_16-32-40/captures/before_alignment_1_1.jpg';1;'Tue Oct 14, 2025 at 12:34:31';'Tue Oct 14, 2025 at 12:34:31'
'after_alignment_1_5.jpg';'TEST0_000000_0_1_2025-10-14_16-45-02/captures/after_alignment_1_5.jpg';1;'Tue Oct 14, 2025 at 12:45:33';'Tue Oct 14, 2025 at 12:45:33'
'after_alignment_1_4.jpg';'TEST0_000000_0_1_2025-10-14_16-45-02/captures/after_alignment_1_4.jpg';1;'Tue Oct 14, 2025 at 12:45:33';'Tue Oct 14, 2025 at 12:45:33'
'after_alignment_1_3.jpg';'TEST0_000000_0_1_2025-10-14_16-45-02/captures/after_alignment_1_3.jpg';1;'Tue Oct 14, 2025 at 12:45:44';'Tue Oct 14, 2025 at 12:45:44'
'after_alignment_1_2.jpg';'TEST0_000000_0_1_2025-10-14_16-45-02/captures/after_alignment_1_2.jpg';1;'Tue Oct 14, 2025 at 12:45:56';'Tue Oct 14, 2025 at 12:45:56'
'after_alignment_1_1.jpg';'TEST0_000000_0_1_2025-10-14_16-45-02/captures/after_alignment_1_1.jpg';1;'Tue Oct 14, 2025 at 12:46:08';'Tue Oct 14, 2025 at 12:46:08'
'before_alignment_1_5.jpg';'TEST00_000000000000000000000000_0_168_2025-10-17_20-55-46/captures/before_alignment_1_5.jpg';1;'Fri Oct 17, 2025 at 16:57:20';'Fri Oct 17, 2025 at 16:57:20'
'before_alignment_1_3.jpg';'TEST00_000000000000000000000000_0_168_2025-10-17_20-55-46/captures/before_alignment_1_3.jpg';1;'Fri Oct 17, 2025 at 16:57:20';'Fri Oct 17, 2025 at 16:57:20'
'before_alignment_1_1.jpg';'TEST00_000000000000000000000000_0_168_2025-10-17_20-55-46/captures/before_alignment_1_1.jpg';1;'Fri Oct 17, 2025 at 16:57:41';'Fri Oct 17, 2025 at 16:57:41'
'before_alignment_2_2.jpg';'TEST00_000000000000000000000000_0_168_2025-10-17_20-55-46/captures/before_alignment_2_2.jpg';1;'Fri Oct 17, 2025 at 16:58:19';'Fri Oct 17, 2025 at 16:58:19'
'before_alignment_2_4.jpg';'TEST00_000000000000000000000000_0_168_2025-10-17_20-55-46/captures/before_alignment_2_4.jpg';1;'Fri Oct 17, 2025 at 16:58:57';'Fri Oct 17, 2025 at 16:58:57'
'before_alignment_3_5.jpg';'TEST00_000000000000000000000000_0_168_2025-10-17_20-55-46/captures/before_alignment_3_5.jpg';1;'Fri Oct 17, 2025 at 16:59:36';'Fri Oct 17, 2025 at 16:59:36'
'before_alignment_3_3.jpg';'TEST00_000000000000000000000000_0_168_2025-10-17_20-55-46/captures/before_alignment_3_3.jpg';1;'Fri Oct 17, 2025 at 17:00:14';'Fri Oct 17, 2025 at 17:00:14'
'before_alignment_3_1.jpg';'TEST00_000000000000000000000000_0_168_2025-10-17_20-55-46/captures/before_alignment_3_1.jpg';1;'Fri Oct 17, 2025 at 17:00:53';'Fri Oct 17, 2025 at 17:00:53'
'before_alignment_4_2.jpg';'TEST00_000000000000000000000000_0_168_2025-10-17_20-55-46/captures/before_alignment_4_2.jpg';1;'Fri Oct 17, 2025 at 17:01:30';'Fri Oct 17, 2025 at 17:01:30'
'before_alignment_4_3.jpg';'TEST00_000000000000000000000000_0_168_2025-10-17_20-55-46/captures/before_alignment_4_3.jpg';1;'Fri Oct 17, 2025 at 17:01:49';'Fri Oct 17, 2025 at 17:01:49'
'before_alignment_4_5.jpg';'TEST00_000000000000000000000000_0_168_2025-10-17_20-55-46/captures/before_alignment_4_5.jpg';1;'Fri Oct 17, 2025 at 17:02:27';'Fri Oct 17, 2025 at 17:02:27'
'before_alignment_5_4.jpg';'TEST00_000000000000000000000000_0_168_2025-10-17_20-55-46/captures/before_alignment_5_4.jpg';1;'Fri Oct 17, 2025 at 17:03:06';'Fri Oct 17, 2025 at 17:03:06'
'before_alignment_5_2.jpg';'TEST00_000000000000000000000000_0_168_2025-10-17_20-55-46/captures/before_alignment_5_2.jpg';1;'Fri Oct 17, 2025 at 17:03:44';'Fri Oct 17, 2025 at 17:03:44'
'before_alignment_1_5.jpg';'TEST01_000000000000000000000001_0_169_2025-10-17_21-10-42/captures/before_alignment_1_5.jpg';1;'Fri Oct 17, 2025 at 17:11:33';'Fri Oct 17, 2025 at 17:11:33'
'before_alignment_1_3.jpg';'TEST01_000000000000000000000001_0_169_2025-10-17_21-10-42/captures/before_alignment_1_3.jpg';1;'Fri Oct 17, 2025 at 17:11:52';'Fri Oct 17, 2025 at 17:11:52'
'before_alignment_1_1.jpg';'TEST01_000000000000000000000001_0_169_2025-10-17_21-10-42/captures/before_alignment_1_1.jpg';1;'Fri Oct 17, 2025 at 17:12:26';'Fri Oct 17, 2025 at 17:12:26'
'before_alignment_2_2.jpg';'TEST01_000000000000000000000001_0_169_2025-10-17_21-10-42/captures/before_alignment_2_2.jpg';1;'Fri Oct 17, 2025 at 17:13:01';'Fri Oct 17, 2025 at 17:13:01'
'before_alignment_2_4.jpg';'TEST01_000000000000000000000001_0_169_2025-10-17_21-10-42/captures/before_alignment_2_4.jpg';1;'Fri Oct 17, 2025 at 17:13:35';'Fri Oct 17, 2025 at 17:13:35'
'before_alignment_3_5.jpg';'TEST01_000000000000000000000001_0_169_2025-10-17_21-10-42/captures/before_alignment_3_5.jpg';1;'Fri Oct 17, 2025 at 17:14:09';'Fri Oct 17, 2025 at 17:14:09'
'before_alignment_3_3.jpg';'TEST01_000000000000000000000001_0_169_2025-10-17_21-10-42/captures/before_alignment_3_3.jpg';1;'Fri Oct 17, 2025 at 17:14:43';'Fri Oct 17, 2025 at 17:14:43'
'before_alignment_3_1.jpg';'TEST01_000000000000000000000001_0_169_2025-10-17_21-10-42/captures/before_alignment_3_1.jpg';1;'Fri Oct 17, 2025 at 17:15:17';'Fri Oct 17, 2025 at 17:15:17'
'before_alignment_4_2.jpg';'TEST01_000000000000000000000001_0_169_2025-10-17_21-10-42/captures/before_alignment_4_2.jpg';1;'Fri Oct 17, 2025 at 17:15:51';'Fri Oct 17, 2025 at 17:15:51'
'before_alignment_4_4.jpg';'TEST01_000000000000000000000001_0_169_2025-10-17_21-10-42/captures/before_alignment_4_4.jpg';1;'Fri Oct 17, 2025 at 17:16:26';'Fri Oct 17, 2025 at 17:16:26'
'before_alignment_5_5.jpg';'TEST01_000000000000000000000001_0_169_2025-10-17_21-10-42/captures/before_alignment_5_5.jpg';1;'Fri Oct 17, 2025 at 17:17:00';'Fri Oct 17, 2025 at 17:17:00'
'before_alignment_5_3.jpg';'TEST01_000000000000000000000001_0_169_2025-10-17_21-10-42/captures/before_alignment_5_3.jpg';1;'Fri Oct 17, 2025 at 17:17:34';'Fri Oct 17, 2025 at 17:17:34'
'before_alignment_5_1.jpg';'TEST01_000000000000000000000001_0_169_2025-10-17_21-10-42/captures/before_alignment_5_1.jpg';1;'Fri Oct 17, 2025 at 17:18:08';'Fri Oct 17, 2025 at 17:18:08'
'before_alignment_1_4.jpg';'TEST02_000000000000000000000002_0_171_2025-10-17_21-38-20/captures/before_alignment_1_4.jpg';1;'Fri Oct 17, 2025 at 17:39:49';'Fri Oct 17, 2025 at 17:39:49'
'before_alignment_1_2.jpg';'TEST02_000000000000000000000002_0_171_2025-10-17_21-38-20/captures/before_alignment_1_2.jpg';1;'Fri Oct 17, 2025 at 17:39:49';'Fri Oct 17, 2025 at 17:39:49'
'before_alignment_1_4.jpg';'TEST02_000000000000000000000002_0_172_2025-10-17_21-47-14/captures/before_alignment_1_4.jpg';1;'Fri Oct 17, 2025 at 17:48:13';'Fri Oct 17, 2025 at 17:48:13'
'before_alignment_1_2.jpg';'TEST02_000000000000000000000002_0_172_2025-10-17_21-47-14/captures/before_alignment_1_2.jpg';1;'Fri Oct 17, 2025 at 17:48:52';'Fri Oct 17, 2025 at 17:48:52'
'before_alignment_2_1.jpg';'TEST02_000000000000000000000002_0_172_2025-10-17_21-47-14/captures/before_alignment_2_1.jpg';1;'Fri Oct 17, 2025 at 17:49:30';'Fri Oct 17, 2025 at 17:49:30'
'before_alignment_2_3.jpg';'TEST02_000000000000000000000002_0_172_2025-10-17_21-47-14/captures/before_alignment_2_3.jpg';1;'Fri Oct 17, 2025 at 17:50:08';'Fri Oct 17, 2025 at 17:50:08'
'before_alignment_2_5.jpg';'TEST02_000000000000000000000002_0_172_2025-10-17_21-47-14/captures/before_alignment_2_5.jpg';1;'Fri Oct 17, 2025 at 17:50:47';'Fri Oct 17, 2025 at 17:50:47'
'before_alignment_3_4.jpg';'TEST02_000000000000000000000002_0_172_2025-10-17_21-47-14/captures/before_alignment_3_4.jpg';1;'Fri Oct 17, 2025 at 17:51:25';'Fri Oct 17, 2025 at 17:51:25'
'before_alignment_3_2.jpg';'TEST02_000000000000000000000002_0_172_2025-10-17_21-47-14/captures/before_alignment_3_2.jpg';1;'Fri Oct 17, 2025 at 17:52:03';'Fri Oct 17, 2025 at 17:52:03'
'before_alignment_4_1.jpg';'TEST02_000000000000000000000002_0_172_2025-10-17_21-47-14/captures/before_alignment_4_1.jpg';1;'Fri Oct 17, 2025 at 17:52:31';'Fri Oct 17, 2025 at 17:52:31'
'before_alignment_4_2.jpg';'TEST02_000000000000000000000002_0_172_2025-10-17_21-47-14/captures/before_alignment_4_2.jpg';1;'Fri Oct 17, 2025 at 17:52:51';'Fri Oct 17, 2025 at 17:52:51'
'before_alignment_4_4.jpg';'TEST02_000000000000000000000002_0_172_2025-10-17_21-47-14/captures/before_alignment_4_4.jpg';1;'Fri Oct 17, 2025 at 17:53:29';'Fri Oct 17, 2025 at 17:53:29'
'before_alignment_5_5.jpg';'TEST02_000000000000000000000002_0_172_2025-10-17_21-47-14/captures/before_alignment_5_5.jpg';1;'Fri Oct 17, 2025 at 17:54:07';'Fri Oct 17, 2025 at 17:54:07'
'before_alignment_5_3.jpg';'TEST02_000000000000000000000002_0_172_2025-10-17_21-47-14/captures/before_alignment_5_3.jpg';1;'Fri Oct 17, 2025 at 17:54:46';'Fri Oct 17, 2025 at 17:54:46'
'before_alignment_5_1.jpg';'TEST02_000000000000000000000002_0_172_2025-10-17_21-47-14/captures/before_alignment_5_1.jpg';1;'Fri Oct 17, 2025 at 17:55:24';'Fri Oct 17, 2025 at 17:55:24'
'before_alignment_1_4.jpg';'TEST00_000000000000000000000000_0_168_2025-10-17_20-55-46/captures/before_alignment_1_4.jpg';1;'Fri Oct 17, 2025 at 16:57:20';'Fri Oct 17, 2025 at 16:57:20'
'before_alignment_1_2.jpg';'TEST00_000000000000000000000000_0_168_2025-10-17_20-55-46/captures/before_alignment_1_2.jpg';1;'Fri Oct 17, 2025 at 16:57:21';'Fri Oct 17, 2025 at 16:57:21'
'before_alignment_2_1.jpg';'TEST00_000000000000000000000000_0_168_2025-10-17_20-55-46/captures/before_alignment_2_1.jpg';1;'Fri Oct 17, 2025 at 16:58:00';'Fri Oct 17, 2025 at 16:58:00'
'before_alignment_2_3.jpg';'TEST00_000000000000000000000000_0_168_2025-10-17_20-55-46/captures/before_alignment_2_3.jpg';1;'Fri Oct 17, 2025 at 16:58:38';'Fri Oct 17, 2025 at 16:58:38'
'before_alignment_2_5.jpg';'TEST00_000000000000000000000000_0_168_2025-10-17_20-55-46/captures/before_alignment_2_5.jpg';1;'Fri Oct 17, 2025 at 16:59:17';'Fri Oct 17, 2025 at 16:59:17'
'before_alignment_3_4.jpg';'TEST00_000000000000000000000000_0_168_2025-10-17_20-55-46/captures/before_alignment_3_4.jpg';1;'Fri Oct 17, 2025 at 16:59:55';'Fri Oct 17, 2025 at 16:59:55'
'before_alignment_3_2.jpg';'TEST00_000000000000000000000000_0_168_2025-10-17_20-55-46/captures/before_alignment_3_2.jpg';1;'Fri Oct 17, 2025 at 17:00:33';'Fri Oct 17, 2025 at 17:00:33'
'before_alignment_4_1.jpg';'TEST00_000000000000000000000000_0_168_2025-10-17_20-55-46/captures/before_alignment_4_1.jpg';1;'Fri Oct 17, 2025 at 17:01:12';'Fri Oct 17, 2025 at 17:01:12'
'after_alignment_4_2.jpg';'TEST00_000000000000000000000000_0_168_2025-10-17_20-55-46/captures/after_alignment_4_2.jpg';1;'Fri Oct 17, 2025 at 17:01:30';'Fri Oct 17, 2025 at 17:01:30'
'before_alignment_4_4.jpg';'TEST00_000000000000000000000000_0_168_2025-10-17_20-55-46/captures/before_alignment_4_4.jpg';1;'Fri Oct 17, 2025 at 17:02:08';'Fri Oct 17, 2025 at 17:02:08'
'before_alignment_5_5.jpg';'TEST00_000000000000000000000000_0_168_2025-10-17_20-55-46/captures/before_alignment_5_5.jpg';1;'Fri Oct 17, 2025 at 17:02:46';'Fri Oct 17, 2025 at 17:02:46'
'before_alignment_5_3.jpg';'TEST00_000000000000000000000000_0_168_2025-10-17_20-55-46/captures/before_alignment_5_3.jpg';1;'Fri Oct 17, 2025 at 17:03:25';'Fri Oct 17, 2025 at 17:03:25'
'before_alignment_5_1.jpg';'TEST00_000000000000000000000000_0_168_2025-10-17_20-55-46/captures/before_alignment_5_1.jpg';1;'Fri Oct 17, 2025 at 17:04:03';'Fri Oct 17, 2025 at 17:04:03'
'before_alignment_1_4.jpg';'TEST01_000000000000000000000001_0_169_2025-10-17_21-10-42/captures/before_alignment_1_4.jpg';1;'Fri Oct 17, 2025 at 17:11:35';'Fri Oct 17, 2025 at 17:11:35'
'before_alignment_1_2.jpg';'TEST01_000000000000000000000001_0_169_2025-10-17_21-10-42/captures/before_alignment_1_2.jpg';1;'Fri Oct 17, 2025 at 17:12:09';'Fri Oct 17, 2025 at 17:12:09'
'before_alignment_2_1.jpg';'TEST01_000000000000000000000001_0_169_2025-10-17_21-10-42/captures/before_alignment_2_1.jpg';1;'Fri Oct 17, 2025 at 17:12:44';'Fri Oct 17, 2025 at 17:12:44'
'before_alignment_2_3.jpg';'TEST01_000000000000000000000001_0_169_2025-10-17_21-10-42/captures/before_alignment_2_3.jpg';1;'Fri Oct 17, 2025 at 17:13:18';'Fri Oct 17, 2025 at 17:13:18'
'before_alignment_2_5.jpg';'TEST01_000000000000000000000001_0_169_2025-10-17_21-10-42/captures/before_alignment_2_5.jpg';1;'Fri Oct 17, 2025 at 17:13:52';'Fri Oct 17, 2025 at 17:13:52'
'before_alignment_3_4.jpg';'TEST01_000000000000000000000001_0_169_2025-10-17_21-10-42/captures/before_alignment_3_4.jpg';1;'Fri Oct 17, 2025 at 17:14:26';'Fri Oct 17, 2025 at 17:14:26'
'before_alignment_3_2.jpg';'TEST01_000000000000000000000001_0_169_2025-10-17_21-10-42/captures/before_alignment_3_2.jpg';1;'Fri Oct 17, 2025 at 17:15:00';'Fri Oct 17, 2025 at 17:15:00'
'before_alignment_4_1.jpg';'TEST01_000000000000000000000001_0_169_2025-10-17_21-10-42/captures/before_alignment_4_1.jpg';1;'Fri Oct 17, 2025 at 17:15:34';'Fri Oct 17, 2025 at 17:15:34'
'before_alignment_4_3.jpg';'TEST01_000000000000000000000001_0_169_2025-10-17_21-10-42/captures/before_alignment_4_3.jpg';1;'Fri Oct 17, 2025 at 17:16:08';'Fri Oct 17, 2025 at 17:16:08'
'before_alignment_4_5.jpg';'TEST01_000000000000000000000001_0_169_2025-10-17_21-10-42/captures/before_alignment_4_5.jpg';1;'Fri Oct 17, 2025 at 17:16:43';'Fri Oct 17, 2025 at 17:16:43'
'before_alignment_5_4.jpg';'TEST01_000000000000000000000001_0_169_2025-10-17_21-10-42/captures/before_alignment_5_4.jpg';1;'Fri Oct 17, 2025 at 17:17:17';'Fri Oct 17, 2025 at 17:17:17'
'before_alignment_5_2.jpg';'TEST01_000000000000000000000001_0_169_2025-10-17_21-10-42/captures/before_alignment_5_2.jpg';1;'Fri Oct 17, 2025 at 17:17:51';'Fri Oct 17, 2025 at 17:17:51'
'before_alignment_1_5.jpg';'TEST02_000000000000000000000002_0_171_2025-10-17_21-38-20/captures/before_alignment_1_5.jpg';1;'Fri Oct 17, 2025 at 17:39:49';'Fri Oct 17, 2025 at 17:39:49'
'before_alignment_1_3.jpg';'TEST02_000000000000000000000002_0_171_2025-10-17_21-38-20/captures/before_alignment_1_3.jpg';1;'Fri Oct 17, 2025 at 17:39:49';'Fri Oct 17, 2025 at 17:39:49'
'before_alignment_1_5.jpg';'TEST02_000000000000000000000002_0_172_2025-10-17_21-47-14/captures/before_alignment_1_5.jpg';1;'Fri Oct 17, 2025 at 17:48:05';'Fri Oct 17, 2025 at 17:48:05'
'before_alignment_1_3.jpg';'TEST02_000000000000000000000002_0_172_2025-10-17_21-47-14/captures/before_alignment_1_3.jpg';1;'Fri Oct 17, 2025 at 17:48:32';'Fri Oct 17, 2025 at 17:48:32'
'before_alignment_1_1.jpg';'TEST02_000000000000000000000002_0_172_2025-10-17_21-47-14/captures/before_alignment_1_1.jpg';1;'Fri Oct 17, 2025 at 17:49:11';'Fri Oct 17, 2025 at 17:49:11'
'before_alignment_2_2.jpg';'TEST02_000000000000000000000002_0_172_2025-10-17_21-47-14/captures/before_alignment_2_2.jpg';1;'Fri Oct 17, 2025 at 17:49:49';'Fri Oct 17, 2025 at 17:49:49'
'before_alignment_2_4.jpg';'TEST02_000000000000000000000002_0_172_2025-10-17_21-47-14/captures/before_alignment_2_4.jpg';1;'Fri Oct 17, 2025 at 17:50:27';'Fri Oct 17, 2025 at 17:50:27'
'before_alignment_3_5.jpg';'TEST02_000000000000000000000002_0_172_2025-10-17_21-47-14/captures/before_alignment_3_5.jpg';1;'Fri Oct 17, 2025 at 17:51:06';'Fri Oct 17, 2025 at 17:51:06'
'before_alignment_3_3.jpg';'TEST02_000000000000000000000002_0_172_2025-10-17_21-47-14/captures/before_alignment_3_3.jpg';1;'Fri Oct 17, 2025 at 17:51:44';'Fri Oct 17, 2025 at 17:51:44'
'before_alignment_3_1.jpg';'TEST02_000000000000000000000002_0_172_2025-10-17_21-47-14/captures/before_alignment_3_1.jpg';1;'Fri Oct 17, 2025 at 17:52:23';'Fri Oct 17, 2025 at 17:52:23'
'after_alignment_4_1.jpg';'TEST02_000000000000000000000002_0_172_2025-10-17_21-47-14/captures/after_alignment_4_1.jpg';1;'Fri Oct 17, 2025 at 17:52:31';'Fri Oct 17, 2025 at 17:52:31'
'before_alignment_4_3.jpg';'TEST02_000000000000000000000002_0_172_2025-10-17_21-47-14/captures/before_alignment_4_3.jpg';1;'Fri Oct 17, 2025 at 17:53:10';'Fri Oct 17, 2025 at 17:53:10'
'before_alignment_4_5.jpg';'TEST02_000000000000000000000002_0_172_2025-10-17_21-47-14/captures/before_alignment_4_5.jpg';1;'Fri Oct 17, 2025 at 17:53:48';'Fri Oct 17, 2025 at 17:53:48'
'before_alignment_5_4.jpg';'TEST02_000000000000000000000002_0_172_2025-10-17_21-47-14/captures/before_alignment_5_4.jpg';1;'Fri Oct 17, 2025 at 17:54:27';'Fri Oct 17, 2025 at 17:54:27'
'before_alignment_5_2.jpg';'TEST02_000000000000000000000002_0_172_2025-10-17_21-47-14/captures/before_alignment_5_2.jpg';1;'Fri Oct 17, 2025 at 17:55:05';'Fri Oct 17, 2025 at 17:55:05'
'experiment_data_LMI-Trial-Ignore-Parameters_20251020_Al_F417.xlsx';'SeeMoveShootData/experiment_data_LMI-Trial-Ignore-Parameters_20251020_Al_F417.xlsx';1;'Mon Oct 20, 2025 at 16:17:57';'Mon Oct 20, 2025 at 16:17:57'
'experiment_data_trial_20251020_x_x.xlsx';'SeeMoveShootData/experiment_data_trial_20251020_x_x.xlsx';1;'Mon Oct 20, 2025 at 12:20:47';'Mon Oct 20, 2025 at 12:20:47'
'experiment_data_trial_20251020_x_x.xlsx';'SeeMoveShootData/experiment_data_trial_20251020_x_x.xlsx';1;'Mon Oct 20, 2025 at 12:21:22';'Mon Oct 20, 2025 at 12:21:22'
'experiment_data_trial_20251020_x_x.xlsx';'SeeMoveShootData/experiment_data_trial_20251020_x_x.xlsx';1;'Mon Oct 20, 2025 at 12:22:08';'Mon Oct 20, 2025 at 12:22:08'
'experiment_data_trial_20251020_x_x.xlsx';'SeeMoveShootData/experiment_data_trial_20251020_x_x.xlsx';1;'Mon Oct 20, 2025 at 12:22:54';'Mon Oct 20, 2025 at 12:22:54'
'experiment_data_trial_20251020_Al_F417.xlsx';'SeeMoveShootData/experiment_data_trial_20251020_Al_F417.xlsx';1;'Mon Oct 20, 2025 at 12:29:30';'Mon Oct 20, 2025 at 12:29:30'
'experiment_data_trial_20251020_Al_F417.xlsx';'SeeMoveShootData/experiment_data_trial_20251020_Al_F417.xlsx';1;'Mon Oct 20, 2025 at 12:29:47';'Mon Oct 20, 2025 at 12:29:47'
'experiment_data_trial_20251020_Al_F417.xlsx';'SeeMoveShootData/experiment_data_trial_20251020_Al_F417.xlsx';1;'Mon Oct 20, 2025 at 12:30:25';'Mon Oct 20, 2025 at 12:30:25'
'experiment_data_trial_20251020_Al_F417.xlsx';'SeeMoveShootData/experiment_data_trial_20251020_Al_F417.xlsx';1;'Mon Oct 20, 2025 at 12:30:49';'Mon Oct 20, 2025 at 12:30:49'
'experiment_data_trial_20251020_Al_F417.xlsx';'SeeMoveShootData/experiment_data_trial_20251020_Al_F417.xlsx';1;'Mon Oct 20, 2025 at 16:31:07';'Mon Oct 20, 2025 at 16:31:07'
'experiment_data_trial_20251020_Al_F417.xlsx';'SeeMoveShootData/experiment_data_trial_20251020_Al_F417.xlsx';1;'Mon Oct 20, 2025 at 12:31:26';'Mon Oct 20, 2025 at 12:31:26'
'experiment_data_trial_20251020_Al_F417.xlsx';'SeeMoveShootData/experiment_data_trial_20251020_Al_F417.xlsx';1;'Mon Oct 20, 2025 at 12:31:51';'Mon Oct 20, 2025 at 12:31:51'
'experiment_data_trial_20251020_Al_F417.xlsx';'SeeMoveShootData/experiment_data_trial_20251020_Al_F417.xlsx';1;'Mon Oct 20, 2025 at 12:32:28';'Mon Oct 20, 2025 at 12:32:28'
'experiment_data_trial_20251020_Al_F417.xlsx';'SeeMoveShootData/experiment_data_trial_20251020_Al_F417.xlsx';1;'Mon Oct 20, 2025 at 12:32:52';'Mon Oct 20, 2025 at 12:32:52'
'experiment_data_trial_20251020_Al_F417.xlsx';'SeeMoveShootData/experiment_data_trial_20251020_Al_F417.xlsx';1;'Mon Oct 20, 2025 at 12:33:11';'Mon Oct 20, 2025 at 12:33:11'
'experiment_data_trial_20251020_Al_F417.xlsx';'SeeMoveShootData/experiment_data_trial_20251020_Al_F417.xlsx';1;'Mon Oct 20, 2025 at 12:33:48';'Mon Oct 20, 2025 at 12:33:48'
'experiment_data_trial_20251020_Al_F417.xlsx';'SeeMoveShootData/experiment_data_trial_20251020_Al_F417.xlsx';1;'Mon Oct 20, 2025 at 12:34:32';'Mon Oct 20, 2025 at 12:34:32'
'experiment_data_trial_20251020_Al_F417.xlsx';'SeeMoveShootData/experiment_data_trial_20251020_Al_F417.xlsx';1;'Mon Oct 20, 2025 at 12:35:16';'Mon Oct 20, 2025 at 12:35:16'
'experiment_data_trial_20251020_Al_F417.xlsx';'SeeMoveShootData/experiment_data_trial_20251020_Al_F417.xlsx';1;'Mon Oct 20, 2025 at 12:40:29';'Mon Oct 20, 2025 at 12:40:29'
'experiment_data_trial_20251020_Al_F417.xlsx';'SeeMoveShootData/experiment_data_trial_20251020_Al_F417.xlsx';1;'Mon Oct 20, 2025 at 12:40:47';'Mon Oct 20, 2025 at 12:40:47'
'experiment_data_trial_20251020_Al_F417.xlsx';'SeeMoveShootData/experiment_data_trial_20251020_Al_F417.xlsx';1;'Mon Oct 20, 2025 at 12:41:03';'Mon Oct 20, 2025 at 12:41:03'
'experiment_data_trial_20251020_Al_F417.xlsx';'SeeMoveShootData/experiment_data_trial_20251020_Al_F417.xlsx';1;'Mon Oct 20, 2025 at 12:41:23';'Mon Oct 20, 2025 at 12:41:23'
'experiment_data_trial_20251020_Al_F417.xlsx';'SeeMoveShootData/experiment_data_trial_20251020_Al_F417.xlsx';1;'Mon Oct 20, 2025 at 12:41:42';'Mon Oct 20, 2025 at 12:41:42'
'experiment_data_trial_20251020_Al_F417.xlsx';'SeeMoveShootData/experiment_data_trial_20251020_Al_F417.xlsx';1;'Mon Oct 20, 2025 at 12:42:09';'Mon Oct 20, 2025 at 12:42:09'
'experiment_data_trial_20251020_Al_F417.xlsx';'SeeMoveShootData/experiment_data_trial_20251020_Al_F417.xlsx';1;'Mon Oct 20, 2025 at 12:42:28';'Mon Oct 20, 2025 at 12:42:28'
'experiment_data_trial_20251020_Al_F417.xlsx';'SeeMoveShootData/experiment_data_trial_20251020_Al_F417.xlsx';1;'Mon Oct 20, 2025 at 12:42:47';'Mon Oct 20, 2025 at 12:42:47'
'experiment_data_trial_20251020_Al_F417.xlsx';'SeeMoveShootData/experiment_data_trial_20251020_Al_F417.xlsx';1;'Mon Oct 20, 2025 at 12:43:05';'Mon Oct 20, 2025 at 12:43:05'
'experiment_data_trial_20251020_Al_F417.xlsx';'SeeMoveShootData/experiment_data_trial_20251020_Al_F417.xlsx';1;'Mon Oct 20, 2025 at 12:43:24';'Mon Oct 20, 2025 at 12:43:24'
'experiment_data_trial_20251020_Al_F417.xlsx';'SeeMoveShootData/experiment_data_trial_20251020_Al_F417.xlsx';1;'Mon Oct 20, 2025 at 12:43:42';'Mon Oct 20, 2025 at 12:43:42'
'experiment_data_trial_20251020_Al_F417.xlsx';'SeeMoveShootData/experiment_data_trial_20251020_Al_F417.xlsx';1;'Mon Oct 20, 2025 at 12:44:01';'Mon Oct 20, 2025 at 12:44:01'
'experiment_data_LMI-Shots_20251020_Al_xtest.xlsx';'SeeMoveShootData/experiment_data_LMI-Shots_20251020_Al_xtest.xlsx';1;'Mon Oct 20, 2025 at 13:04:55';'Mon Oct 20, 2025 at 13:04:55'
'experiment_data_LMI-Shots_20251020_Al_xtestx.xlsx';'SeeMoveShootData/experiment_data_LMI-Shots_20251020_Al_xtestx.xlsx';1;'Mon Oct 20, 2025 at 13:05:58';'Mon Oct 20, 2025 at 13:05:58'
'~$experiment_data_LMI-Shots_20251020_Al_xtestx.xlsx';'SeeMoveShootData/~$experiment_data_LMI-Shots_20251020_Al_xtestx.xlsx';1;'Mon Oct 20, 2025 at 13:06:54';'Mon Oct 20, 2025 at 13:06:54'
'experiment_data_LMI-Shots_20251020_Al_F417--test.xlsx';'SeeMoveShootData/experiment_data_LMI-Shots_20251020_Al_F417--test.xlsx';1;'Mon Oct 20, 2025 at 13:22:49';'Mon Oct 20, 2025 at 13:22:49'
'~$experiment_data_LMI-Shots_20251020_Al_F417--test.xlsx';'SeeMoveShootData/~$experiment_data_LMI-Shots_20251020_Al_F417--test.xlsx';1;'Mon Oct 20, 2025 at 13:24:09';'Mon Oct 20, 2025 at 13:24:09'
'~$experiment_data_LMI-Shots_20251020_Al_F4test.xlsx';'SeeMoveShootData/~$experiment_data_LMI-Shots_20251020_Al_F4test.xlsx';1;'Mon Oct 20, 2025 at 13:34:56';'Mon Oct 20, 2025 at 13:34:56'
'~$experiment_data_trial_20251020_Al_F417.xlsx';'SeeMoveShootData/~$experiment_data_trial_20251020_Al_F417.xlsx';1;'Mon Oct 20, 2025 at 13:35:28';'Mon Oct 20, 2025 at 13:35:28'
'experiment_data_LMI-Shots_20251020_Al_Ftest-7.xlsx';'SeeMoveShootData/experiment_data_LMI-Shots_20251020_Al_Ftest-7.xlsx';1;'Mon Oct 20, 2025 at 17:40:58';'Mon Oct 20, 2025 at 17:40:58'
'experiment_data_LMI-Shots_20251020_Al_Ftest-7.xlsx';'SeeMoveShootData/experiment_data_LMI-Shots_20251020_Al_Ftest-7.xlsx';1;'Mon Oct 20, 2025 at 13:41:18';'Mon Oct 20, 2025 at 13:41:18'
'~$experiment_data_LMI-Shots_20251020_Al_Ftest-7.xlsx';'SeeMoveShootData/~$experiment_data_LMI-Shots_20251020_Al_Ftest-7.xlsx';1;'Mon Oct 20, 2025 at 13:44:14';'Mon Oct 20, 2025 at 13:44:14'
'experiment_data_trial_20251020_Al_Fxxx.xlsx';'SeeMoveShootData/experiment_data_trial_20251020_Al_Fxxx.xlsx';1;'Mon Oct 20, 2025 at 16:15:33';'Mon Oct 20, 2025 at 16:15:33'
'experiment_data_trial_20251020_Al_Fxxx.xlsx';'SeeMoveShootData/experiment_data_trial_20251020_Al_Fxxx.xlsx';1;'Mon Oct 20, 2025 at 16:18:10';'Mon Oct 20, 2025 at 16:18:10'
'experiment_data_trial_20251020_Al_Fxxx.xlsx';'SeeMoveShootData/experiment_data_trial_20251020_Al_Fxxx.xlsx';1;'Mon Oct 20, 2025 at 16:19:06';'Mon Oct 20, 2025 at 16:19:06'
'experiment_data_trial_20251020_Al_Fxxx.xlsx';'SeeMoveShootData/experiment_data_trial_20251020_Al_Fxxx.xlsx';1;'Mon Oct 20, 2025 at 16:35:26';'Mon Oct 20, 2025 at 16:35:26'
'experiment_data_trial_20251020_Al_Fxxx.xlsx';'SeeMoveShootData/experiment_data_trial_20251020_Al_Fxxx.xlsx';1;'Mon Oct 20, 2025 at 16:36:59';'Mon Oct 20, 2025 at 16:36:59'
'experiment_data_Velocity-Shots_20251020_Al_F512.xlsx';'SeeMoveShootData/experiment_data_Velocity-Shots_20251020_Al_F512.xlsx';1;'Mon Oct 20, 2025 at 16:57:42';'Mon Oct 20, 2025 at 16:57:42'
'experiment_data_Velocity-Shots_20251020_Al_F512.xlsx';'SeeMoveShootData/experiment_data_Velocity-Shots_20251020_Al_F512.xlsx';1;'Mon Oct 20, 2025 at 16:58:02';'Mon Oct 20, 2025 at 16:58:02'
'experiment_data_Velocity-Shots_20251020_Al_F512.xlsx';'SeeMoveShootData/experiment_data_Velocity-Shots_20251020_Al_F512.xlsx';1;'Mon Oct 20, 2025 at 16:58:20';'Mon Oct 20, 2025 at 16:58:20'
'experiment_data_Velocity-Shots_20251020_Al_F512.xlsx';'SeeMoveShootData/experiment_data_Velocity-Shots_20251020_Al_F512.xlsx';1;'Mon Oct 20, 2025 at 16:58:36';'Mon Oct 20, 2025 at 16:58:36'
'experiment_data_Velocity-Shots_20251020_Al_F512.xlsx';'SeeMoveShootData/experiment_data_Velocity-Shots_20251020_Al_F512.xlsx';1;'Mon Oct 20, 2025 at 17:35:18';'Mon Oct 20, 2025 at 17:35:18'
'experiment_data_Velocity-Shots_20251020_Al_F512.xlsx';'SeeMoveShootData/experiment_data_Velocity-Shots_20251020_Al_F512.xlsx';1;'Mon Oct 20, 2025 at 17:38:25';'Mon Oct 20, 2025 at 17:38:25'
'experiment_data_trial_20251020_x_x.xlsx';'SeeMoveShootData/experiment_data_trial_20251020_x_x.xlsx';1;'Mon Oct 20, 2025 at 16:20:22';'Mon Oct 20, 2025 at 16:20:22'
'experiment_data_trial_20251020_x_x.xlsx';'SeeMoveShootData/experiment_data_trial_20251020_x_x.xlsx';1;'Mon Oct 20, 2025 at 12:21:06';'Mon Oct 20, 2025 at 12:21:06'
'experiment_data_trial_20251020_x_x.xlsx';'SeeMoveShootData/experiment_data_trial_20251020_x_x.xlsx';1;'Mon Oct 20, 2025 at 12:21:53';'Mon Oct 20, 2025 at 12:21:53'
'experiment_data_trial_20251020_x_x.xlsx';'SeeMoveShootData/experiment_data_trial_20251020_x_x.xlsx';1;'Mon Oct 20, 2025 at 12:22:36';'Mon Oct 20, 2025 at 12:22:36'
'experiment_data_test_20251020_x_x.xlsx';'SeeMoveShootData/experiment_data_test_20251020_x_x.xlsx';1;'Mon Oct 20, 2025 at 12:28:17';'Mon Oct 20, 2025 at 12:28:17'
'experiment_data_trial_20251020_Al_F417.xlsx';'SeeMoveShootData/experiment_data_trial_20251020_Al_F417.xlsx';1;'Mon Oct 20, 2025 at 12:29:38';'Mon Oct 20, 2025 at 12:29:38'
'experiment_data_trial_20251020_Al_F417.xlsx';'SeeMoveShootData/experiment_data_trial_20251020_Al_F417.xlsx';1;'Mon Oct 20, 2025 at 12:29:56';'Mon Oct 20, 2025 at 12:29:56'
'experiment_data_trial_20251020_Al_F417.xlsx';'SeeMoveShootData/experiment_data_trial_20251020_Al_F417.xlsx';1;'Mon Oct 20, 2025 at 12:30:37';'Mon Oct 20, 2025 at 12:30:37'
'experiment_data_trial_20251020_Al_F417.xlsx';'SeeMoveShootData/experiment_data_trial_20251020_Al_F417.xlsx';1;'Mon Oct 20, 2025 at 12:30:59';'Mon Oct 20, 2025 at 12:30:59'
'experiment_data_trial_20251020_Al_F417.xlsx';'SeeMoveShootData/experiment_data_trial_20251020_Al_F417.xlsx';1;'Mon Oct 20, 2025 at 12:31:17';'Mon Oct 20, 2025 at 12:31:17'
'experiment_data_trial_20251020_Al_F417.xlsx';'SeeMoveShootData/experiment_data_trial_20251020_Al_F417.xlsx';1;'Mon Oct 20, 2025 at 12:31:32';'Mon Oct 20, 2025 at 12:31:32'
'experiment_data_trial_20251020_Al_F417.xlsx';'SeeMoveShootData/experiment_data_trial_20251020_Al_F417.xlsx';1;'Mon Oct 20, 2025 at 12:31:57';'Mon Oct 20, 2025 at 12:31:57'
'experiment_data_trial_20251020_Al_F417.xlsx';'SeeMoveShootData/experiment_data_trial_20251020_Al_F417.xlsx';1;'Mon Oct 20, 2025 at 12:32:44';'Mon Oct 20, 2025 at 12:32:44'
'experiment_data_trial_20251020_Al_F417.xlsx';'SeeMoveShootData/experiment_data_trial_20251020_Al_F417.xlsx';1;'Mon Oct 20, 2025 at 12:33:02';'Mon Oct 20, 2025 at 12:33:02'
'experiment_data_trial_20251020_Al_F417.xlsx';'SeeMoveShootData/experiment_data_trial_20251020_Al_F417.xlsx';1;'Mon Oct 20, 2025 at 12:33:17';'Mon Oct 20, 2025 at 12:33:17'
'experiment_data_trial_20251020_Al_F417.xlsx';'SeeMoveShootData/experiment_data_trial_20251020_Al_F417.xlsx';1;'Mon Oct 20, 2025 at 12:34:03';'Mon Oct 20, 2025 at 12:34:03'
'experiment_data_trial_20251020_Al_F417.xlsx';'SeeMoveShootData/experiment_data_trial_20251020_Al_F417.xlsx';1;'Mon Oct 20, 2025 at 12:34:47';'Mon Oct 20, 2025 at 12:34:47'
'experiment_data_trial_20251020_Al_F417.xlsx';'SeeMoveShootData/experiment_data_trial_20251020_Al_F417.xlsx';1;'Mon Oct 20, 2025 at 12:40:24';'Mon Oct 20, 2025 at 12:40:24'
'experiment_data_trial_20251020_Al_F417.xlsx';'SeeMoveShootData/experiment_data_trial_20251020_Al_F417.xlsx';1;'Mon Oct 20, 2025 at 12:40:37';'Mon Oct 20, 2025 at 12:40:37'
'experiment_data_trial_20251020_Al_F417.xlsx';'SeeMoveShootData/experiment_data_trial_20251020_Al_F417.xlsx';1;'Mon Oct 20, 2025 at 12:40:56';'Mon Oct 20, 2025 at 12:40:56'
'experiment_data_trial_20251020_Al_F417.xlsx';'SeeMoveShootData/experiment_data_trial_20251020_Al_F417.xlsx';1;'Mon Oct 20, 2025 at 12:41:15';'Mon Oct 20, 2025 at 12:41:15'
'experiment_data_trial_20251020_Al_F417.xlsx';'SeeMoveShootData/experiment_data_trial_20251020_Al_F417.xlsx';1;'Mon Oct 20, 2025 at 12:41:33';'Mon Oct 20, 2025 at 12:41:33'
'experiment_data_trial_20251020_Al_F417.xlsx';'SeeMoveShootData/experiment_data_trial_20251020_Al_F417.xlsx';1;'Mon Oct 20, 2025 at 12:42:00';'Mon Oct 20, 2025 at 12:42:00'
'experiment_data_trial_20251020_Al_F417.xlsx';'SeeMoveShootData/experiment_data_trial_20251020_Al_F417.xlsx';1;'Mon Oct 20, 2025 at 12:42:18';'Mon Oct 20, 2025 at 12:42:18'
'experiment_data_trial_20251020_Al_F417.xlsx';'SeeMoveShootData/experiment_data_trial_20251020_Al_F417.xlsx';1;'Mon Oct 20, 2025 at 12:42:37';'Mon Oct 20, 2025 at 12:42:37'
'experiment_data_trial_20251020_Al_F417.xlsx';'SeeMoveShootData/experiment_data_trial_20251020_Al_F417.xlsx';1;'Mon Oct 20, 2025 at 12:42:56';'Mon Oct 20, 2025 at 12:42:56'
'experiment_data_trial_20251020_Al_F417.xlsx';'SeeMoveShootData/experiment_data_trial_20251020_Al_F417.xlsx';1;'Mon Oct 20, 2025 at 12:43:15';'Mon Oct 20, 2025 at 12:43:15'
'experiment_data_trial_20251020_Al_F417.xlsx';'SeeMoveShootData/experiment_data_trial_20251020_Al_F417.xlsx';1;'Mon Oct 20, 2025 at 12:43:33';'Mon Oct 20, 2025 at 12:43:33'
'experiment_data_trial_20251020_Al_F417.xlsx';'SeeMoveShootData/experiment_data_trial_20251020_Al_F417.xlsx';1;'Mon Oct 20, 2025 at 12:43:51';'Mon Oct 20, 2025 at 12:43:51'
'~$experiment_data_trial_20251020_Al_F417.xlsx';'SeeMoveShootData/~$experiment_data_trial_20251020_Al_F417.xlsx';1;'Mon Oct 20, 2025 at 13:02:46';'Mon Oct 20, 2025 at 13:02:46'
'experiment_data_LMI-Shots_20251020_Al_xtestx.xlsx';'SeeMoveShootData/experiment_data_LMI-Shots_20251020_Al_xtestx.xlsx';1;'Mon Oct 20, 2025 at 13:05:53';'Mon Oct 20, 2025 at 13:05:53'
'experiment_data_LMI-Shots_20251020_Al_xtestx.xlsx';'SeeMoveShootData/experiment_data_LMI-Shots_20251020_Al_xtestx.xlsx';1;'Mon Oct 20, 2025 at 13:06:11';'Mon Oct 20, 2025 at 13:06:11'
'~$experiment_data_LMI-Shots_20250819_Al_F409.xlsx';'SeeMoveShootData/~$experiment_data_LMI-Shots_20250819_Al_F409.xlsx';1;'Mon Oct 20, 2025 at 13:13:43';'Mon Oct 20, 2025 at 13:13:43'
'~$experiment_data_LMI-Shots_20251020_Al_xtestx.xlsx';'SeeMoveShootData/~$experiment_data_LMI-Shots_20251020_Al_xtestx.xlsx';1;'Mon Oct 20, 2025 at 13:23:03';'Mon Oct 20, 2025 at 13:23:03'
'experiment_data_LMI-Shots_20251020_Al_F4test.xlsx';'SeeMoveShootData/experiment_data_LMI-Shots_20251020_Al_F4test.xlsx';1;'Mon Oct 20, 2025 at 13:34:40';'Mon Oct 20, 2025 at 13:34:40'
'~$experiment_data_trial_20251020_Al_F417.xlsx';'SeeMoveShootData/~$experiment_data_trial_20251020_Al_F417.xlsx';1;'Mon Oct 20, 2025 at 13:35:24';'Mon Oct 20, 2025 at 13:35:24'
'experiment_data_LMI-Shots_20251020_Al_Ftest-7.xlsx';'SeeMoveShootData/experiment_data_LMI-Shots_20251020_Al_Ftest-7.xlsx';1;'Mon Oct 20, 2025 at 13:39:54';'Mon Oct 20, 2025 at 13:39:54'
'experiment_data_LMI-Shots_20251020_Al_Ftest-7.xlsx';'SeeMoveShootData/experiment_data_LMI-Shots_20251020_Al_Ftest-7.xlsx';1;'Mon Oct 20, 2025 at 13:41:08';'Mon Oct 20, 2025 at 13:41:08'
'experiment_data_LMI-Shots_20251020_Al_Ftest-7.xlsx';'SeeMoveShootData/experiment_data_LMI-Shots_20251020_Al_Ftest-7.xlsx';1;'Mon Oct 20, 2025 at 13:41:28';'Mon Oct 20, 2025 at 13:41:28'
'experiment_data_trial_20251020_Al_Fxxx.xlsx';'SeeMoveShootData/experiment_data_trial_20251020_Al_Fxxx.xlsx';1;'Mon Oct 20, 2025 at 16:15:12';'Mon Oct 20, 2025 at 16:15:12'
'experiment_data_trial_20251020_Al_Fxxx.xlsx';'SeeMoveShootData/experiment_data_trial_20251020_Al_Fxxx.xlsx';1;'Mon Oct 20, 2025 at 16:16:16';'Mon Oct 20, 2025 at 16:16:16'
'experiment_data_trial_20251020_Al_Fxxx.xlsx';'SeeMoveShootData/experiment_data_trial_20251020_Al_Fxxx.xlsx';1;'Mon Oct 20, 2025 at 16:18:29';'Mon Oct 20, 2025 at 16:18:29'
'experiment_data_trial_20251020_Al_Fxxx.xlsx';'SeeMoveShootData/experiment_data_trial_20251020_Al_Fxxx.xlsx';1;'Mon Oct 20, 2025 at 16:19:19';'Mon Oct 20, 2025 at 16:19:19'
'experiment_data_trial_20251020_Al_Fxxx.xlsx';'SeeMoveShootData/experiment_data_trial_20251020_Al_Fxxx.xlsx';1;'Mon Oct 20, 2025 at 16:36:52';'Mon Oct 20, 2025 at 16:36:52'
'experiment_data_Velocity-Shots_20251020_Al_F512.xlsx';'SeeMoveShootData/experiment_data_Velocity-Shots_20251020_Al_F512.xlsx';1;'Mon Oct 20, 2025 at 16:40:49';'Mon Oct 20, 2025 at 16:40:49'
'experiment_data_Velocity-Shots_20251020_Al_F512.xlsx';'SeeMoveShootData/experiment_data_Velocity-Shots_20251020_Al_F512.xlsx';1;'Mon Oct 20, 2025 at 16:57:51';'Mon Oct 20, 2025 at 16:57:51'
'experiment_data_Velocity-Shots_20251020_Al_F512.xlsx';'SeeMoveShootData/experiment_data_Velocity-Shots_20251020_Al_F512.xlsx';1;'Mon Oct 20, 2025 at 16:58:10';'Mon Oct 20, 2025 at 16:58:10'
'experiment_data_Velocity-Shots_20251020_Al_F512.xlsx';'SeeMoveShootData/experiment_data_Velocity-Shots_20251020_Al_F512.xlsx';1;'Mon Oct 20, 2025 at 16:58:31';'Mon Oct 20, 2025 at 16:58:31'
'experiment_data_Velocity-Shots_20251020_Al_F512.xlsx';'SeeMoveShootData/experiment_data_Velocity-Shots_20251020_Al_F512.xlsx';1;'Mon Oct 20, 2025 at 16:58:45';'Mon Oct 20, 2025 at 16:58:45'
'experiment_data_Velocity-Shots_20251020_Al_F512.xlsx';'SeeMoveShootData/experiment_data_Velocity-Shots_20251020_Al_F512.xlsx';1;'Mon Oct 20, 2025 at 17:37:12';'Mon Oct 20, 2025 at 17:37:12'
'experiment_data_trial_20251021_NA_NA.xlsx';'SeeMoveShootData/experiment_data_trial_20251021_NA_NA.xlsx';1;'Tue Oct 21, 2025 at 18:45:55';'Tue Oct 21, 2025 at 18:45:55'
'experiment_data_trial_20251021_NA_NA.xlsx';'SeeMoveShootData/experiment_data_trial_20251021_NA_NA.xlsx';1;'Tue Oct 21, 2025 at 14:46:30';'Tue Oct 21, 2025 at 14:46:30'
'experiment_data_LMI-Shots_20251021_Al_F417.xlsx';'SeeMoveShootData/experiment_data_LMI-Shots_20251021_Al_F417.xlsx';1;'Tue Oct 21, 2025 at 15:11:49';'Tue Oct 21, 2025 at 15:11:49'
'experiment_data_LMI-Shots_20251021_Al_F417.xlsx';'SeeMoveShootData/experiment_data_LMI-Shots_20251021_Al_F417.xlsx';1;'Tue Oct 21, 2025 at 15:13:54';'Tue Oct 21, 2025 at 15:13:54'
'experiment_data_LMI-Shots_20251021_Al_F417.xlsx';'SeeMoveShootData/experiment_data_LMI-Shots_20251021_Al_F417.xlsx';1;'Tue Oct 21, 2025 at 15:14:10';'Tue Oct 21, 2025 at 15:14:10'
'experiment_data_trial_20251021_NA_NA.xlsx';'SeeMoveShootData/experiment_data_trial_20251021_NA_NA.xlsx';1;'Tue Oct 21, 2025 at 18:46:15';'Tue Oct 21, 2025 at 18:46:15'
'experiment_data_LMI-Shots_20251021_Al_F417.xlsx';'SeeMoveShootData/experiment_data_LMI-Shots_20251021_Al_F417.xlsx';1;'Tue Oct 21, 2025 at 15:04:19';'Tue Oct 21, 2025 at 15:04:19'
'experiment_data_LMI-Shots_20251021_Al_F417.xlsx';'SeeMoveShootData/experiment_data_LMI-Shots_20251021_Al_F417.xlsx';1;'Tue Oct 21, 2025 at 15:13:49';'Tue Oct 21, 2025 at 15:13:49'
'experiment_data_LMI-Shots_20251021_Al_F417.xlsx';'SeeMoveShootData/experiment_data_LMI-Shots_20251021_Al_F417.xlsx';1;'Tue Oct 21, 2025 at 15:14:04';'Tue Oct 21, 2025 at 15:14:04'
'before_alignment_1_5.jpg';'JHBMAB00003-S4R6C1_6865662c4e53dad0d795405d_0_185_2025-10-21_21-09-05/captures/before_alignment_1_5.jpg';1;'Tue Oct 21, 2025 at 17:10:31';'Tue Oct 21, 2025 at 17:10:31'
'before_alignment_1_3.jpg';'JHBMAB00003-S4R6C1_6865662c4e53dad0d795405d_0_185_2025-10-21_21-09-05/captures/before_alignment_1_3.jpg';1;'Tue Oct 21, 2025 at 17:10:31';'Tue Oct 21, 2025 at 17:10:31'
'before_alignment_1_1.jpg';'JHBMAB00003-S4R6C1_6865662c4e53dad0d795405d_0_185_2025-10-21_21-09-05/captures/before_alignment_1_1.jpg';1;'Tue Oct 21, 2025 at 17:10:52';'Tue Oct 21, 2025 at 17:10:52'
'before_alignment_2_2.jpg';'JHBMAB00003-S4R6C1_6865662c4e53dad0d795405d_0_185_2025-10-21_21-09-05/captures/before_alignment_2_2.jpg';1;'Tue Oct 21, 2025 at 17:11:28';'Tue Oct 21, 2025 at 17:11:28'
'before_alignment_2_4.jpg';'JHBMAB00003-S4R6C1_6865662c4e53dad0d795405d_0_185_2025-10-21_21-09-05/captures/before_alignment_2_4.jpg';1;'Tue Oct 21, 2025 at 17:12:04';'Tue Oct 21, 2025 at 17:12:04'
'before_alignment_3_5.jpg';'JHBMAB00003-S4R6C1_6865662c4e53dad0d795405d_0_185_2025-10-21_21-09-05/captures/before_alignment_3_5.jpg';1;'Tue Oct 21, 2025 at 17:12:41';'Tue Oct 21, 2025 at 17:12:41'
'before_alignment_3_3.jpg';'JHBMAB00003-S4R6C1_6865662c4e53dad0d795405d_0_185_2025-10-21_21-09-05/captures/before_alignment_3_3.jpg';1;'Tue Oct 21, 2025 at 17:13:18';'Tue Oct 21, 2025 at 17:13:18'
'before_alignment_3_1.jpg';'JHBMAB00003-S4R6C1_6865662c4e53dad0d795405d_0_185_2025-10-21_21-09-05/captures/before_alignment_3_1.jpg';1;'Tue Oct 21, 2025 at 17:13:54';'Tue Oct 21, 2025 at 17:13:54'
'before_alignment_4_2.jpg';'JHBMAB00003-S4R6C1_6865662c4e53dad0d795405d_0_185_2025-10-21_21-09-05/captures/before_alignment_4_2.jpg';1;'Tue Oct 21, 2025 at 17:14:30';'Tue Oct 21, 2025 at 17:14:30'
'before_alignment_4_4.jpg';'JHBMAB00003-S4R6C1_6865662c4e53dad0d795405d_0_185_2025-10-21_21-09-05/captures/before_alignment_4_4.jpg';1;'Tue Oct 21, 2025 at 17:15:06';'Tue Oct 21, 2025 at 17:15:06'
'before_alignment_5_5.jpg';'JHBMAB00003-S4R6C1_6865662c4e53dad0d795405d_0_185_2025-10-21_21-09-05/captures/before_alignment_5_5.jpg';1;'Tue Oct 21, 2025 at 17:15:43';'Tue Oct 21, 2025 at 17:15:43'
'before_alignment_5_3.jpg';'JHBMAB00003-S4R6C1_6865662c4e53dad0d795405d_0_185_2025-10-21_21-09-05/captures/before_alignment_5_3.jpg';1;'Tue Oct 21, 2025 at 17:16:20';'Tue Oct 21, 2025 at 17:16:20'
'before_alignment_5_1.jpg';'JHBMAB00003-S4R6C1_6865662c4e53dad0d795405d_0_185_2025-10-21_21-09-05/captures/before_alignment_5_1.jpg';1;'Tue Oct 21, 2025 at 17:16:56';'Tue Oct 21, 2025 at 17:16:56'
'before_alignment_1_4.jpg';'JHBMAB00003-S4R6C1_6865662c4e53dad0d795405d_0_187_2025-10-21_21-34-07/captures/before_alignment_1_4.jpg';1;'Tue Oct 21, 2025 at 17:34:59';'Tue Oct 21, 2025 at 17:34:59'
'before_alignment_1_5.jpg';'JHBMAB00003-S4R6C1_6865662c4e53dad0d795405d_0_187_2025-10-21_21-36-31/captures/before_alignment_1_5.jpg';1;'Tue Oct 21, 2025 at 17:37:05';'Tue Oct 21, 2025 at 17:37:05'
'before_alignment_1_3.jpg';'JHBMAB00003-S4R6C1_6865662c4e53dad0d795405d_0_187_2025-10-21_21-36-31/captures/before_alignment_1_3.jpg';1;'Tue Oct 21, 2025 at 17:37:40';'Tue Oct 21, 2025 at 17:37:40'
'before_alignment_1_1.jpg';'JHBMAB00003-S4R6C1_6865662c4e53dad0d795405d_0_187_2025-10-21_21-36-31/captures/before_alignment_1_1.jpg';1;'Tue Oct 21, 2025 at 17:38:17';'Tue Oct 21, 2025 at 17:38:17'
'before_alignment_2_2.jpg';'JHBMAB00003-S4R6C1_6865662c4e53dad0d795405d_0_187_2025-10-21_21-36-31/captures/before_alignment_2_2.jpg';1;'Tue Oct 21, 2025 at 17:38:53';'Tue Oct 21, 2025 at 17:38:53'
'before_alignment_2_4.jpg';'JHBMAB00003-S4R6C1_6865662c4e53dad0d795405d_0_187_2025-10-21_21-36-31/captures/before_alignment_2_4.jpg';1;'Tue Oct 21, 2025 at 17:39:30';'Tue Oct 21, 2025 at 17:39:30'
'before_alignment_3_5.jpg';'JHBMAB00003-S4R6C1_6865662c4e53dad0d795405d_0_187_2025-10-21_21-36-31/captures/before_alignment_3_5.jpg';1;'Tue Oct 21, 2025 at 17:40:06';'Tue Oct 21, 2025 at 17:40:06'
'before_alignment_3_3.jpg';'JHBMAB00003-S4R6C1_6865662c4e53dad0d795405d_0_187_2025-10-21_21-36-31/captures/before_alignment_3_3.jpg';1;'Tue Oct 21, 2025 at 17:40:43';'Tue Oct 21, 2025 at 17:40:43'
'before_alignment_3_1.jpg';'JHBMAB00003-S4R6C1_6865662c4e53dad0d795405d_0_187_2025-10-21_21-36-31/captures/before_alignment_3_1.jpg';1;'Tue Oct 21, 2025 at 17:41:19';'Tue Oct 21, 2025 at 17:41:19'
'before_alignment_4_2.jpg';'JHBMAB00003-S4R6C1_6865662c4e53dad0d795405d_0_187_2025-10-21_21-36-31/captures/before_alignment_4_2.jpg';1;'Tue Oct 21, 2025 at 17:41:55';'Tue Oct 21, 2025 at 17:41:55'
'before_alignment_4_4.jpg';'JHBMAB00003-S4R6C1_6865662c4e53dad0d795405d_0_187_2025-10-21_21-36-31/captures/before_alignment_4_4.jpg';1;'Tue Oct 21, 2025 at 17:42:31';'Tue Oct 21, 2025 at 17:42:31'
'before_alignment_5_5.jpg';'JHBMAB00003-S4R6C1_6865662c4e53dad0d795405d_0_187_2025-10-21_21-36-31/captures/before_alignment_5_5.jpg';1;'Tue Oct 21, 2025 at 17:43:08';'Tue Oct 21, 2025 at 17:43:08'
'before_alignment_5_3.jpg';'JHBMAB00003-S4R6C1_6865662c4e53dad0d795405d_0_187_2025-10-21_21-36-31/captures/before_alignment_5_3.jpg';1;'Tue Oct 21, 2025 at 17:43:44';'Tue Oct 21, 2025 at 17:43:44'
'before_alignment_5_1.jpg';'JHBMAB00003-S4R6C1_6865662c4e53dad0d795405d_0_187_2025-10-21_21-36-31/captures/before_alignment_5_1.jpg';1;'Tue Oct 21, 2025 at 17:44:21';'Tue Oct 21, 2025 at 17:44:21'
'after_alignment_1_5.jpg';'JHBMAB00003-S4R6C1_6865662c4e53dad0d795405d_0_187_2025-10-21_22-03-55/captures/after_alignment_1_5.jpg';1;'Tue Oct 21, 2025 at 18:05:01';'Tue Oct 21, 2025 at 18:05:01'
'before_alignment_1_5.jpg';'JHAMAB00019-16_68f8fc895960472ae0ec9e79_0_190_2025-10-22_16-40-51/captures/before_alignment_1_5.jpg';1;'Wed Oct 22, 2025 at 12:41:14';'Wed Oct 22, 2025 at 12:41:14'
'before_alignment_1_4.jpg';'JHAMAB00019-16_68f8fc895960472ae0ec9e79_0_190_2025-10-22_16-56-58/captures/before_alignment_1_4.jpg';1;'Wed Oct 22, 2025 at 12:58:16';'Wed Oct 22, 2025 at 12:58:16'
'after_alignment_1_3.jpg';'JHAMAB00019-16_68f8fc895960472ae0ec9e79_0_190_2025-10-22_16-56-58/captures/after_alignment_1_3.jpg';1;'Wed Oct 22, 2025 at 12:58:16';'Wed Oct 22, 2025 at 12:58:16'
'before_alignment_1_1.jpg';'JHAMAB00019-16_68f8fc895960472ae0ec9e79_0_190_2025-10-22_16-56-58/captures/before_alignment_1_1.jpg';1;'Wed Oct 22, 2025 at 12:58:45';'Wed Oct 22, 2025 at 12:58:45'
'before_alignment_2_2.jpg';'JHAMAB00019-16_68f8fc895960472ae0ec9e79_0_190_2025-10-22_16-56-58/captures/before_alignment_2_2.jpg';1;'Wed Oct 22, 2025 at 12:59:24';'Wed Oct 22, 2025 at 12:59:24'
'before_alignment_2_4.jpg';'JHAMAB00019-16_68f8fc895960472ae0ec9e79_0_190_2025-10-22_16-56-58/captures/before_alignment_2_4.jpg';1;'Wed Oct 22, 2025 at 13:00:02';'Wed Oct 22, 2025 at 13:00:02'
'before_alignment_3_5.jpg';'JHAMAB00019-16_68f8fc895960472ae0ec9e79_0_190_2025-10-22_16-56-58/captures/before_alignment_3_5.jpg';1;'Wed Oct 22, 2025 at 13:00:40';'Wed Oct 22, 2025 at 13:00:40'
'before_alignment_3_3.jpg';'JHAMAB00019-16_68f8fc895960472ae0ec9e79_0_190_2025-10-22_16-56-58/captures/before_alignment_3_3.jpg';1;'Wed Oct 22, 2025 at 13:01:18';'Wed Oct 22, 2025 at 13:01:18'
'before_alignment_3_1.jpg';'JHAMAB00019-16_68f8fc895960472ae0ec9e79_0_190_2025-10-22_16-56-58/captures/before_alignment_3_1.jpg';1;'Wed Oct 22, 2025 at 13:01:57';'Wed Oct 22, 2025 at 13:01:57'
'before_alignment_4_2.jpg';'JHAMAB00019-16_68f8fc895960472ae0ec9e79_0_190_2025-10-22_16-56-58/captures/before_alignment_4_2.jpg';1;'Wed Oct 22, 2025 at 13:02:35';'Wed Oct 22, 2025 at 13:02:35'
'before_alignment_4_4.jpg';'JHAMAB00019-16_68f8fc895960472ae0ec9e79_0_190_2025-10-22_16-56-58/captures/before_alignment_4_4.jpg';1;'Wed Oct 22, 2025 at 13:03:14';'Wed Oct 22, 2025 at 13:03:14'
'before_alignment_5_5.jpg';'JHAMAB00019-16_68f8fc895960472ae0ec9e79_0_190_2025-10-22_16-56-58/captures/before_alignment_5_5.jpg';1;'Wed Oct 22, 2025 at 13:03:52';'Wed Oct 22, 2025 at 13:03:52'
'before_alignment_5_3.jpg';'JHAMAB00019-16_68f8fc895960472ae0ec9e79_0_190_2025-10-22_16-56-58/captures/before_alignment_5_3.jpg';1;'Wed Oct 22, 2025 at 13:04:31';'Wed Oct 22, 2025 at 13:04:31'
'before_alignment_5_1.jpg';'JHAMAB00019-16_68f8fc895960472ae0ec9e79_0_190_2025-10-22_16-56-58/captures/before_alignment_5_1.jpg';1;'Wed Oct 22, 2025 at 13:05:09';'Wed Oct 22, 2025 at 13:05:09'
'before_alignment_1_4.jpg';'JHAMAB00019-16_68f8fc895960472ae0ec9e79_0_190_2025-10-22_17-14-44/captures/before_alignment_1_4.jpg';1;'Wed Oct 22, 2025 at 13:15:41';'Wed Oct 22, 2025 at 13:15:41'
'before_alignment_1_2.jpg';'JHAMAB00019-16_68f8fc895960472ae0ec9e79_0_190_2025-10-22_17-14-44/captures/before_alignment_1_2.jpg';1;'Wed Oct 22, 2025 at 13:16:19';'Wed Oct 22, 2025 at 13:16:19'
'before_alignment_2_1.jpg';'JHAMAB00019-16_68f8fc895960472ae0ec9e79_0_190_2025-10-22_17-14-44/captures/before_alignment_2_1.jpg';1;'Wed Oct 22, 2025 at 13:16:58';'Wed Oct 22, 2025 at 13:16:58'
'before_alignment_2_3.jpg';'JHAMAB00019-16_68f8fc895960472ae0ec9e79_0_190_2025-10-22_17-14-44/captures/before_alignment_2_3.jpg';1;'Wed Oct 22, 2025 at 13:17:36';'Wed Oct 22, 2025 at 13:17:36'
'before_alignment_2_5.jpg';'JHAMAB00019-16_68f8fc895960472ae0ec9e79_0_190_2025-10-22_17-14-44/captures/before_alignment_2_5.jpg';1;'Wed Oct 22, 2025 at 13:18:15';'Wed Oct 22, 2025 at 13:18:15'
'before_alignment_3_4.jpg';'JHAMAB00019-16_68f8fc895960472ae0ec9e79_0_190_2025-10-22_17-14-44/captures/before_alignment_3_4.jpg';1;'Wed Oct 22, 2025 at 13:18:53';'Wed Oct 22, 2025 at 13:18:53'
'before_alignment_3_2.jpg';'JHAMAB00019-16_68f8fc895960472ae0ec9e79_0_190_2025-10-22_17-14-44/captures/before_alignment_3_2.jpg';1;'Wed Oct 22, 2025 at 13:19:20';'Wed Oct 22, 2025 at 13:19:20'
'before_alignment_3_1.jpg';'JHAMAB00019-16_68f8fc895960472ae0ec9e79_0_190_2025-10-22_17-14-44/captures/before_alignment_3_1.jpg';1;'Wed Oct 22, 2025 at 13:19:32';'Wed Oct 22, 2025 at 13:19:32'
'before_alignment_4_1.jpg';'JHAMAB00019-16_68f8fc895960472ae0ec9e79_0_190_2025-10-22_17-14-44/captures/before_alignment_4_1.jpg';1;'Wed Oct 22, 2025 at 13:19:56';'Wed Oct 22, 2025 at 13:19:56'
'before_alignment_4_3.jpg';'JHAMAB00019-16_68f8fc895960472ae0ec9e79_0_190_2025-10-22_17-14-44/captures/before_alignment_4_3.jpg';1;'Wed Oct 22, 2025 at 13:20:34';'Wed Oct 22, 2025 at 13:20:34'
'before_alignment_4_5.jpg';'JHAMAB00019-16_68f8fc895960472ae0ec9e79_0_190_2025-10-22_17-14-44/captures/before_alignment_4_5.jpg';1;'Wed Oct 22, 2025 at 13:21:13';'Wed Oct 22, 2025 at 13:21:13'
'before_alignment_5_4.jpg';'JHAMAB00019-16_68f8fc895960472ae0ec9e79_0_190_2025-10-22_17-14-44/captures/before_alignment_5_4.jpg';1;'Wed Oct 22, 2025 at 13:21:51';'Wed Oct 22, 2025 at 13:21:51'
'after_alignment_5_3.jpg';'JHAMAB00019-16_68f8fc895960472ae0ec9e79_0_190_2025-10-22_17-14-44/captures/after_alignment_5_3.jpg';1;'Wed Oct 22, 2025 at 13:21:58';'Wed Oct 22, 2025 at 13:21:58'
'before_alignment_5_1.jpg';'JHAMAB00019-16_68f8fc895960472ae0ec9e79_0_190_2025-10-22_17-14-44/captures/before_alignment_5_1.jpg';1;'Wed Oct 22, 2025 at 13:22:42';'Wed Oct 22, 2025 at 13:22:42'
'before_alignment_1_5.jpg';'JHAMAB00019-16_68f8fc895960472ae0ec9e79_0_191_2025-10-22_18-12-05/captures/before_alignment_1_5.jpg';1;'Wed Oct 22, 2025 at 14:13:07';'Wed Oct 22, 2025 at 14:13:07'
'before_alignment_1_3.jpg';'JHAMAB00019-16_68f8fc895960472ae0ec9e79_0_191_2025-10-22_18-12-05/captures/before_alignment_1_3.jpg';1;'Wed Oct 22, 2025 at 14:13:21';'Wed Oct 22, 2025 at 14:13:21'
'after_alignment_1_2.jpg';'JHAMAB00019-16_68f8fc895960472ae0ec9e79_0_191_2025-10-22_18-12-05/captures/after_alignment_1_2.jpg';1;'Wed Oct 22, 2025 at 14:13:29';'Wed Oct 22, 2025 at 14:13:29'
'before_alignment_2_1.jpg';'JHAMAB00019-16_68f8fc895960472ae0ec9e79_0_191_2025-10-22_18-12-05/captures/before_alignment_2_1.jpg';1;'Wed Oct 22, 2025 at 14:14:12';'Wed Oct 22, 2025 at 14:14:12'
'after_alignment_2_2.jpg';'JHAMAB00019-16_68f8fc895960472ae0ec9e79_0_191_2025-10-22_18-12-05/captures/after_alignment_2_2.jpg';1;'Wed Oct 22, 2025 at 14:14:23';'Wed Oct 22, 2025 at 14:14:23'
'after_alignment_2_3.jpg';'JHAMAB00019-16_68f8fc895960472ae0ec9e79_0_191_2025-10-22_18-12-05/captures/after_alignment_2_3.jpg';1;'Wed Oct 22, 2025 at 14:14:35';'Wed Oct 22, 2025 at 14:14:35'
'after_alignment_2_4.jpg';'JHAMAB00019-16_68f8fc895960472ae0ec9e79_0_191_2025-10-22_18-12-05/captures/after_alignment_2_4.jpg';1;'Wed Oct 22, 2025 at 14:14:47';'Wed Oct 22, 2025 at 14:14:47'
'before_alignment_3_5.jpg';'JHAMAB00019-16_68f8fc895960472ae0ec9e79_0_191_2025-10-22_18-12-05/captures/before_alignment_3_5.jpg';1;'Wed Oct 22, 2025 at 14:15:19';'Wed Oct 22, 2025 at 14:15:19'
'before_alignment_3_4.jpg';'JHAMAB00019-16_68f8fc895960472ae0ec9e79_0_191_2025-10-22_18-12-05/captures/before_alignment_3_4.jpg';1;'Wed Oct 22, 2025 at 14:15:43';'Wed Oct 22, 2025 at 14:15:43'
'before_alignment_3_2.jpg';'JHAMAB00019-16_68f8fc895960472ae0ec9e79_0_191_2025-10-22_18-12-05/captures/before_alignment_3_2.jpg';1;'Wed Oct 22, 2025 at 14:16:09';'Wed Oct 22, 2025 at 14:16:09'
'before_alignment_3_1.jpg';'JHAMAB00019-16_68f8fc895960472ae0ec9e79_0_191_2025-10-22_18-12-05/captures/before_alignment_3_1.jpg';1;'Wed Oct 22, 2025 at 14:16:26';'Wed Oct 22, 2025 at 14:16:26'
'before_alignment_4_1.jpg';'JHAMAB00019-16_68f8fc895960472ae0ec9e79_0_191_2025-10-22_18-12-05/captures/before_alignment_4_1.jpg';1;'Wed Oct 22, 2025 at 14:16:38';'Wed Oct 22, 2025 at 14:16:38'
'before_alignment_4_2.jpg';'JHAMAB00019-16_68f8fc895960472ae0ec9e79_0_191_2025-10-22_18-12-05/captures/before_alignment_4_2.jpg';1;'Wed Oct 22, 2025 at 14:16:50';'Wed Oct 22, 2025 at 14:16:50'
'before_alignment_4_3.jpg';'JHAMAB00019-16_68f8fc895960472ae0ec9e79_0_191_2025-10-22_18-12-05/captures/before_alignment_4_3.jpg';1;'Wed Oct 22, 2025 at 14:17:03';'Wed Oct 22, 2025 at 14:17:03'
'before_alignment_4_4.jpg';'JHAMAB00019-16_68f8fc895960472ae0ec9e79_0_191_2025-10-22_18-12-05/captures/before_alignment_4_4.jpg';1;'Wed Oct 22, 2025 at 14:17:15';'Wed Oct 22, 2025 at 14:17:15'
'before_alignment_4_5.jpg';'JHAMAB00019-16_68f8fc895960472ae0ec9e79_0_191_2025-10-22_18-12-05/captures/before_alignment_4_5.jpg';1;'Wed Oct 22, 2025 at 14:17:27';'Wed Oct 22, 2025 at 14:17:27'
'before_alignment_5_5.jpg';'JHAMAB00019-16_68f8fc895960472ae0ec9e79_0_191_2025-10-22_18-12-05/captures/before_alignment_5_5.jpg';1;'Wed Oct 22, 2025 at 14:17:51';'Wed Oct 22, 2025 at 14:17:51'
'before_alignment_5_3.jpg';'JHAMAB00019-16_68f8fc895960472ae0ec9e79_0_191_2025-10-22_18-12-05/captures/before_alignment_5_3.jpg';1;'Wed Oct 22, 2025 at 14:18:29';'Wed Oct 22, 2025 at 14:18:29'
'before_alignment_5_1.jpg';'JHAMAB00019-16_68f8fc895960472ae0ec9e79_0_191_2025-10-22_18-12-05/captures/before_alignment_5_1.jpg';1;'Wed Oct 22, 2025 at 14:19:08';'Wed Oct 22, 2025 at 14:19:08'
'before_alignment_1_4.jpg';'JHBMAB00003-S4R6C1_6865662c4e53dad0d795405d_0_185_2025-10-21_21-09-05/captures/before_alignment_1_4.jpg';1;'Tue Oct 21, 2025 at 17:10:31';'Tue Oct 21, 2025 at 17:10:31'
'before_alignment_1_2.jpg';'JHBMAB00003-S4R6C1_6865662c4e53dad0d795405d_0_185_2025-10-21_21-09-05/captures/before_alignment_1_2.jpg';1;'Tue Oct 21, 2025 at 17:10:33';'Tue Oct 21, 2025 at 17:10:33'
'before_alignment_2_1.jpg';'JHBMAB00003-S4R6C1_6865662c4e53dad0d795405d_0_185_2025-10-21_21-09-05/captures/before_alignment_2_1.jpg';1;'Tue Oct 21, 2025 at 17:11:10';'Tue Oct 21, 2025 at 17:11:10'
'before_alignment_2_3.jpg';'JHBMAB00003-S4R6C1_6865662c4e53dad0d795405d_0_185_2025-10-21_21-09-05/captures/before_alignment_2_3.jpg';1;'Tue Oct 21, 2025 at 17:11:46';'Tue Oct 21, 2025 at 17:11:46'
'before_alignment_2_5.jpg';'JHBMAB00003-S4R6C1_6865662c4e53dad0d795405d_0_185_2025-10-21_21-09-05/captures/before_alignment_2_5.jpg';1;'Tue Oct 21, 2025 at 17:12:23';'Tue Oct 21, 2025 at 17:12:23'
'before_alignment_3_4.jpg';'JHBMAB00003-S4R6C1_6865662c4e53dad0d795405d_0_185_2025-10-21_21-09-05/captures/before_alignment_3_4.jpg';1;'Tue Oct 21, 2025 at 17:12:59';'Tue Oct 21, 2025 at 17:12:59'
'before_alignment_3_2.jpg';'JHBMAB00003-S4R6C1_6865662c4e53dad0d795405d_0_185_2025-10-21_21-09-05/captures/before_alignment_3_2.jpg';1;'Tue Oct 21, 2025 at 17:13:35';'Tue Oct 21, 2025 at 17:13:35'
'before_alignment_4_1.jpg';'JHBMAB00003-S4R6C1_6865662c4e53dad0d795405d_0_185_2025-10-21_21-09-05/captures/before_alignment_4_1.jpg';1;'Tue Oct 21, 2025 at 17:14:12';'Tue Oct 21, 2025 at 17:14:12'
'before_alignment_4_3.jpg';'JHBMAB00003-S4R6C1_6865662c4e53dad0d795405d_0_185_2025-10-21_21-09-05/captures/before_alignment_4_3.jpg';1;'Tue Oct 21, 2025 at 17:14:49';'Tue Oct 21, 2025 at 17:14:49'
'before_alignment_4_5.jpg';'JHBMAB00003-S4R6C1_6865662c4e53dad0d795405d_0_185_2025-10-21_21-09-05/captures/before_alignment_4_5.jpg';1;'Tue Oct 21, 2025 at 17:15:25';'Tue Oct 21, 2025 at 17:15:25'
'before_alignment_5_4.jpg';'JHBMAB00003-S4R6C1_6865662c4e53dad0d795405d_0_185_2025-10-21_21-09-05/captures/before_alignment_5_4.jpg';1;'Tue Oct 21, 2025 at 17:16:01';'Tue Oct 21, 2025 at 17:16:01'
'before_alignment_5_2.jpg';'JHBMAB00003-S4R6C1_6865662c4e53dad0d795405d_0_185_2025-10-21_21-09-05/captures/before_alignment_5_2.jpg';1;'Tue Oct 21, 2025 at 17:16:37';'Tue Oct 21, 2025 at 17:16:37'
'before_alignment_1_5.jpg';'JHBMAB00003-S4R6C1_6865662c4e53dad0d795405d_0_187_2025-10-21_21-34-07/captures/before_alignment_1_5.jpg';1;'Tue Oct 21, 2025 at 17:34:48';'Tue Oct 21, 2025 at 17:34:48'
'before_alignment_1_3.jpg';'JHBMAB00003-S4R6C1_6865662c4e53dad0d795405d_0_187_2025-10-21_21-34-07/captures/before_alignment_1_3.jpg';1;'Tue Oct 21, 2025 at 17:35:05';'Tue Oct 21, 2025 at 17:35:05'
'before_alignment_1_4.jpg';'JHBMAB00003-S4R6C1_6865662c4e53dad0d795405d_0_187_2025-10-21_21-36-31/captures/before_alignment_1_4.jpg';1;'Tue Oct 21, 2025 at 17:37:23';'Tue Oct 21, 2025 at 17:37:23'
'before_alignment_1_2.jpg';'JHBMAB00003-S4R6C1_6865662c4e53dad0d795405d_0_187_2025-10-21_21-36-31/captures/before_alignment_1_2.jpg';1;'Tue Oct 21, 2025 at 17:37:59';'Tue Oct 21, 2025 at 17:37:59'
'before_alignment_2_1.jpg';'JHBMAB00003-S4R6C1_6865662c4e53dad0d795405d_0_187_2025-10-21_21-36-31/captures/before_alignment_2_1.jpg';1;'Tue Oct 21, 2025 at 17:38:35';'Tue Oct 21, 2025 at 17:38:35'
'before_alignment_2_3.jpg';'JHBMAB00003-S4R6C1_6865662c4e53dad0d795405d_0_187_2025-10-21_21-36-31/captures/before_alignment_2_3.jpg';1;'Tue Oct 21, 2025 at 17:39:11';'Tue Oct 21, 2025 at 17:39:11'
'before_alignment_2_5.jpg';'JHBMAB00003-S4R6C1_6865662c4e53dad0d795405d_0_187_2025-10-21_21-36-31/captures/before_alignment_2_5.jpg';1;'Tue Oct 21, 2025 at 17:39:48';'Tue Oct 21, 2025 at 17:39:48'
'before_alignment_3_4.jpg';'JHBMAB00003-S4R6C1_6865662c4e53dad0d795405d_0_187_2025-10-21_21-36-31/captures/before_alignment_3_4.jpg';1;'Tue Oct 21, 2025 at 17:40:24';'Tue Oct 21, 2025 at 17:40:24'
'before_alignment_3_2.jpg';'JHBMAB00003-S4R6C1_6865662c4e53dad0d795405d_0_187_2025-10-21_21-36-31/captures/before_alignment_3_2.jpg';1;'Tue Oct 21, 2025 at 17:41:01';'Tue Oct 21, 2025 at 17:41:01'
'before_alignment_4_1.jpg';'JHBMAB00003-S4R6C1_6865662c4e53dad0d795405d_0_187_2025-10-21_21-36-31/captures/before_alignment_4_1.jpg';1;'Tue Oct 21, 2025 at 17:41:37';'Tue Oct 21, 2025 at 17:41:37'
'before_alignment_4_3.jpg';'JHBMAB00003-S4R6C1_6865662c4e53dad0d795405d_0_187_2025-10-21_21-36-31/captures/before_alignment_4_3.jpg';1;'Tue Oct 21, 2025 at 17:42:14';'Tue Oct 21, 2025 at 17:42:14'
'before_alignment_4_5.jpg';'JHBMAB00003-S4R6C1_6865662c4e53dad0d795405d_0_187_2025-10-21_21-36-31/captures/before_alignment_4_5.jpg';1;'Tue Oct 21, 2025 at 17:42:50';'Tue Oct 21, 2025 at 17:42:50'
'before_alignment_5_4.jpg';'JHBMAB00003-S4R6C1_6865662c4e53dad0d795405d_0_187_2025-10-21_21-36-31/captures/before_alignment_5_4.jpg';1;'Tue Oct 21, 2025 at 17:43:26';'Tue Oct 21, 2025 at 17:43:26'
'before_alignment_5_2.jpg';'JHBMAB00003-S4R6C1_6865662c4e53dad0d795405d_0_187_2025-10-21_21-36-31/captures/before_alignment_5_2.jpg';1;'Tue Oct 21, 2025 at 17:44:02';'Tue Oct 21, 2025 at 17:44:02'
'before_alignment_1_5.jpg';'JHBMAB00003-S4R6C1_6865662c4e53dad0d795405d_0_187_2025-10-21_22-03-55/captures/before_alignment_1_5.jpg';1;'Tue Oct 21, 2025 at 18:05:01';'Tue Oct 21, 2025 at 18:05:01'
'before_alignment_1_5.jpg';'JHAMAB00019-16_68f8fc895960472ae0ec9e79_0_190_2025-10-22_16-33-34/captures/before_alignment_1_5.jpg';1;'Wed Oct 22, 2025 at 12:34:05';'Wed Oct 22, 2025 at 12:34:05'
'before_alignment_1_5.jpg';'JHAMAB00019-16_68f8fc895960472ae0ec9e79_0_190_2025-10-22_16-56-58/captures/before_alignment_1_5.jpg';1;'Wed Oct 22, 2025 at 12:58:16';'Wed Oct 22, 2025 at 12:58:16'
'before_alignment_1_3.jpg';'JHAMAB00019-16_68f8fc895960472ae0ec9e79_0_190_2025-10-22_16-56-58/captures/before_alignment_1_3.jpg';1;'Wed Oct 22, 2025 at 12:58:16';'Wed Oct 22, 2025 at 12:58:16'
'before_alignment_1_2.jpg';'JHAMAB00019-16_68f8fc895960472ae0ec9e79_0_190_2025-10-22_16-56-58/captures/before_alignment_1_2.jpg';1;'Wed Oct 22, 2025 at 12:58:26';'Wed Oct 22, 2025 at 12:58:26'
'before_alignment_2_1.jpg';'JHAMAB00019-16_68f8fc895960472ae0ec9e79_0_190_2025-10-22_16-56-58/captures/before_alignment_2_1.jpg';1;'Wed Oct 22, 2025 at 12:59:04';'Wed Oct 22, 2025 at 12:59:04'
'before_alignment_2_3.jpg';'JHAMAB00019-16_68f8fc895960472ae0ec9e79_0_190_2025-10-22_16-56-58/captures/before_alignment_2_3.jpg';1;'Wed Oct 22, 2025 at 12:59:43';'Wed Oct 22, 2025 at 12:59:43'
'before_alignment_2_5.jpg';'JHAMAB00019-16_68f8fc895960472ae0ec9e79_0_190_2025-10-22_16-56-58/captures/before_alignment_2_5.jpg';1;'Wed Oct 22, 2025 at 13:00:21';'Wed Oct 22, 2025 at 13:00:21'
'before_alignment_3_4.jpg';'JHAMAB00019-16_68f8fc895960472ae0ec9e79_0_190_2025-10-22_16-56-58/captures/before_alignment_3_4.jpg';1;'Wed Oct 22, 2025 at 13:00:59';'Wed Oct 22, 2025 at 13:00:59'
'before_alignment_3_2.jpg';'JHAMAB00019-16_68f8fc895960472ae0ec9e79_0_190_2025-10-22_16-56-58/captures/before_alignment_3_2.jpg';1;'Wed Oct 22, 2025 at 13:01:38';'Wed Oct 22, 2025 at 13:01:38'
'before_alignment_4_1.jpg';'JHAMAB00019-16_68f8fc895960472ae0ec9e79_0_190_2025-10-22_16-56-58/captures/before_alignment_4_1.jpg';1;'Wed Oct 22, 2025 at 13:02:16';'Wed Oct 22, 2025 at 13:02:16'
'before_alignment_4_3.jpg';'JHAMAB00019-16_68f8fc895960472ae0ec9e79_0_190_2025-10-22_16-56-58/captures/before_alignment_4_3.jpg';1;'Wed Oct 22, 2025 at 13:02:54';'Wed Oct 22, 2025 at 13:02:54'
'before_alignment_4_5.jpg';'JHAMAB00019-16_68f8fc895960472ae0ec9e79_0_190_2025-10-22_16-56-58/captures/before_alignment_4_5.jpg';1;'Wed Oct 22, 2025 at 13:03:33';'Wed Oct 22, 2025 at 13:03:33'
'before_alignment_5_4.jpg';'JHAMAB00019-16_68f8fc895960472ae0ec9e79_0_190_2025-10-22_16-56-58/captures/before_alignment_5_4.jpg';1;'Wed Oct 22, 2025 at 13:04:11';'Wed Oct 22, 2025 at 13:04:11'
'before_alignment_5_2.jpg';'JHAMAB00019-16_68f8fc895960472ae0ec9e79_0_190_2025-10-22_16-56-58/captures/before_alignment_5_2.jpg';1;'Wed Oct 22, 2025 at 13:04:50';'Wed Oct 22, 2025 at 13:04:50'
'before_alignment_1_5.jpg';'JHAMAB00019-16_68f8fc895960472ae0ec9e79_0_190_2025-10-22_17-14-44/captures/before_alignment_1_5.jpg';1;'Wed Oct 22, 2025 at 13:15:39';'Wed Oct 22, 2025 at 13:15:39'
'before_alignment_1_3.jpg';'JHAMAB00019-16_68f8fc895960472ae0ec9e79_0_190_2025-10-22_17-14-44/captures/before_alignment_1_3.jpg';1;'Wed Oct 22, 2025 at 13:16:00';'Wed Oct 22, 2025 at 13:16:00'
'before_alignment_1_1.jpg';'JHAMAB00019-16_68f8fc895960472ae0ec9e79_0_190_2025-10-22_17-14-44/captures/before_alignment_1_1.jpg';1;'Wed Oct 22, 2025 at 13:16:39';'Wed Oct 22, 2025 at 13:16:39'
'before_alignment_2_2.jpg';'JHAMAB00019-16_68f8fc895960472ae0ec9e79_0_190_2025-10-22_17-14-44/captures/before_alignment_2_2.jpg';1;'Wed Oct 22, 2025 at 13:17:17';'Wed Oct 22, 2025 at 13:17:17'
'before_alignment_2_4.jpg';'JHAMAB00019-16_68f8fc895960472ae0ec9e79_0_190_2025-10-22_17-14-44/captures/before_alignment_2_4.jpg';1;'Wed Oct 22, 2025 at 13:17:55';'Wed Oct 22, 2025 at 13:17:55'
'before_alignment_3_5.jpg';'JHAMAB00019-16_68f8fc895960472ae0ec9e79_0_190_2025-10-22_17-14-44/captures/before_alignment_3_5.jpg';1;'Wed Oct 22, 2025 at 13:18:34';'Wed Oct 22, 2025 at 13:18:34'
'before_alignment_3_3.jpg';'JHAMAB00019-16_68f8fc895960472ae0ec9e79_0_190_2025-10-22_17-14-44/captures/before_alignment_3_3.jpg';1;'Wed Oct 22, 2025 at 13:19:12';'Wed Oct 22, 2025 at 13:19:12'
'after_alignment_3_2.jpg';'JHAMAB00019-16_68f8fc895960472ae0ec9e79_0_190_2025-10-22_17-14-44/captures/after_alignment_3_2.jpg';1;'Wed Oct 22, 2025 at 13:19:20';'Wed Oct 22, 2025 at 13:19:20'
'after_alignment_3_1.jpg';'JHAMAB00019-16_68f8fc895960472ae0ec9e79_0_190_2025-10-22_17-14-44/captures/after_alignment_3_1.jpg';1;'Wed Oct 22, 2025 at 13:19:32';'Wed Oct 22, 2025 at 13:19:32'
'before_alignment_4_2.jpg';'JHAMAB00019-16_68f8fc895960472ae0ec9e79_0_190_2025-10-22_17-14-44/captures/before_alignment_4_2.jpg';1;'Wed Oct 22, 2025 at 13:20:15';'Wed Oct 22, 2025 at 13:20:15'
'before_alignment_4_4.jpg';'JHAMAB00019-16_68f8fc895960472ae0ec9e79_0_190_2025-10-22_17-14-44/captures/before_alignment_4_4.jpg';1;'Wed Oct 22, 2025 at 13:20:53';'Wed Oct 22, 2025 at 13:20:53'
'before_alignment_5_5.jpg';'JHAMAB00019-16_68f8fc895960472ae0ec9e79_0_190_2025-10-22_17-14-44/captures/before_alignment_5_5.jpg';1;'Wed Oct 22, 2025 at 13:21:32';'Wed Oct 22, 2025 at 13:21:32'
'before_alignment_5_3.jpg';'JHAMAB00019-16_68f8fc895960472ae0ec9e79_0_190_2025-10-22_17-14-44/captures/before_alignment_5_3.jpg';1;'Wed Oct 22, 2025 at 13:21:58';'Wed Oct 22, 2025 at 13:21:58'
'before_alignment_5_2.jpg';'JHAMAB00019-16_68f8fc895960472ae0ec9e79_0_190_2025-10-22_17-14-44/captures/before_alignment_5_2.jpg';1;'Wed Oct 22, 2025 at 13:22:23';'Wed Oct 22, 2025 at 13:22:23'
'LMI_20251022_JHAMAB00019-16.csv';'JHAMAB00019-16_68f8fc895960472ae0ec9e79_0_190_2025-10-22_17-14-44/data_files/LMI_20251022_JHAMAB00019-16.csv';1;'Wed Oct 22, 2025 at 13:22:42';'Wed Oct 22, 2025 at 13:22:42'
'before_alignment_1_4.jpg';'JHAMAB00019-16_68f8fc895960472ae0ec9e79_0_191_2025-10-22_18-12-05/captures/before_alignment_1_4.jpg';1;'Wed Oct 22, 2025 at 14:13:07';'Wed Oct 22, 2025 at 14:13:07'
'before_alignment_1_2.jpg';'JHAMAB00019-16_68f8fc895960472ae0ec9e79_0_191_2025-10-22_18-12-05/captures/before_alignment_1_2.jpg';1;'Wed Oct 22, 2025 at 14:13:29';'Wed Oct 22, 2025 at 14:13:29'
'before_alignment_1_1.jpg';'JHAMAB00019-16_68f8fc895960472ae0ec9e79_0_191_2025-10-22_18-12-05/captures/before_alignment_1_1.jpg';1;'Wed Oct 22, 2025 at 14:13:53';'Wed Oct 22, 2025 at 14:13:53'
'before_alignment_2_2.jpg';'JHAMAB00019-16_68f8fc895960472ae0ec9e79_0_191_2025-10-22_18-12-05/captures/before_alignment_2_2.jpg';1;'Wed Oct 22, 2025 at 14:14:23';'Wed Oct 22, 2025 at 14:14:23'
'before_alignment_2_3.jpg';'JHAMAB00019-16_68f8fc895960472ae0ec9e79_0_191_2025-10-22_18-12-05/captures/before_alignment_2_3.jpg';1;'Wed Oct 22, 2025 at 14:14:35';'Wed Oct 22, 2025 at 14:14:35'
'before_alignment_2_4.jpg';'JHAMAB00019-16_68f8fc895960472ae0ec9e79_0_191_2025-10-22_18-12-05/captures/before_alignment_2_4.jpg';1;'Wed Oct 22, 2025 at 14:14:47';'Wed Oct 22, 2025 at 14:14:47'
'before_alignment_2_5.jpg';'JHAMAB00019-16_68f8fc895960472ae0ec9e79_0_191_2025-10-22_18-12-05/captures/before_alignment_2_5.jpg';1;'Wed Oct 22, 2025 at 14:15:11';'Wed Oct 22, 2025 at 14:15:11'
'after_alignment_3_5.jpg';'JHAMAB00019-16_68f8fc895960472ae0ec9e79_0_191_2025-10-22_18-12-05/captures/after_alignment_3_5.jpg';1;'Wed Oct 22, 2025 at 14:15:19';'Wed Oct 22, 2025 at 14:15:19'
'before_alignment_3_3.jpg';'JHAMAB00019-16_68f8fc895960472ae0ec9e79_0_191_2025-10-22_18-12-05/captures/before_alignment_3_3.jpg';1;'Wed Oct 22, 2025 at 14:16:02';'Wed Oct 22, 2025 at 14:16:02'
'after_alignment_3_2.jpg';'JHAMAB00019-16_68f8fc895960472ae0ec9e79_0_191_2025-10-22_18-12-05/captures/after_alignment_3_2.jpg';1;'Wed Oct 22, 2025 at 14:16:09';'Wed Oct 22, 2025 at 14:16:09'
'after_alignment_3_1.jpg';'JHAMAB00019-16_68f8fc895960472ae0ec9e79_0_191_2025-10-22_18-12-05/captures/after_alignment_3_1.jpg';1;'Wed Oct 22, 2025 at 14:16:26';'Wed Oct 22, 2025 at 14:16:26'
'after_alignment_4_1.jpg';'JHAMAB00019-16_68f8fc895960472ae0ec9e79_0_191_2025-10-22_18-12-05/captures/after_alignment_4_1.jpg';1;'Wed Oct 22, 2025 at 14:16:38';'Wed Oct 22, 2025 at 14:16:38'
'after_alignment_4_2.jpg';'JHAMAB00019-16_68f8fc895960472ae0ec9e79_0_191_2025-10-22_18-12-05/captures/after_alignment_4_2.jpg';1;'Wed Oct 22, 2025 at 14:16:50';'Wed Oct 22, 2025 at 14:16:50'
'after_alignment_4_3.jpg';'JHAMAB00019-16_68f8fc895960472ae0ec9e79_0_191_2025-10-22_18-12-05/captures/after_alignment_4_3.jpg';1;'Wed Oct 22, 2025 at 14:17:03';'Wed Oct 22, 2025 at 14:17:03'
'after_alignment_4_4.jpg';'JHAMAB00019-16_68f8fc895960472ae0ec9e79_0_191_2025-10-22_18-12-05/captures/after_alignment_4_4.jpg';1;'Wed Oct 22, 2025 at 14:17:15';'Wed Oct 22, 2025 at 14:17:15'
'after_alignment_4_5.jpg';'JHAMAB00019-16_68f8fc895960472ae0ec9e79_0_191_2025-10-22_18-12-05/captures/after_alignment_4_5.jpg';1;'Wed Oct 22, 2025 at 14:17:27';'Wed Oct 22, 2025 at 14:17:27'
'before_alignment_5_4.jpg';'JHAMAB00019-16_68f8fc895960472ae0ec9e79_0_191_2025-10-22_18-12-05/captures/before_alignment_5_4.jpg';1;'Wed Oct 22, 2025 at 14:18:10';'Wed Oct 22, 2025 at 14:18:10'
'before_alignment_5_2.jpg';'JHAMAB00019-16_68f8fc895960472ae0ec9e79_0_191_2025-10-22_18-12-05/captures/before_alignment_5_2.jpg';1;'Wed Oct 22, 2025 at 14:18:48';'Wed Oct 22, 2025 at 14:18:48'
'LMI_20251022_JHAMAB00019-16.csv';'JHAMAB00019-16_68f8fc895960472ae0ec9e79_0_191_2025-10-22_18-12-05/data_files/LMI_20251022_JHAMAB00019-16.csv';1;'Wed Oct 22, 2025 at 14:19:08';'Wed Oct 22, 2025 at 14:19:08'
'experiment_data_LMI-Shots_20251022_NA_FAB.xlsx';'SeeMoveShootData/experiment_data_LMI-Shots_20251022_NA_FAB.xlsx';1;'Wed Oct 22, 2025 at 19:24:23';'Wed Oct 22, 2025 at 19:24:23'
'experiment_data_LMI-Shots_20251022_NA_FAB.xlsx';'SeeMoveShootData/experiment_data_LMI-Shots_20251022_NA_FAB.xlsx';1;'Wed Oct 22, 2025 at 15:24:34';'Wed Oct 22, 2025 at 15:24:34'
'experiment_data_LMI-Shots_20251022_NA_FAB.xlsx';'SeeMoveShootData/experiment_data_LMI-Shots_20251022_NA_FAB.xlsx';1;'Wed Oct 22, 2025 at 15:24:54';'Wed Oct 22, 2025 at 15:24:54'
'experiment_data_LMI-Shots_20251022_NA_FAB.xlsx';'SeeMoveShootData/experiment_data_LMI-Shots_20251022_NA_FAB.xlsx';1;'Wed Oct 22, 2025 at 15:25:11';'Wed Oct 22, 2025 at 15:25:11'
'experiment_data_LMI-Shots_20251022_NA_FAB.xlsx';'SeeMoveShootData/experiment_data_LMI-Shots_20251022_NA_FAB.xlsx';1;'Wed Oct 22, 2025 at 15:25:32';'Wed Oct 22, 2025 at 15:25:32'
'experiment_data_LMI-Shots_20251022_NA_FAB.xlsx';'SeeMoveShootData/experiment_data_LMI-Shots_20251022_NA_FAB.xlsx';1;'Wed Oct 22, 2025 at 15:25:50';'Wed Oct 22, 2025 at 15:25:50'
'experiment_data_LMI-Shots_20251022_NA_FAB.xlsx';'SeeMoveShootData/experiment_data_LMI-Shots_20251022_NA_FAB.xlsx';1;'Wed Oct 22, 2025 at 15:26:09';'Wed Oct 22, 2025 at 15:26:09'
'experiment_data_LMI-Shots_20251022_NA_FAB.xlsx';'SeeMoveShootData/experiment_data_LMI-Shots_20251022_NA_FAB.xlsx';1;'Wed Oct 22, 2025 at 15:26:27';'Wed Oct 22, 2025 at 15:26:27'
'experiment_data_LMI-Shots_20251022_NA_FAB.xlsx';'SeeMoveShootData/experiment_data_LMI-Shots_20251022_NA_FAB.xlsx';1;'Wed Oct 22, 2025 at 15:26:45';'Wed Oct 22, 2025 at 15:26:45'
'experiment_data_LMI-Shots_20251022_NA_FAB.xlsx';'SeeMoveShootData/experiment_data_LMI-Shots_20251022_NA_FAB.xlsx';1;'Wed Oct 22, 2025 at 15:27:04';'Wed Oct 22, 2025 at 15:27:04'
'experiment_data_LMI-Shots_20251022_NA_FAB.xlsx';'SeeMoveShootData/experiment_data_LMI-Shots_20251022_NA_FAB.xlsx';1;'Wed Oct 22, 2025 at 15:27:29';'Wed Oct 22, 2025 at 15:27:29'
'experiment_data_LMI-Shots_20251022_NA_FAB.xlsx';'SeeMoveShootData/experiment_data_LMI-Shots_20251022_NA_FAB.xlsx';1;'Wed Oct 22, 2025 at 15:27:49';'Wed Oct 22, 2025 at 15:27:49'
'~$experiment_data_LMI-Shots_20251022_NA_FAB.xlsx';'SeeMoveShootData/~$experiment_data_LMI-Shots_20251022_NA_FAB.xlsx';1;'Wed Oct 22, 2025 at 15:30:44';'Wed Oct 22, 2025 at 15:30:44'
'experiment_data_LMI-Shots_20251022_NA_FAB.xlsx';'SeeMoveShootData/experiment_data_LMI-Shots_20251022_NA_FAB.xlsx';1;'Wed Oct 22, 2025 at 19:24:29';'Wed Oct 22, 2025 at 19:24:29'
'experiment_data_LMI-Shots_20251022_NA_FAB.xlsx';'SeeMoveShootData/experiment_data_LMI-Shots_20251022_NA_FAB.xlsx';1;'Wed Oct 22, 2025 at 15:24:44';'Wed Oct 22, 2025 at 15:24:44'
'experiment_data_LMI-Shots_20251022_NA_FAB.xlsx';'SeeMoveShootData/experiment_data_LMI-Shots_20251022_NA_FAB.xlsx';1;'Wed Oct 22, 2025 at 15:25:04';'Wed Oct 22, 2025 at 15:25:04'
'experiment_data_LMI-Shots_20251022_NA_FAB.xlsx';'SeeMoveShootData/experiment_data_LMI-Shots_20251022_NA_FAB.xlsx';1;'Wed Oct 22, 2025 at 15:25:23';'Wed Oct 22, 2025 at 15:25:23'
'experiment_data_LMI-Shots_20251022_NA_FAB.xlsx';'SeeMoveShootData/experiment_data_LMI-Shots_20251022_NA_FAB.xlsx';1;'Wed Oct 22, 2025 at 15:25:39';'Wed Oct 22, 2025 at 15:25:39'
'experiment_data_LMI-Shots_20251022_NA_FAB.xlsx';'SeeMoveShootData/experiment_data_LMI-Shots_20251022_NA_FAB.xlsx';1;'Wed Oct 22, 2025 at 15:26:00';'Wed Oct 22, 2025 at 15:26:00'
'experiment_data_LMI-Shots_20251022_NA_FAB.xlsx';'SeeMoveShootData/experiment_data_LMI-Shots_20251022_NA_FAB.xlsx';1;'Wed Oct 22, 2025 at 15:26:18';'Wed Oct 22, 2025 at 15:26:18'
'experiment_data_LMI-Shots_20251022_NA_FAB.xlsx';'SeeMoveShootData/experiment_data_LMI-Shots_20251022_NA_FAB.xlsx';1;'Wed Oct 22, 2025 at 15:26:36';'Wed Oct 22, 2025 at 15:26:36'
'experiment_data_LMI-Shots_20251022_NA_FAB.xlsx';'SeeMoveShootData/experiment_data_LMI-Shots_20251022_NA_FAB.xlsx';1;'Wed Oct 22, 2025 at 15:26:55';'Wed Oct 22, 2025 at 15:26:55'
'experiment_data_LMI-Shots_20251022_NA_FAB.xlsx';'SeeMoveShootData/experiment_data_LMI-Shots_20251022_NA_FAB.xlsx';1;'Wed Oct 22, 2025 at 15:27:13';'Wed Oct 22, 2025 at 15:27:13'
'experiment_data_LMI-Shots_20251022_NA_FAB.xlsx';'SeeMoveShootData/experiment_data_LMI-Shots_20251022_NA_FAB.xlsx';1;'Wed Oct 22, 2025 at 15:27:39';'Wed Oct 22, 2025 at 15:27:39'
'experiment_data_LMI-Shots_20251022_NA_FAB.xlsx';'SeeMoveShootData/experiment_data_LMI-Shots_20251022_NA_FAB.xlsx';1;'Wed Oct 22, 2025 at 15:27:59';'Wed Oct 22, 2025 at 15:27:59'
'before_alignment_2_2.jpg';'JHAMAB00020-12_68f558f43f23e15e4e99bfa1_0_277_2025-10-23_21-07-15/captures/before_alignment_2_2.jpg';1;'Thu Oct 23, 2025 at 17:09:09';'Thu Oct 23, 2025 at 17:09:09'
'after_alignment_2_3.jpg';'JHAMAB00020-12_68f558f43f23e15e4e99bfa1_0_277_2025-10-23_21-07-15/captures/after_alignment_2_3.jpg';1;'Thu Oct 23, 2025 at 17:09:16';'Thu Oct 23, 2025 at 17:09:16'
'after_alignment_2_4.jpg';'JHAMAB00020-12_68f558f43f23e15e4e99bfa1_0_277_2025-10-23_21-07-15/captures/after_alignment_2_4.jpg';1;'Thu Oct 23, 2025 at 17:09:24';'Thu Oct 23, 2025 at 17:09:24'
'after_alignment_2_5.jpg';'JHAMAB00020-12_68f558f43f23e15e4e99bfa1_0_277_2025-10-23_21-07-15/captures/after_alignment_2_5.jpg';1;'Thu Oct 23, 2025 at 17:09:39';'Thu Oct 23, 2025 at 17:09:39'
'after_alignment_3_5.jpg';'JHAMAB00020-12_68f558f43f23e15e4e99bfa1_0_277_2025-10-23_21-07-15/captures/after_alignment_3_5.jpg';1;'Thu Oct 23, 2025 at 17:09:55';'Thu Oct 23, 2025 at 17:09:55'
'after_alignment_3_4.jpg';'JHAMAB00020-12_68f558f43f23e15e4e99bfa1_0_277_2025-10-23_21-07-15/captures/after_alignment_3_4.jpg';1;'Thu Oct 23, 2025 at 17:10:11';'Thu Oct 23, 2025 at 17:10:11'
'before_alignment_3_2.jpg';'JHAMAB00020-12_68f558f43f23e15e4e99bfa1_0_277_2025-10-23_21-07-15/captures/before_alignment_3_2.jpg';1;'Thu Oct 23, 2025 at 17:10:47';'Thu Oct 23, 2025 at 17:10:47'
'before_alignment_3_1.jpg';'JHAMAB00020-12_68f558f43f23e15e4e99bfa1_0_277_2025-10-23_21-07-15/captures/before_alignment_3_1.jpg';1;'Thu Oct 23, 2025 at 17:11:03';'Thu Oct 23, 2025 at 17:11:03'
'before_alignment_4_1.jpg';'JHAMAB00020-12_68f558f43f23e15e4e99bfa1_0_277_2025-10-23_21-07-15/captures/before_alignment_4_1.jpg';1;'Thu Oct 23, 2025 at 17:11:18';'Thu Oct 23, 2025 at 17:11:18'
'before_alignment_4_2.jpg';'JHAMAB00020-12_68f558f43f23e15e4e99bfa1_0_277_2025-10-23_21-07-15/captures/before_alignment_4_2.jpg';1;'Thu Oct 23, 2025 at 17:11:33';'Thu Oct 23, 2025 at 17:11:33'
'before_alignment_4_3.jpg';'JHAMAB00020-12_68f558f43f23e15e4e99bfa1_0_277_2025-10-23_21-07-15/captures/before_alignment_4_3.jpg';1;'Thu Oct 23, 2025 at 17:11:48';'Thu Oct 23, 2025 at 17:11:48'
'before_alignment_4_4.jpg';'JHAMAB00020-12_68f558f43f23e15e4e99bfa1_0_277_2025-10-23_21-07-15/captures/before_alignment_4_4.jpg';1;'Thu Oct 23, 2025 at 17:11:56';'Thu Oct 23, 2025 at 17:11:56'
'before_alignment_4_5.jpg';'JHAMAB00020-12_68f558f43f23e15e4e99bfa1_0_277_2025-10-23_21-07-15/captures/before_alignment_4_5.jpg';1;'Thu Oct 23, 2025 at 17:12:11';'Thu Oct 23, 2025 at 17:12:11'
'before_alignment_5_5.jpg';'JHAMAB00020-12_68f558f43f23e15e4e99bfa1_0_277_2025-10-23_21-07-15/captures/before_alignment_5_5.jpg';1;'Thu Oct 23, 2025 at 17:12:26';'Thu Oct 23, 2025 at 17:12:26'
'before_alignment_5_4.jpg';'JHAMAB00020-12_68f558f43f23e15e4e99bfa1_0_277_2025-10-23_21-07-15/captures/before_alignment_5_4.jpg';1;'Thu Oct 23, 2025 at 17:12:42';'Thu Oct 23, 2025 at 17:12:42'
'before_alignment_5_3.jpg';'JHAMAB00020-12_68f558f43f23e15e4e99bfa1_0_277_2025-10-23_21-07-15/captures/before_alignment_5_3.jpg';1;'Thu Oct 23, 2025 at 17:12:54';'Thu Oct 23, 2025 at 17:12:54'
'before_alignment_5_2.jpg';'JHAMAB00020-12_68f558f43f23e15e4e99bfa1_0_277_2025-10-23_21-07-15/captures/before_alignment_5_2.jpg';1;'Thu Oct 23, 2025 at 17:13:09';'Thu Oct 23, 2025 at 17:13:09'
'before_alignment_5_1.jpg';'JHAMAB00020-12_68f558f43f23e15e4e99bfa1_0_277_2025-10-23_21-07-15/captures/before_alignment_5_1.jpg';1;'Thu Oct 23, 2025 at 17:13:25';'Thu Oct 23, 2025 at 17:13:25'
'LMI_20251023_JHAMAB00020-12.csv';'JHAMAB00020-12_68f558f43f23e15e4e99bfa1_0_277_2025-10-23_21-07-15/data_files/LMI_20251023_JHAMAB00020-12.csv';1;'Thu Oct 23, 2025 at 17:13:32';'Thu Oct 23, 2025 at 17:13:32'
'after_alignment_1_5.jpg';'JHAMAB00021-07_68f5592a3f23e15e4e99bfb7_0_278_2025-10-23_21-17-35/captures/after_alignment_1_5.jpg';1;'Thu Oct 23, 2025 at 17:17:58';'Thu Oct 23, 2025 at 17:17:58'
'after_alignment_1_4.jpg';'JHAMAB00021-07_68f5592a3f23e15e4e99bfb7_0_278_2025-10-23_21-17-35/captures/after_alignment_1_4.jpg';1;'Thu Oct 23, 2025 at 17:18:12';'Thu Oct 23, 2025 at 17:18:12'
'after_alignment_1_3.jpg';'JHAMAB00021-07_68f5592a3f23e15e4e99bfb7_0_278_2025-10-23_21-17-35/captures/after_alignment_1_3.jpg';1;'Thu Oct 23, 2025 at 17:18:28';'Thu Oct 23, 2025 at 17:18:28'
'after_alignment_1_2.jpg';'JHAMAB00021-07_68f5592a3f23e15e4e99bfb7_0_278_2025-10-23_21-17-35/captures/after_alignment_1_2.jpg';1;'Thu Oct 23, 2025 at 17:18:43';'Thu Oct 23, 2025 at 17:18:43'
'after_alignment_1_1.jpg';'JHAMAB00021-07_68f5592a3f23e15e4e99bfb7_0_278_2025-10-23_21-17-35/captures/after_alignment_1_1.jpg';1;'Thu Oct 23, 2025 at 17:18:58';'Thu Oct 23, 2025 at 17:18:58'
'after_alignment_2_1.jpg';'JHAMAB00021-07_68f5592a3f23e15e4e99bfb7_0_278_2025-10-23_21-17-35/captures/after_alignment_2_1.jpg';1;'Thu Oct 23, 2025 at 17:19:13';'Thu Oct 23, 2025 at 17:19:13'
'after_alignment_2_2.jpg';'JHAMAB00021-07_68f5592a3f23e15e4e99bfb7_0_278_2025-10-23_21-17-35/captures/after_alignment_2_2.jpg';1;'Thu Oct 23, 2025 at 17:19:35';'Thu Oct 23, 2025 at 17:19:35'
'after_alignment_2_3.jpg';'JHAMAB00021-07_68f5592a3f23e15e4e99bfb7_0_278_2025-10-23_21-17-35/captures/after_alignment_2_3.jpg';1;'Thu Oct 23, 2025 at 17:19:50';'Thu Oct 23, 2025 at 17:19:50'
'after_alignment_2_4.jpg';'JHAMAB00021-07_68f5592a3f23e15e4e99bfb7_0_278_2025-10-23_21-17-35/captures/after_alignment_2_4.jpg';1;'Thu Oct 23, 2025 at 17:20:05';'Thu Oct 23, 2025 at 17:20:05'
'after_alignment_2_5.jpg';'JHAMAB00021-07_68f5592a3f23e15e4e99bfb7_0_278_2025-10-23_21-17-35/captures/after_alignment_2_5.jpg';1;'Thu Oct 23, 2025 at 17:20:21';'Thu Oct 23, 2025 at 17:20:21'
'after_alignment_3_5.jpg';'JHAMAB00021-07_68f5592a3f23e15e4e99bfb7_0_278_2025-10-23_21-17-35/captures/after_alignment_3_5.jpg';1;'Thu Oct 23, 2025 at 17:20:36';'Thu Oct 23, 2025 at 17:20:36'
'after_alignment_3_4.jpg';'JHAMAB00021-07_68f5592a3f23e15e4e99bfb7_0_278_2025-10-23_21-17-35/captures/after_alignment_3_4.jpg';1;'Thu Oct 23, 2025 at 17:20:51';'Thu Oct 23, 2025 at 17:20:51'
'after_alignment_3_3.jpg';'JHAMAB00021-07_68f5592a3f23e15e4e99bfb7_0_278_2025-10-23_21-17-35/captures/after_alignment_3_3.jpg';1;'Thu Oct 23, 2025 at 17:21:07';'Thu Oct 23, 2025 at 17:21:07'
'after_alignment_3_2.jpg';'JHAMAB00021-07_68f5592a3f23e15e4e99bfb7_0_278_2025-10-23_21-17-35/captures/after_alignment_3_2.jpg';1;'Thu Oct 23, 2025 at 17:21:21';'Thu Oct 23, 2025 at 17:21:21'
'after_alignment_3_1.jpg';'JHAMAB00021-07_68f5592a3f23e15e4e99bfb7_0_278_2025-10-23_21-17-35/captures/after_alignment_3_1.jpg';1;'Thu Oct 23, 2025 at 17:21:37';'Thu Oct 23, 2025 at 17:21:37'
'after_alignment_4_1.jpg';'JHAMAB00021-07_68f5592a3f23e15e4e99bfb7_0_278_2025-10-23_21-17-35/captures/after_alignment_4_1.jpg';1;'Thu Oct 23, 2025 at 17:21:52';'Thu Oct 23, 2025 at 17:21:52'
'after_alignment_4_2.jpg';'JHAMAB00021-07_68f5592a3f23e15e4e99bfb7_0_278_2025-10-23_21-17-35/captures/after_alignment_4_2.jpg';1;'Thu Oct 23, 2025 at 17:22:07';'Thu Oct 23, 2025 at 17:22:07'
'after_alignment_4_3.jpg';'JHAMAB00021-07_68f5592a3f23e15e4e99bfb7_0_278_2025-10-23_21-17-35/captures/after_alignment_4_3.jpg';1;'Thu Oct 23, 2025 at 17:22:22';'Thu Oct 23, 2025 at 17:22:22'
'after_alignment_4_4.jpg';'JHAMAB00021-07_68f5592a3f23e15e4e99bfb7_0_278_2025-10-23_21-17-35/captures/after_alignment_4_4.jpg';1;'Thu Oct 23, 2025 at 17:22:38';'Thu Oct 23, 2025 at 17:22:38'
'after_alignment_4_5.jpg';'JHAMAB00021-07_68f5592a3f23e15e4e99bfb7_0_278_2025-10-23_21-17-35/captures/after_alignment_4_5.jpg';1;'Thu Oct 23, 2025 at 17:22:53';'Thu Oct 23, 2025 at 17:22:53'
'after_alignment_5_5.jpg';'JHAMAB00021-07_68f5592a3f23e15e4e99bfb7_0_278_2025-10-23_21-17-35/captures/after_alignment_5_5.jpg';1;'Thu Oct 23, 2025 at 17:23:08';'Thu Oct 23, 2025 at 17:23:08'
'after_alignment_5_4.jpg';'JHAMAB00021-07_68f5592a3f23e15e4e99bfb7_0_278_2025-10-23_21-17-35/captures/after_alignment_5_4.jpg';1;'Thu Oct 23, 2025 at 17:23:23';'Thu Oct 23, 2025 at 17:23:23'
'after_alignment_5_3.jpg';'JHAMAB00021-07_68f5592a3f23e15e4e99bfb7_0_278_2025-10-23_21-17-35/captures/after_alignment_5_3.jpg';1;'Thu Oct 23, 2025 at 17:23:39';'Thu Oct 23, 2025 at 17:23:39'
'after_alignment_5_2.jpg';'JHAMAB00021-07_68f5592a3f23e15e4e99bfb7_0_278_2025-10-23_21-17-35/captures/after_alignment_5_2.jpg';1;'Thu Oct 23, 2025 at 17:23:53';'Thu Oct 23, 2025 at 17:23:53'
'after_alignment_5_1.jpg';'JHAMAB00021-07_68f5592a3f23e15e4e99bfb7_0_278_2025-10-23_21-17-35/captures/after_alignment_5_1.jpg';1;'Thu Oct 23, 2025 at 17:24:09';'Thu Oct 23, 2025 at 17:24:09'
'before_alignment_1_5.jpg';'JHAMAB00021-08_68f5592a3f23e15e4e99bfb8_0_279_2025-10-23_21-28-14/captures/before_alignment_1_5.jpg';1;'Thu Oct 23, 2025 at 17:28:43';'Thu Oct 23, 2025 at 17:28:43'
'before_alignment_1_4.jpg';'JHAMAB00021-08_68f5592a3f23e15e4e99bfb8_0_279_2025-10-23_21-28-14/captures/before_alignment_1_4.jpg';1;'Thu Oct 23, 2025 at 17:28:53';'Thu Oct 23, 2025 at 17:28:53'
'before_alignment_1_3.jpg';'JHAMAB00021-08_68f5592a3f23e15e4e99bfb8_0_279_2025-10-23_21-28-14/captures/before_alignment_1_3.jpg';1;'Thu Oct 23, 2025 at 17:29:09';'Thu Oct 23, 2025 at 17:29:09'
'before_alignment_1_2.jpg';'JHAMAB00021-08_68f5592a3f23e15e4e99bfb8_0_279_2025-10-23_21-28-14/captures/before_alignment_1_2.jpg';1;'Thu Oct 23, 2025 at 17:29:24';'Thu Oct 23, 2025 at 17:29:24'
'before_alignment_1_1.jpg';'JHAMAB00021-08_68f5592a3f23e15e4e99bfb8_0_279_2025-10-23_21-28-14/captures/before_alignment_1_1.jpg';1;'Thu Oct 23, 2025 at 17:29:39';'Thu Oct 23, 2025 at 17:29:39'
'before_alignment_2_1.jpg';'JHAMAB00021-08_68f5592a3f23e15e4e99bfb8_0_279_2025-10-23_21-28-14/captures/before_alignment_2_1.jpg';1;'Thu Oct 23, 2025 at 17:29:54';'Thu Oct 23, 2025 at 17:29:54'
'before_alignment_2_2.jpg';'JHAMAB00021-08_68f5592a3f23e15e4e99bfb8_0_279_2025-10-23_21-28-14/captures/before_alignment_2_2.jpg';1;'Thu Oct 23, 2025 at 17:30:09';'Thu Oct 23, 2025 at 17:30:09'
'before_alignment_2_3.jpg';'JHAMAB00021-08_68f5592a3f23e15e4e99bfb8_0_279_2025-10-23_21-28-14/captures/before_alignment_2_3.jpg';1;'Thu Oct 23, 2025 at 17:30:25';'Thu Oct 23, 2025 at 17:30:25'
'before_alignment_2_4.jpg';'JHAMAB00021-08_68f5592a3f23e15e4e99bfb8_0_279_2025-10-23_21-28-14/captures/before_alignment_2_4.jpg';1;'Thu Oct 23, 2025 at 17:30:39';'Thu Oct 23, 2025 at 17:30:39'
'before_alignment_2_5.jpg';'JHAMAB00021-08_68f5592a3f23e15e4e99bfb8_0_279_2025-10-23_21-28-14/captures/before_alignment_2_5.jpg';1;'Thu Oct 23, 2025 at 17:30:54';'Thu Oct 23, 2025 at 17:30:54'
'before_alignment_3_5.jpg';'JHAMAB00021-08_68f5592a3f23e15e4e99bfb8_0_279_2025-10-23_21-28-14/captures/before_alignment_3_5.jpg';1;'Thu Oct 23, 2025 at 17:31:10';'Thu Oct 23, 2025 at 17:31:10'
'before_alignment_3_4.jpg';'JHAMAB00021-08_68f5592a3f23e15e4e99bfb8_0_279_2025-10-23_21-28-14/captures/before_alignment_3_4.jpg';1;'Thu Oct 23, 2025 at 17:31:25';'Thu Oct 23, 2025 at 17:31:25'
'before_alignment_3_3.jpg';'JHAMAB00021-08_68f5592a3f23e15e4e99bfb8_0_279_2025-10-23_21-28-14/captures/before_alignment_3_3.jpg';1;'Thu Oct 23, 2025 at 17:31:40';'Thu Oct 23, 2025 at 17:31:40'
'before_alignment_3_2.jpg';'JHAMAB00021-08_68f5592a3f23e15e4e99bfb8_0_279_2025-10-23_21-28-14/captures/before_alignment_3_2.jpg';1;'Thu Oct 23, 2025 at 17:31:56';'Thu Oct 23, 2025 at 17:31:56'
'before_alignment_3_1.jpg';'JHAMAB00021-08_68f5592a3f23e15e4e99bfb8_0_279_2025-10-23_21-28-14/captures/before_alignment_3_1.jpg';1;'Thu Oct 23, 2025 at 17:32:11';'Thu Oct 23, 2025 at 17:32:11'
'before_alignment_4_1.jpg';'JHAMAB00021-08_68f5592a3f23e15e4e99bfb8_0_279_2025-10-23_21-28-14/captures/before_alignment_4_1.jpg';1;'Thu Oct 23, 2025 at 17:32:27';'Thu Oct 23, 2025 at 17:32:27'
'before_alignment_4_2.jpg';'JHAMAB00021-08_68f5592a3f23e15e4e99bfb8_0_279_2025-10-23_21-28-14/captures/before_alignment_4_2.jpg';1;'Thu Oct 23, 2025 at 17:32:42';'Thu Oct 23, 2025 at 17:32:42'
'before_alignment_4_3.jpg';'JHAMAB00021-08_68f5592a3f23e15e4e99bfb8_0_279_2025-10-23_21-28-14/captures/before_alignment_4_3.jpg';1;'Thu Oct 23, 2025 at 17:32:57';'Thu Oct 23, 2025 at 17:32:57'
'before_alignment_4_4.jpg';'JHAMAB00021-08_68f5592a3f23e15e4e99bfb8_0_279_2025-10-23_21-28-14/captures/before_alignment_4_4.jpg';1;'Thu Oct 23, 2025 at 17:33:12';'Thu Oct 23, 2025 at 17:33:12'
'before_alignment_4_5.jpg';'JHAMAB00021-08_68f5592a3f23e15e4e99bfb8_0_279_2025-10-23_21-28-14/captures/before_alignment_4_5.jpg';1;'Thu Oct 23, 2025 at 17:33:28';'Thu Oct 23, 2025 at 17:33:28'
'before_alignment_5_5.jpg';'JHAMAB00021-08_68f5592a3f23e15e4e99bfb8_0_279_2025-10-23_21-28-14/captures/before_alignment_5_5.jpg';1;'Thu Oct 23, 2025 at 17:33:44';'Thu Oct 23, 2025 at 17:33:44'
'before_alignment_5_4.jpg';'JHAMAB00021-08_68f5592a3f23e15e4e99bfb8_0_279_2025-10-23_21-28-14/captures/before_alignment_5_4.jpg';1;'Thu Oct 23, 2025 at 17:33:59';'Thu Oct 23, 2025 at 17:33:59'
'before_alignment_5_3.jpg';'JHAMAB00021-08_68f5592a3f23e15e4e99bfb8_0_279_2025-10-23_21-28-14/captures/before_alignment_5_3.jpg';1;'Thu Oct 23, 2025 at 17:34:14';'Thu Oct 23, 2025 at 17:34:14'
'before_alignment_5_2.jpg';'JHAMAB00021-08_68f5592a3f23e15e4e99bfb8_0_279_2025-10-23_21-28-14/captures/before_alignment_5_2.jpg';1;'Thu Oct 23, 2025 at 17:34:29';'Thu Oct 23, 2025 at 17:34:29'
'before_alignment_5_1.jpg';'JHAMAB00021-08_68f5592a3f23e15e4e99bfb8_0_279_2025-10-23_21-28-14/captures/before_alignment_5_1.jpg';1;'Thu Oct 23, 2025 at 17:34:56';'Thu Oct 23, 2025 at 17:34:56'
'before_alignment_1_5.jpg';'JHAMAB00019-13_68f5589c5c4e7db49fe46b8e_0_280_2025-10-23_21-40-32/captures/before_alignment_1_5.jpg';1;'Thu Oct 23, 2025 at 17:41:08';'Thu Oct 23, 2025 at 17:41:08'
'before_alignment_1_4.jpg';'JHAMAB00019-13_68f5589c5c4e7db49fe46b8e_0_280_2025-10-23_21-40-32/captures/before_alignment_1_4.jpg';1;'Thu Oct 23, 2025 at 17:41:11';'Thu Oct 23, 2025 at 17:41:11'
'before_alignment_1_3.jpg';'JHAMAB00019-13_68f5589c5c4e7db49fe46b8e_0_280_2025-10-23_21-40-32/captures/before_alignment_1_3.jpg';1;'Thu Oct 23, 2025 at 17:41:26';'Thu Oct 23, 2025 at 17:41:26'
'before_alignment_1_2.jpg';'JHAMAB00019-13_68f5589c5c4e7db49fe46b8e_0_280_2025-10-23_21-40-32/captures/before_alignment_1_2.jpg';1;'Thu Oct 23, 2025 at 17:41:42';'Thu Oct 23, 2025 at 17:41:42'
'before_alignment_1_1.jpg';'JHAMAB00019-13_68f5589c5c4e7db49fe46b8e_0_280_2025-10-23_21-40-32/captures/before_alignment_1_1.jpg';1;'Thu Oct 23, 2025 at 17:41:58';'Thu Oct 23, 2025 at 17:41:58'
'before_alignment_2_1.jpg';'JHAMAB00019-13_68f5589c5c4e7db49fe46b8e_0_280_2025-10-23_21-40-32/captures/before_alignment_2_1.jpg';1;'Thu Oct 23, 2025 at 17:42:13';'Thu Oct 23, 2025 at 17:42:13'
'before_alignment_2_2.jpg';'JHAMAB00019-13_68f5589c5c4e7db49fe46b8e_0_280_2025-10-23_21-40-32/captures/before_alignment_2_2.jpg';1;'Thu Oct 23, 2025 at 17:42:28';'Thu Oct 23, 2025 at 17:42:28'
'before_alignment_2_3.jpg';'JHAMAB00019-13_68f5589c5c4e7db49fe46b8e_0_280_2025-10-23_21-40-32/captures/before_alignment_2_3.jpg';1;'Thu Oct 23, 2025 at 17:42:54';'Thu Oct 23, 2025 at 17:42:54'
'after_alignment_2_4.jpg';'JHAMAB00019-13_68f5589c5c4e7db49fe46b8e_0_280_2025-10-23_21-40-32/captures/after_alignment_2_4.jpg';1;'Thu Oct 23, 2025 at 17:43:02';'Thu Oct 23, 2025 at 17:43:02'
'after_alignment_2_5.jpg';'JHAMAB00019-13_68f5589c5c4e7db49fe46b8e_0_280_2025-10-23_21-40-32/captures/after_alignment_2_5.jpg';1;'Thu Oct 23, 2025 at 17:43:17';'Thu Oct 23, 2025 at 17:43:17'
'after_alignment_3_5.jpg';'JHAMAB00019-13_68f5589c5c4e7db49fe46b8e_0_280_2025-10-23_21-40-32/captures/after_alignment_3_5.jpg';1;'Thu Oct 23, 2025 at 17:43:35';'Thu Oct 23, 2025 at 17:43:35'
'after_alignment_3_4.jpg';'JHAMAB00019-13_68f5589c5c4e7db49fe46b8e_0_280_2025-10-23_21-40-32/captures/after_alignment_3_4.jpg';1;'Thu Oct 23, 2025 at 17:43:50';'Thu Oct 23, 2025 at 17:43:50'
'after_alignment_3_3.jpg';'JHAMAB00019-13_68f5589c5c4e7db49fe46b8e_0_280_2025-10-23_21-40-32/captures/after_alignment_3_3.jpg';1;'Thu Oct 23, 2025 at 17:44:11';'Thu Oct 23, 2025 at 17:44:11'
'after_alignment_3_2.jpg';'JHAMAB00019-13_68f5589c5c4e7db49fe46b8e_0_280_2025-10-23_21-40-32/captures/after_alignment_3_2.jpg';1;'Thu Oct 23, 2025 at 17:44:28';'Thu Oct 23, 2025 at 17:44:28'
'after_alignment_3_1.jpg';'JHAMAB00019-13_68f5589c5c4e7db49fe46b8e_0_280_2025-10-23_21-40-32/captures/after_alignment_3_1.jpg';1;'Thu Oct 23, 2025 at 17:44:44';'Thu Oct 23, 2025 at 17:44:44'
'after_alignment_4_1.jpg';'JHAMAB00019-13_68f5589c5c4e7db49fe46b8e_0_280_2025-10-23_21-40-32/captures/after_alignment_4_1.jpg';1;'Thu Oct 23, 2025 at 17:44:59';'Thu Oct 23, 2025 at 17:44:59'
'after_alignment_4_2.jpg';'JHAMAB00019-13_68f5589c5c4e7db49fe46b8e_0_280_2025-10-23_21-40-32/captures/after_alignment_4_2.jpg';1;'Thu Oct 23, 2025 at 17:45:14';'Thu Oct 23, 2025 at 17:45:14'
'after_alignment_4_3.jpg';'JHAMAB00019-13_68f5589c5c4e7db49fe46b8e_0_280_2025-10-23_21-40-32/captures/after_alignment_4_3.jpg';1;'Thu Oct 23, 2025 at 17:45:31';'Thu Oct 23, 2025 at 17:45:31'
'after_alignment_4_4.jpg';'JHAMAB00019-13_68f5589c5c4e7db49fe46b8e_0_280_2025-10-23_21-40-32/captures/after_alignment_4_4.jpg';1;'Thu Oct 23, 2025 at 17:45:46';'Thu Oct 23, 2025 at 17:45:46'
'after_alignment_4_5.jpg';'JHAMAB00019-13_68f5589c5c4e7db49fe46b8e_0_280_2025-10-23_21-40-32/captures/after_alignment_4_5.jpg';1;'Thu Oct 23, 2025 at 17:46:02';'Thu Oct 23, 2025 at 17:46:02'
'after_alignment_5_5.jpg';'JHAMAB00019-13_68f5589c5c4e7db49fe46b8e_0_280_2025-10-23_21-40-32/captures/after_alignment_5_5.jpg';1;'Thu Oct 23, 2025 at 17:46:17';'Thu Oct 23, 2025 at 17:46:17'
'after_alignment_5_4.jpg';'JHAMAB00019-13_68f5589c5c4e7db49fe46b8e_0_280_2025-10-23_21-40-32/captures/after_alignment_5_4.jpg';1;'Thu Oct 23, 2025 at 17:46:32';'Thu Oct 23, 2025 at 17:46:32'
'after_alignment_5_3.jpg';'JHAMAB00019-13_68f5589c5c4e7db49fe46b8e_0_280_2025-10-23_21-40-32/captures/after_alignment_5_3.jpg';1;'Thu Oct 23, 2025 at 17:46:48';'Thu Oct 23, 2025 at 17:46:48'
'after_alignment_5_2.jpg';'JHAMAB00019-13_68f5589c5c4e7db49fe46b8e_0_280_2025-10-23_21-40-32/captures/after_alignment_5_2.jpg';1;'Thu Oct 23, 2025 at 17:47:02';'Thu Oct 23, 2025 at 17:47:02'
'after_alignment_5_1.jpg';'JHAMAB00019-13_68f5589c5c4e7db49fe46b8e_0_280_2025-10-23_21-40-32/captures/after_alignment_5_1.jpg';1;'Thu Oct 23, 2025 at 17:47:18';'Thu Oct 23, 2025 at 17:47:18'
'before_alignment_1_5.jpg';'JHAMAB00019-14_68f5589c5c4e7db49fe46b8f_0_281_2025-10-23_21-51-32/captures/before_alignment_1_5.jpg';1;'Thu Oct 23, 2025 at 17:52:04';'Thu Oct 23, 2025 at 17:52:04'
'before_alignment_1_4.jpg';'JHAMAB00019-14_68f5589c5c4e7db49fe46b8f_0_281_2025-10-23_21-51-32/captures/before_alignment_1_4.jpg';1;'Thu Oct 23, 2025 at 17:52:11';'Thu Oct 23, 2025 at 17:52:11'
'before_alignment_1_3.jpg';'JHAMAB00019-14_68f5589c5c4e7db49fe46b8f_0_281_2025-10-23_21-51-32/captures/before_alignment_1_3.jpg';1;'Thu Oct 23, 2025 at 17:52:26';'Thu Oct 23, 2025 at 17:52:26'
'before_alignment_1_2.jpg';'JHAMAB00019-14_68f5589c5c4e7db49fe46b8f_0_281_2025-10-23_21-51-32/captures/before_alignment_1_2.jpg';1;'Thu Oct 23, 2025 at 17:52:41';'Thu Oct 23, 2025 at 17:52:41'
'before_alignment_1_1.jpg';'JHAMAB00019-14_68f5589c5c4e7db49fe46b8f_0_281_2025-10-23_21-51-32/captures/before_alignment_1_1.jpg';1;'Thu Oct 23, 2025 at 17:52:57';'Thu Oct 23, 2025 at 17:52:57'
'before_alignment_2_1.jpg';'JHAMAB00019-14_68f5589c5c4e7db49fe46b8f_0_281_2025-10-23_21-51-32/captures/before_alignment_2_1.jpg';1;'Thu Oct 23, 2025 at 17:53:12';'Thu Oct 23, 2025 at 17:53:12'
'before_alignment_2_2.jpg';'JHAMAB00019-14_68f5589c5c4e7db49fe46b8f_0_281_2025-10-23_21-51-32/captures/before_alignment_2_2.jpg';1;'Thu Oct 23, 2025 at 17:53:27';'Thu Oct 23, 2025 at 17:53:27'
'before_alignment_2_3.jpg';'JHAMAB00019-14_68f5589c5c4e7db49fe46b8f_0_281_2025-10-23_21-51-32/captures/before_alignment_2_3.jpg';1;'Thu Oct 23, 2025 at 17:53:42';'Thu Oct 23, 2025 at 17:53:42'
'before_alignment_2_4.jpg';'JHAMAB00019-14_68f5589c5c4e7db49fe46b8f_0_281_2025-10-23_21-51-32/captures/before_alignment_2_4.jpg';1;'Thu Oct 23, 2025 at 17:53:58';'Thu Oct 23, 2025 at 17:53:58'
'before_alignment_2_5.jpg';'JHAMAB00019-14_68f5589c5c4e7db49fe46b8f_0_281_2025-10-23_21-51-32/captures/before_alignment_2_5.jpg';1;'Thu Oct 23, 2025 at 17:54:13';'Thu Oct 23, 2025 at 17:54:13'
'before_alignment_3_5.jpg';'JHAMAB00019-14_68f5589c5c4e7db49fe46b8f_0_281_2025-10-23_21-51-32/captures/before_alignment_3_5.jpg';1;'Thu Oct 23, 2025 at 17:54:28';'Thu Oct 23, 2025 at 17:54:28'
'before_alignment_3_4.jpg';'JHAMAB00019-14_68f5589c5c4e7db49fe46b8f_0_281_2025-10-23_21-51-32/captures/before_alignment_3_4.jpg';1;'Thu Oct 23, 2025 at 17:54:44';'Thu Oct 23, 2025 at 17:54:44'
'before_alignment_3_3.jpg';'JHAMAB00019-14_68f5589c5c4e7db49fe46b8f_0_281_2025-10-23_21-51-32/captures/before_alignment_3_3.jpg';1;'Thu Oct 23, 2025 at 17:54:59';'Thu Oct 23, 2025 at 17:54:59'
'before_alignment_3_2.jpg';'JHAMAB00019-14_68f5589c5c4e7db49fe46b8f_0_281_2025-10-23_21-51-32/captures/before_alignment_3_2.jpg';1;'Thu Oct 23, 2025 at 17:55:15';'Thu Oct 23, 2025 at 17:55:15'
'before_alignment_3_1.jpg';'JHAMAB00019-14_68f5589c5c4e7db49fe46b8f_0_281_2025-10-23_21-51-32/captures/before_alignment_3_1.jpg';1;'Thu Oct 23, 2025 at 17:55:29';'Thu Oct 23, 2025 at 17:55:29'
'before_alignment_4_1.jpg';'JHAMAB00019-14_68f5589c5c4e7db49fe46b8f_0_281_2025-10-23_21-51-32/captures/before_alignment_4_1.jpg';1;'Thu Oct 23, 2025 at 17:55:45';'Thu Oct 23, 2025 at 17:55:45'
'before_alignment_4_2.jpg';'JHAMAB00019-14_68f5589c5c4e7db49fe46b8f_0_281_2025-10-23_21-51-32/captures/before_alignment_4_2.jpg';1;'Thu Oct 23, 2025 at 17:56:00';'Thu Oct 23, 2025 at 17:56:00'
'before_alignment_4_3.jpg';'JHAMAB00019-14_68f5589c5c4e7db49fe46b8f_0_281_2025-10-23_21-51-32/captures/before_alignment_4_3.jpg';1;'Thu Oct 23, 2025 at 17:56:15';'Thu Oct 23, 2025 at 17:56:15'
'before_alignment_4_4.jpg';'JHAMAB00019-14_68f5589c5c4e7db49fe46b8f_0_281_2025-10-23_21-51-32/captures/before_alignment_4_4.jpg';1;'Thu Oct 23, 2025 at 17:56:31';'Thu Oct 23, 2025 at 17:56:31'
'before_alignment_4_5.jpg';'JHAMAB00019-14_68f5589c5c4e7db49fe46b8f_0_281_2025-10-23_21-51-32/captures/before_alignment_4_5.jpg';1;'Thu Oct 23, 2025 at 17:56:59';'Thu Oct 23, 2025 at 17:56:59'
'after_alignment_5_5.jpg';'JHAMAB00019-14_68f5589c5c4e7db49fe46b8f_0_281_2025-10-23_21-51-32/captures/after_alignment_5_5.jpg';1;'Thu Oct 23, 2025 at 17:57:06';'Thu Oct 23, 2025 at 17:57:06'
'after_alignment_5_4.jpg';'JHAMAB00019-14_68f5589c5c4e7db49fe46b8f_0_281_2025-10-23_21-51-32/captures/after_alignment_5_4.jpg';1;'Thu Oct 23, 2025 at 17:57:21';'Thu Oct 23, 2025 at 17:57:21'
'after_alignment_5_3.jpg';'JHAMAB00019-14_68f5589c5c4e7db49fe46b8f_0_281_2025-10-23_21-51-32/captures/after_alignment_5_3.jpg';1;'Thu Oct 23, 2025 at 17:57:36';'Thu Oct 23, 2025 at 17:57:36'
'after_alignment_5_2.jpg';'JHAMAB00019-14_68f5589c5c4e7db49fe46b8f_0_281_2025-10-23_21-51-32/captures/after_alignment_5_2.jpg';1;'Thu Oct 23, 2025 at 17:57:51';'Thu Oct 23, 2025 at 17:57:51'
'after_alignment_5_1.jpg';'JHAMAB00019-14_68f5589c5c4e7db49fe46b8f_0_281_2025-10-23_21-51-32/captures/after_alignment_5_1.jpg';1;'Thu Oct 23, 2025 at 17:58:06';'Thu Oct 23, 2025 at 17:58:06'
'before_alignment_1_5.jpg';'JHAMAB00019-15_68f5589c5c4e7db49fe46b90_0_282_2025-10-23_22-03-12/captures/before_alignment_1_5.jpg';1;'Thu Oct 23, 2025 at 18:03:36';'Thu Oct 23, 2025 at 18:03:36'
'before_alignment_1_4.jpg';'JHAMAB00019-15_68f5589c5c4e7db49fe46b90_0_282_2025-10-23_22-03-12/captures/before_alignment_1_4.jpg';1;'Thu Oct 23, 2025 at 18:03:52';'Thu Oct 23, 2025 at 18:03:52'
'before_alignment_1_3.jpg';'JHAMAB00019-15_68f5589c5c4e7db49fe46b90_0_282_2025-10-23_22-03-12/captures/before_alignment_1_3.jpg';1;'Thu Oct 23, 2025 at 18:04:07';'Thu Oct 23, 2025 at 18:04:07'
'before_alignment_1_2.jpg';'JHAMAB00019-15_68f5589c5c4e7db49fe46b90_0_282_2025-10-23_22-03-12/captures/before_alignment_1_2.jpg';1;'Thu Oct 23, 2025 at 18:04:22';'Thu Oct 23, 2025 at 18:04:22'
'before_alignment_1_1.jpg';'JHAMAB00019-15_68f5589c5c4e7db49fe46b90_0_282_2025-10-23_22-03-12/captures/before_alignment_1_1.jpg';1;'Thu Oct 23, 2025 at 18:04:38';'Thu Oct 23, 2025 at 18:04:38'
'before_alignment_2_1.jpg';'JHAMAB00019-15_68f5589c5c4e7db49fe46b90_0_282_2025-10-23_22-03-12/captures/before_alignment_2_1.jpg';1;'Thu Oct 23, 2025 at 18:05:04';'Thu Oct 23, 2025 at 18:05:04'
'after_alignment_2_2.jpg';'JHAMAB00019-15_68f5589c5c4e7db49fe46b90_0_282_2025-10-23_22-03-12/captures/after_alignment_2_2.jpg';1;'Thu Oct 23, 2025 at 18:05:13';'Thu Oct 23, 2025 at 18:05:13'
'after_alignment_2_3.jpg';'JHAMAB00019-15_68f5589c5c4e7db49fe46b90_0_282_2025-10-23_22-03-12/captures/after_alignment_2_3.jpg';1;'Thu Oct 23, 2025 at 18:05:29';'Thu Oct 23, 2025 at 18:05:29'
'after_alignment_2_4.jpg';'JHAMAB00019-15_68f5589c5c4e7db49fe46b90_0_282_2025-10-23_22-03-12/captures/after_alignment_2_4.jpg';1;'Thu Oct 23, 2025 at 18:05:44';'Thu Oct 23, 2025 at 18:05:44'
'after_alignment_2_5.jpg';'JHAMAB00019-15_68f5589c5c4e7db49fe46b90_0_282_2025-10-23_22-03-12/captures/after_alignment_2_5.jpg';1;'Thu Oct 23, 2025 at 18:06:00';'Thu Oct 23, 2025 at 18:06:00'
'after_alignment_3_5.jpg';'JHAMAB00019-15_68f5589c5c4e7db49fe46b90_0_282_2025-10-23_22-03-12/captures/after_alignment_3_5.jpg';1;'Thu Oct 23, 2025 at 18:06:15';'Thu Oct 23, 2025 at 18:06:15'
'after_alignment_3_4.jpg';'JHAMAB00019-15_68f5589c5c4e7db49fe46b90_0_282_2025-10-23_22-03-12/captures/after_alignment_3_4.jpg';1;'Thu Oct 23, 2025 at 18:06:30';'Thu Oct 23, 2025 at 18:06:30'
'after_alignment_3_3.jpg';'JHAMAB00019-15_68f5589c5c4e7db49fe46b90_0_282_2025-10-23_22-03-12/captures/after_alignment_3_3.jpg';1;'Thu Oct 23, 2025 at 18:06:48';'Thu Oct 23, 2025 at 18:06:48'
'after_alignment_3_2.jpg';'JHAMAB00019-15_68f5589c5c4e7db49fe46b90_0_282_2025-10-23_22-03-12/captures/after_alignment_3_2.jpg';1;'Thu Oct 23, 2025 at 18:07:02';'Thu Oct 23, 2025 at 18:07:02'
'after_alignment_3_1.jpg';'JHAMAB00019-15_68f5589c5c4e7db49fe46b90_0_282_2025-10-23_22-03-12/captures/after_alignment_3_1.jpg';1;'Thu Oct 23, 2025 at 18:07:18';'Thu Oct 23, 2025 at 18:07:18'
'after_alignment_4_1.jpg';'JHAMAB00019-15_68f5589c5c4e7db49fe46b90_0_282_2025-10-23_22-03-12/captures/after_alignment_4_1.jpg';1;'Thu Oct 23, 2025 at 18:07:33';'Thu Oct 23, 2025 at 18:07:33'
'after_alignment_4_2.jpg';'JHAMAB00019-15_68f5589c5c4e7db49fe46b90_0_282_2025-10-23_22-03-12/captures/after_alignment_4_2.jpg';1;'Thu Oct 23, 2025 at 18:07:48';'Thu Oct 23, 2025 at 18:07:48'
'after_alignment_4_3.jpg';'JHAMAB00019-15_68f5589c5c4e7db49fe46b90_0_282_2025-10-23_22-03-12/captures/after_alignment_4_3.jpg';1;'Thu Oct 23, 2025 at 18:08:04';'Thu Oct 23, 2025 at 18:08:04'
'after_alignment_4_4.jpg';'JHAMAB00019-15_68f5589c5c4e7db49fe46b90_0_282_2025-10-23_22-03-12/captures/after_alignment_4_4.jpg';1;'Thu Oct 23, 2025 at 18:08:19';'Thu Oct 23, 2025 at 18:08:19'
'after_alignment_4_5.jpg';'JHAMAB00019-15_68f5589c5c4e7db49fe46b90_0_282_2025-10-23_22-03-12/captures/after_alignment_4_5.jpg';1;'Thu Oct 23, 2025 at 18:08:34';'Thu Oct 23, 2025 at 18:08:34'
'after_alignment_5_5.jpg';'JHAMAB00019-15_68f5589c5c4e7db49fe46b90_0_282_2025-10-23_22-03-12/captures/after_alignment_5_5.jpg';1;'Thu Oct 23, 2025 at 18:08:50';'Thu Oct 23, 2025 at 18:08:50'
'after_alignment_5_4.jpg';'JHAMAB00019-15_68f5589c5c4e7db49fe46b90_0_282_2025-10-23_22-03-12/captures/after_alignment_5_4.jpg';1;'Thu Oct 23, 2025 at 18:09:05';'Thu Oct 23, 2025 at 18:09:05'
'after_alignment_5_3.jpg';'JHAMAB00019-15_68f5589c5c4e7db49fe46b90_0_282_2025-10-23_22-03-12/captures/after_alignment_5_3.jpg';1;'Thu Oct 23, 2025 at 18:09:20';'Thu Oct 23, 2025 at 18:09:20'
'after_alignment_5_2.jpg';'JHAMAB00019-15_68f5589c5c4e7db49fe46b90_0_282_2025-10-23_22-03-12/captures/after_alignment_5_2.jpg';1;'Thu Oct 23, 2025 at 18:09:36';'Thu Oct 23, 2025 at 18:09:36'
'after_alignment_5_1.jpg';'JHAMAB00019-15_68f5589c5c4e7db49fe46b90_0_282_2025-10-23_22-03-12/captures/after_alignment_5_1.jpg';1;'Thu Oct 23, 2025 at 18:09:50';'Thu Oct 23, 2025 at 18:09:50'
'before_alignment_1_5.jpg';'JHAMAB00020-13_68f558f43f23e15e4e99bfa2_0_283_2025-10-23_22-14-32/captures/before_alignment_1_5.jpg';1;'Thu Oct 23, 2025 at 18:15:05';'Thu Oct 23, 2025 at 18:15:05'
'before_alignment_1_4.jpg';'JHAMAB00020-13_68f558f43f23e15e4e99bfa2_0_283_2025-10-23_22-14-32/captures/before_alignment_1_4.jpg';1;'Thu Oct 23, 2025 at 18:15:16';'Thu Oct 23, 2025 at 18:15:16'
'before_alignment_1_3.jpg';'JHAMAB00020-13_68f558f43f23e15e4e99bfa2_0_283_2025-10-23_22-14-32/captures/before_alignment_1_3.jpg';1;'Thu Oct 23, 2025 at 18:15:31';'Thu Oct 23, 2025 at 18:15:31'
'before_alignment_1_2.jpg';'JHAMAB00020-13_68f558f43f23e15e4e99bfa2_0_283_2025-10-23_22-14-32/captures/before_alignment_1_2.jpg';1;'Thu Oct 23, 2025 at 18:15:46';'Thu Oct 23, 2025 at 18:15:46'
'before_alignment_1_1.jpg';'JHAMAB00020-13_68f558f43f23e15e4e99bfa2_0_283_2025-10-23_22-14-32/captures/before_alignment_1_1.jpg';1;'Thu Oct 23, 2025 at 18:16:01';'Thu Oct 23, 2025 at 18:16:01'
'before_alignment_2_1.jpg';'JHAMAB00020-13_68f558f43f23e15e4e99bfa2_0_283_2025-10-23_22-14-32/captures/before_alignment_2_1.jpg';1;'Thu Oct 23, 2025 at 18:16:21';'Thu Oct 23, 2025 at 18:16:21'
'after_alignment_2_2.jpg';'JHAMAB00020-13_68f558f43f23e15e4e99bfa2_0_283_2025-10-23_22-14-32/captures/after_alignment_2_2.jpg';1;'Thu Oct 23, 2025 at 18:16:32';'Thu Oct 23, 2025 at 18:16:32'
'after_alignment_2_3.jpg';'JHAMAB00020-13_68f558f43f23e15e4e99bfa2_0_283_2025-10-23_22-14-32/captures/after_alignment_2_3.jpg';1;'Thu Oct 23, 2025 at 18:16:40';'Thu Oct 23, 2025 at 18:16:40'
'after_alignment_2_4.jpg';'JHAMAB00020-13_68f558f43f23e15e4e99bfa2_0_283_2025-10-23_22-14-32/captures/after_alignment_2_4.jpg';1;'Thu Oct 23, 2025 at 18:16:56';'Thu Oct 23, 2025 at 18:16:56'
'after_alignment_2_5.jpg';'JHAMAB00020-13_68f558f43f23e15e4e99bfa2_0_283_2025-10-23_22-14-32/captures/after_alignment_2_5.jpg';1;'Thu Oct 23, 2025 at 18:17:11';'Thu Oct 23, 2025 at 18:17:11'
'before_alignment_3_4.jpg';'JHAMAB00020-13_68f558f43f23e15e4e99bfa2_0_283_2025-10-23_22-14-32/captures/before_alignment_3_4.jpg';1;'Thu Oct 23, 2025 at 18:17:45';'Thu Oct 23, 2025 at 18:17:45'
'before_alignment_3_3.jpg';'JHAMAB00020-13_68f558f43f23e15e4e99bfa2_0_283_2025-10-23_22-14-32/captures/before_alignment_3_3.jpg';1;'Thu Oct 23, 2025 at 18:18:01';'Thu Oct 23, 2025 at 18:18:01'
'before_alignment_3_2.jpg';'JHAMAB00020-13_68f558f43f23e15e4e99bfa2_0_283_2025-10-23_22-14-32/captures/before_alignment_3_2.jpg';1;'Thu Oct 23, 2025 at 18:18:28';'Thu Oct 23, 2025 at 18:18:28'
'after_alignment_3_1.jpg';'JHAMAB00020-13_68f558f43f23e15e4e99bfa2_0_283_2025-10-23_22-14-32/captures/after_alignment_3_1.jpg';1;'Thu Oct 23, 2025 at 18:18:36';'Thu Oct 23, 2025 at 18:18:36'
'after_alignment_4_1.jpg';'JHAMAB00020-13_68f558f43f23e15e4e99bfa2_0_283_2025-10-23_22-14-32/captures/after_alignment_4_1.jpg';1;'Thu Oct 23, 2025 at 18:18:58';'Thu Oct 23, 2025 at 18:18:58'
'before_alignment_4_3.jpg';'JHAMAB00020-13_68f558f43f23e15e4e99bfa2_0_283_2025-10-23_22-14-32/captures/before_alignment_4_3.jpg';1;'Thu Oct 23, 2025 at 18:19:33';'Thu Oct 23, 2025 at 18:19:33'
'before_alignment_4_4.jpg';'JHAMAB00020-13_68f558f43f23e15e4e99bfa2_0_283_2025-10-23_22-14-32/captures/before_alignment_4_4.jpg';1;'Thu Oct 23, 2025 at 18:19:41';'Thu Oct 23, 2025 at 18:19:41'
'before_alignment_4_5.jpg';'JHAMAB00020-13_68f558f43f23e15e4e99bfa2_0_283_2025-10-23_22-14-32/captures/before_alignment_4_5.jpg';1;'Thu Oct 23, 2025 at 18:20:07';'Thu Oct 23, 2025 at 18:20:07'
'before_alignment_5_5.jpg';'JHAMAB00020-13_68f558f43f23e15e4e99bfa2_0_283_2025-10-23_22-14-32/captures/before_alignment_5_5.jpg';1;'Thu Oct 23, 2025 at 18:20:23';'Thu Oct 23, 2025 at 18:20:23'
'before_alignment_5_4.jpg';'JHAMAB00020-13_68f558f43f23e15e4e99bfa2_0_283_2025-10-23_22-14-32/captures/before_alignment_5_4.jpg';1;'Thu Oct 23, 2025 at 18:20:50';'Thu Oct 23, 2025 at 18:20:50'
'after_alignment_5_3.jpg';'JHAMAB00020-13_68f558f43f23e15e4e99bfa2_0_283_2025-10-23_22-14-32/captures/after_alignment_5_3.jpg';1;'Thu Oct 23, 2025 at 18:20:57';'Thu Oct 23, 2025 at 18:20:57'
'after_alignment_5_2.jpg';'JHAMAB00020-13_68f558f43f23e15e4e99bfa2_0_283_2025-10-23_22-14-32/captures/after_alignment_5_2.jpg';1;'Thu Oct 23, 2025 at 18:21:12';'Thu Oct 23, 2025 at 18:21:12'
'after_alignment_5_1.jpg';'JHAMAB00020-13_68f558f43f23e15e4e99bfa2_0_283_2025-10-23_22-14-32/captures/after_alignment_5_1.jpg';1;'Thu Oct 23, 2025 at 18:21:28';'Thu Oct 23, 2025 at 18:21:28'
'before_alignment_1_5.jpg';'JHAMAB00020-14_68f558f43f23e15e4e99bfa3_0_284_2025-10-23_22-25-50/captures/before_alignment_1_5.jpg';1;'Thu Oct 23, 2025 at 18:26:15';'Thu Oct 23, 2025 at 18:26:15'
'before_alignment_1_4.jpg';'JHAMAB00020-14_68f558f43f23e15e4e99bfa3_0_284_2025-10-23_22-25-50/captures/before_alignment_1_4.jpg';1;'Thu Oct 23, 2025 at 18:26:22';'Thu Oct 23, 2025 at 18:26:22'
'before_alignment_1_3.jpg';'JHAMAB00020-14_68f558f43f23e15e4e99bfa3_0_284_2025-10-23_22-25-50/captures/before_alignment_1_3.jpg';1;'Thu Oct 23, 2025 at 18:26:37';'Thu Oct 23, 2025 at 18:26:37'
'before_alignment_1_2.jpg';'JHAMAB00020-14_68f558f43f23e15e4e99bfa3_0_284_2025-10-23_22-25-50/captures/before_alignment_1_2.jpg';1;'Thu Oct 23, 2025 at 18:26:53';'Thu Oct 23, 2025 at 18:26:53'
'before_alignment_1_1.jpg';'JHAMAB00020-14_68f558f43f23e15e4e99bfa3_0_284_2025-10-23_22-25-50/captures/before_alignment_1_1.jpg';1;'Thu Oct 23, 2025 at 18:27:07';'Thu Oct 23, 2025 at 18:27:07'
'before_alignment_2_1.jpg';'JHAMAB00020-14_68f558f43f23e15e4e99bfa3_0_284_2025-10-23_22-25-50/captures/before_alignment_2_1.jpg';1;'Thu Oct 23, 2025 at 18:27:16';'Thu Oct 23, 2025 at 18:27:16'
'before_alignment_2_2.jpg';'JHAMAB00020-14_68f558f43f23e15e4e99bfa3_0_284_2025-10-23_22-25-50/captures/before_alignment_2_2.jpg';1;'Thu Oct 23, 2025 at 18:27:31';'Thu Oct 23, 2025 at 18:27:31'
'before_alignment_2_3.jpg';'JHAMAB00020-14_68f558f43f23e15e4e99bfa3_0_284_2025-10-23_22-25-50/captures/before_alignment_2_3.jpg';1;'Thu Oct 23, 2025 at 18:27:46';'Thu Oct 23, 2025 at 18:27:46'
'before_alignment_2_4.jpg';'JHAMAB00020-14_68f558f43f23e15e4e99bfa3_0_284_2025-10-23_22-25-50/captures/before_alignment_2_4.jpg';1;'Thu Oct 23, 2025 at 18:28:01';'Thu Oct 23, 2025 at 18:28:01'
'before_alignment_2_5.jpg';'JHAMAB00020-14_68f558f43f23e15e4e99bfa3_0_284_2025-10-23_22-25-50/captures/before_alignment_2_5.jpg';1;'Thu Oct 23, 2025 at 18:28:09';'Thu Oct 23, 2025 at 18:28:09'
'before_alignment_3_5.jpg';'JHAMAB00020-14_68f558f43f23e15e4e99bfa3_0_284_2025-10-23_22-25-50/captures/before_alignment_3_5.jpg';1;'Thu Oct 23, 2025 at 18:28:25';'Thu Oct 23, 2025 at 18:28:25'
'before_alignment_3_4.jpg';'JHAMAB00020-14_68f558f43f23e15e4e99bfa3_0_284_2025-10-23_22-25-50/captures/before_alignment_3_4.jpg';1;'Thu Oct 23, 2025 at 18:28:40';'Thu Oct 23, 2025 at 18:28:40'
'before_alignment_3_3.jpg';'JHAMAB00020-14_68f558f43f23e15e4e99bfa3_0_284_2025-10-23_22-25-50/captures/before_alignment_3_3.jpg';1;'Thu Oct 23, 2025 at 18:28:55';'Thu Oct 23, 2025 at 18:28:55'
'before_alignment_3_2.jpg';'JHAMAB00020-14_68f558f43f23e15e4e99bfa3_0_284_2025-10-23_22-25-50/captures/before_alignment_3_2.jpg';1;'Thu Oct 23, 2025 at 18:29:03';'Thu Oct 23, 2025 at 18:29:03'
'before_alignment_3_1.jpg';'JHAMAB00020-14_68f558f43f23e15e4e99bfa3_0_284_2025-10-23_22-25-50/captures/before_alignment_3_1.jpg';1;'Thu Oct 23, 2025 at 18:29:11';'Thu Oct 23, 2025 at 18:29:11'
'before_alignment_4_1.jpg';'JHAMAB00020-14_68f558f43f23e15e4e99bfa3_0_284_2025-10-23_22-25-50/captures/before_alignment_4_1.jpg';1;'Thu Oct 23, 2025 at 18:29:26';'Thu Oct 23, 2025 at 18:29:26'
'before_alignment_4_2.jpg';'JHAMAB00020-14_68f558f43f23e15e4e99bfa3_0_284_2025-10-23_22-25-50/captures/before_alignment_4_2.jpg';1;'Thu Oct 23, 2025 at 18:29:41';'Thu Oct 23, 2025 at 18:29:41'
'before_alignment_4_3.jpg';'JHAMAB00020-14_68f558f43f23e15e4e99bfa3_0_284_2025-10-23_22-25-50/captures/before_alignment_4_3.jpg';1;'Thu Oct 23, 2025 at 18:29:56';'Thu Oct 23, 2025 at 18:29:56'
'before_alignment_4_4.jpg';'JHAMAB00020-14_68f558f43f23e15e4e99bfa3_0_284_2025-10-23_22-25-50/captures/before_alignment_4_4.jpg';1;'Thu Oct 23, 2025 at 18:30:04';'Thu Oct 23, 2025 at 18:30:04'
'before_alignment_4_5.jpg';'JHAMAB00020-14_68f558f43f23e15e4e99bfa3_0_284_2025-10-23_22-25-50/captures/before_alignment_4_5.jpg';1;'Thu Oct 23, 2025 at 18:30:19';'Thu Oct 23, 2025 at 18:30:19'
'before_alignment_5_5.jpg';'JHAMAB00020-14_68f558f43f23e15e4e99bfa3_0_284_2025-10-23_22-25-50/captures/before_alignment_5_5.jpg';1;'Thu Oct 23, 2025 at 18:30:38';'Thu Oct 23, 2025 at 18:30:38'
'before_alignment_5_4.jpg';'JHAMAB00020-14_68f558f43f23e15e4e99bfa3_0_284_2025-10-23_22-25-50/captures/before_alignment_5_4.jpg';1;'Thu Oct 23, 2025 at 18:30:46';'Thu Oct 23, 2025 at 18:30:46'
'before_alignment_5_3.jpg';'JHAMAB00020-14_68f558f43f23e15e4e99bfa3_0_284_2025-10-23_22-25-50/captures/before_alignment_5_3.jpg';1;'Thu Oct 23, 2025 at 18:30:53';'Thu Oct 23, 2025 at 18:30:53'
'before_alignment_5_2.jpg';'JHAMAB00020-14_68f558f43f23e15e4e99bfa3_0_284_2025-10-23_22-25-50/captures/before_alignment_5_2.jpg';1;'Thu Oct 23, 2025 at 18:31:09';'Thu Oct 23, 2025 at 18:31:09'
'before_alignment_5_1.jpg';'JHAMAB00020-14_68f558f43f23e15e4e99bfa3_0_284_2025-10-23_22-25-50/captures/before_alignment_5_1.jpg';1;'Thu Oct 23, 2025 at 18:31:24';'Thu Oct 23, 2025 at 18:31:24'
'LMI_20251023_JHAMAB00020-14.csv';'JHAMAB00020-14_68f558f43f23e15e4e99bfa3_0_284_2025-10-23_22-25-50/data_files/LMI_20251023_JHAMAB00020-14.csv';1;'Thu Oct 23, 2025 at 18:31:31';'Thu Oct 23, 2025 at 18:31:31'
'after_alignment_1_5.jpg';'JHAMAB00020-15_68f558f43f23e15e4e99bfa4_0_285_2025-10-23_22-36-41/captures/after_alignment_1_5.jpg';1;'Thu Oct 23, 2025 at 18:37:10';'Thu Oct 23, 2025 at 18:37:10'
'after_alignment_1_4.jpg';'JHAMAB00020-15_68f558f43f23e15e4e99bfa4_0_285_2025-10-23_22-36-41/captures/after_alignment_1_4.jpg';1;'Thu Oct 23, 2025 at 18:37:21';'Thu Oct 23, 2025 at 18:37:21'
'after_alignment_1_3.jpg';'JHAMAB00020-15_68f558f43f23e15e4e99bfa4_0_285_2025-10-23_22-36-41/captures/after_alignment_1_3.jpg';1;'Thu Oct 23, 2025 at 18:37:29';'Thu Oct 23, 2025 at 18:37:29'
'after_alignment_1_2.jpg';'JHAMAB00020-15_68f558f43f23e15e4e99bfa4_0_285_2025-10-23_22-36-41/captures/after_alignment_1_2.jpg';1;'Thu Oct 23, 2025 at 18:37:37';'Thu Oct 23, 2025 at 18:37:37'
'after_alignment_1_1.jpg';'JHAMAB00020-15_68f558f43f23e15e4e99bfa4_0_285_2025-10-23_22-36-41/captures/after_alignment_1_1.jpg';1;'Thu Oct 23, 2025 at 18:37:52';'Thu Oct 23, 2025 at 18:37:52'
'after_alignment_2_1.jpg';'JHAMAB00020-15_68f558f43f23e15e4e99bfa4_0_285_2025-10-23_22-36-41/captures/after_alignment_2_1.jpg';1;'Thu Oct 23, 2025 at 18:38:07';'Thu Oct 23, 2025 at 18:38:07'
'after_alignment_2_2.jpg';'JHAMAB00020-15_68f558f43f23e15e4e99bfa4_0_285_2025-10-23_22-36-41/captures/after_alignment_2_2.jpg';1;'Thu Oct 23, 2025 at 18:38:23';'Thu Oct 23, 2025 at 18:38:23'
'after_alignment_2_3.jpg';'JHAMAB00020-15_68f558f43f23e15e4e99bfa4_0_285_2025-10-23_22-36-41/captures/after_alignment_2_3.jpg';1;'Thu Oct 23, 2025 at 18:38:38';'Thu Oct 23, 2025 at 18:38:38'
'after_alignment_2_4.jpg';'JHAMAB00020-15_68f558f43f23e15e4e99bfa4_0_285_2025-10-23_22-36-41/captures/after_alignment_2_4.jpg';1;'Thu Oct 23, 2025 at 18:38:54';'Thu Oct 23, 2025 at 18:38:54'
'after_alignment_2_5.jpg';'JHAMAB00020-15_68f558f43f23e15e4e99bfa4_0_285_2025-10-23_22-36-41/captures/after_alignment_2_5.jpg';1;'Thu Oct 23, 2025 at 18:39:09';'Thu Oct 23, 2025 at 18:39:09'
'after_alignment_3_5.jpg';'JHAMAB00020-15_68f558f43f23e15e4e99bfa4_0_285_2025-10-23_22-36-41/captures/after_alignment_3_5.jpg';1;'Thu Oct 23, 2025 at 18:39:25';'Thu Oct 23, 2025 at 18:39:25'
'after_alignment_3_4.jpg';'JHAMAB00020-15_68f558f43f23e15e4e99bfa4_0_285_2025-10-23_22-36-41/captures/after_alignment_3_4.jpg';1;'Thu Oct 23, 2025 at 18:39:40';'Thu Oct 23, 2025 at 18:39:40'
'after_alignment_3_3.jpg';'JHAMAB00020-15_68f558f43f23e15e4e99bfa4_0_285_2025-10-23_22-36-41/captures/after_alignment_3_3.jpg';1;'Thu Oct 23, 2025 at 18:39:54';'Thu Oct 23, 2025 at 18:39:54'
'after_alignment_3_2.jpg';'JHAMAB00020-15_68f558f43f23e15e4e99bfa4_0_285_2025-10-23_22-36-41/captures/after_alignment_3_2.jpg';1;'Thu Oct 23, 2025 at 18:40:10';'Thu Oct 23, 2025 at 18:40:10'
'after_alignment_3_1.jpg';'JHAMAB00020-15_68f558f43f23e15e4e99bfa4_0_285_2025-10-23_22-36-41/captures/after_alignment_3_1.jpg';1;'Thu Oct 23, 2025 at 18:40:25';'Thu Oct 23, 2025 at 18:40:25'
'after_alignment_4_1.jpg';'JHAMAB00020-15_68f558f43f23e15e4e99bfa4_0_285_2025-10-23_22-36-41/captures/after_alignment_4_1.jpg';1;'Thu Oct 23, 2025 at 18:40:40';'Thu Oct 23, 2025 at 18:40:40'
'after_alignment_4_2.jpg';'JHAMAB00020-15_68f558f43f23e15e4e99bfa4_0_285_2025-10-23_22-36-41/captures/after_alignment_4_2.jpg';1;'Thu Oct 23, 2025 at 18:40:55';'Thu Oct 23, 2025 at 18:40:55'
'after_alignment_4_3.jpg';'JHAMAB00020-15_68f558f43f23e15e4e99bfa4_0_285_2025-10-23_22-36-41/captures/after_alignment_4_3.jpg';1;'Thu Oct 23, 2025 at 18:41:11';'Thu Oct 23, 2025 at 18:41:11'
'after_alignment_4_4.jpg';'JHAMAB00020-15_68f558f43f23e15e4e99bfa4_0_285_2025-10-23_22-36-41/captures/after_alignment_4_4.jpg';1;'Thu Oct 23, 2025 at 18:41:26';'Thu Oct 23, 2025 at 18:41:26'
'after_alignment_4_5.jpg';'JHAMAB00020-15_68f558f43f23e15e4e99bfa4_0_285_2025-10-23_22-36-41/captures/after_alignment_4_5.jpg';1;'Thu Oct 23, 2025 at 18:41:41';'Thu Oct 23, 2025 at 18:41:41'
'after_alignment_5_5.jpg';'JHAMAB00020-15_68f558f43f23e15e4e99bfa4_0_285_2025-10-23_22-36-41/captures/after_alignment_5_5.jpg';1;'Thu Oct 23, 2025 at 18:41:56';'Thu Oct 23, 2025 at 18:41:56'
'before_alignment_5_3.jpg';'JHAMAB00020-15_68f558f43f23e15e4e99bfa4_0_285_2025-10-23_22-36-41/captures/before_alignment_5_3.jpg';1;'Thu Oct 23, 2025 at 18:42:30';'Thu Oct 23, 2025 at 18:42:30'
'before_alignment_5_2.jpg';'JHAMAB00020-15_68f558f43f23e15e4e99bfa4_0_285_2025-10-23_22-36-41/captures/before_alignment_5_2.jpg';1;'Thu Oct 23, 2025 at 18:42:45';'Thu Oct 23, 2025 at 18:42:45'
'before_alignment_5_1.jpg';'JHAMAB00020-15_68f558f43f23e15e4e99bfa4_0_285_2025-10-23_22-36-41/captures/before_alignment_5_1.jpg';1;'Thu Oct 23, 2025 at 18:43:00';'Thu Oct 23, 2025 at 18:43:00'
'LMI_20251023_JHAMAB00020-15.csv';'JHAMAB00020-15_68f558f43f23e15e4e99bfa4_0_285_2025-10-23_22-36-41/data_files/LMI_20251023_JHAMAB00020-15.csv';1;'Thu Oct 23, 2025 at 18:43:08';'Thu Oct 23, 2025 at 18:43:08'
'after_alignment_1_5.jpg';'JHAMAB00021-09_68f5592a3f23e15e4e99bfb9_0_286_2025-10-23_22-49-04/captures/after_alignment_1_5.jpg';1;'Thu Oct 23, 2025 at 18:49:38';'Thu Oct 23, 2025 at 18:49:38'
'after_alignment_1_4.jpg';'JHAMAB00021-09_68f5592a3f23e15e4e99bfb9_0_286_2025-10-23_22-49-04/captures/after_alignment_1_4.jpg';1;'Thu Oct 23, 2025 at 18:49:43';'Thu Oct 23, 2025 at 18:49:43'
'after_alignment_1_3.jpg';'JHAMAB00021-09_68f5592a3f23e15e4e99bfb9_0_286_2025-10-23_22-49-04/captures/after_alignment_1_3.jpg';1;'Thu Oct 23, 2025 at 18:49:58';'Thu Oct 23, 2025 at 18:49:58'
'after_alignment_1_2.jpg';'JHAMAB00021-09_68f5592a3f23e15e4e99bfb9_0_286_2025-10-23_22-49-04/captures/after_alignment_1_2.jpg';1;'Thu Oct 23, 2025 at 18:50:13';'Thu Oct 23, 2025 at 18:50:13'
'after_alignment_1_1.jpg';'JHAMAB00021-09_68f5592a3f23e15e4e99bfb9_0_286_2025-10-23_22-49-04/captures/after_alignment_1_1.jpg';1;'Thu Oct 23, 2025 at 18:50:28';'Thu Oct 23, 2025 at 18:50:28'
'after_alignment_2_1.jpg';'JHAMAB00021-09_68f5592a3f23e15e4e99bfb9_0_286_2025-10-23_22-49-04/captures/after_alignment_2_1.jpg';1;'Thu Oct 23, 2025 at 18:50:45';'Thu Oct 23, 2025 at 18:50:45'
'after_alignment_2_2.jpg';'JHAMAB00021-09_68f5592a3f23e15e4e99bfb9_0_286_2025-10-23_22-49-04/captures/after_alignment_2_2.jpg';1;'Thu Oct 23, 2025 at 18:50:59';'Thu Oct 23, 2025 at 18:50:59'
'after_alignment_2_3.jpg';'JHAMAB00021-09_68f5592a3f23e15e4e99bfb9_0_286_2025-10-23_22-49-04/captures/after_alignment_2_3.jpg';1;'Thu Oct 23, 2025 at 18:51:15';'Thu Oct 23, 2025 at 18:51:15'
'after_alignment_2_4.jpg';'JHAMAB00021-09_68f5592a3f23e15e4e99bfb9_0_286_2025-10-23_22-49-04/captures/after_alignment_2_4.jpg';1;'Thu Oct 23, 2025 at 18:51:30';'Thu Oct 23, 2025 at 18:51:30'
'after_alignment_2_5.jpg';'JHAMAB00021-09_68f5592a3f23e15e4e99bfb9_0_286_2025-10-23_22-49-04/captures/after_alignment_2_5.jpg';1;'Thu Oct 23, 2025 at 18:51:47';'Thu Oct 23, 2025 at 18:51:47'
'after_alignment_3_5.jpg';'JHAMAB00021-09_68f5592a3f23e15e4e99bfb9_0_286_2025-10-23_22-49-04/captures/after_alignment_3_5.jpg';1;'Thu Oct 23, 2025 at 18:52:02';'Thu Oct 23, 2025 at 18:52:02'
'after_alignment_3_4.jpg';'JHAMAB00021-09_68f5592a3f23e15e4e99bfb9_0_286_2025-10-23_22-49-04/captures/after_alignment_3_4.jpg';1;'Thu Oct 23, 2025 at 18:52:18';'Thu Oct 23, 2025 at 18:52:18'
'after_alignment_3_3.jpg';'JHAMAB00021-09_68f5592a3f23e15e4e99bfb9_0_286_2025-10-23_22-49-04/captures/after_alignment_3_3.jpg';1;'Thu Oct 23, 2025 at 18:52:34';'Thu Oct 23, 2025 at 18:52:34'
'after_alignment_3_2.jpg';'JHAMAB00021-09_68f5592a3f23e15e4e99bfb9_0_286_2025-10-23_22-49-04/captures/after_alignment_3_2.jpg';1;'Thu Oct 23, 2025 at 18:52:48';'Thu Oct 23, 2025 at 18:52:48'
'after_alignment_3_1.jpg';'JHAMAB00021-09_68f5592a3f23e15e4e99bfb9_0_286_2025-10-23_22-49-04/captures/after_alignment_3_1.jpg';1;'Thu Oct 23, 2025 at 18:53:04';'Thu Oct 23, 2025 at 18:53:04'
'after_alignment_4_1.jpg';'JHAMAB00021-09_68f5592a3f23e15e4e99bfb9_0_286_2025-10-23_22-49-04/captures/after_alignment_4_1.jpg';1;'Thu Oct 23, 2025 at 18:53:19';'Thu Oct 23, 2025 at 18:53:19'
'after_alignment_4_2.jpg';'JHAMAB00021-09_68f5592a3f23e15e4e99bfb9_0_286_2025-10-23_22-49-04/captures/after_alignment_4_2.jpg';1;'Thu Oct 23, 2025 at 18:53:34';'Thu Oct 23, 2025 at 18:53:34'
'after_alignment_4_3.jpg';'JHAMAB00021-09_68f5592a3f23e15e4e99bfb9_0_286_2025-10-23_22-49-04/captures/after_alignment_4_3.jpg';1;'Thu Oct 23, 2025 at 18:53:49';'Thu Oct 23, 2025 at 18:53:49'
'after_alignment_4_4.jpg';'JHAMAB00021-09_68f5592a3f23e15e4e99bfb9_0_286_2025-10-23_22-49-04/captures/after_alignment_4_4.jpg';1;'Thu Oct 23, 2025 at 18:54:05';'Thu Oct 23, 2025 at 18:54:05'
'after_alignment_4_5.jpg';'JHAMAB00021-09_68f5592a3f23e15e4e99bfb9_0_286_2025-10-23_22-49-04/captures/after_alignment_4_5.jpg';1;'Thu Oct 23, 2025 at 18:54:19';'Thu Oct 23, 2025 at 18:54:19'
'after_alignment_5_5.jpg';'JHAMAB00021-09_68f5592a3f23e15e4e99bfb9_0_286_2025-10-23_22-49-04/captures/after_alignment_5_5.jpg';1;'Thu Oct 23, 2025 at 18:54:35';'Thu Oct 23, 2025 at 18:54:35'
'after_alignment_5_4.jpg';'JHAMAB00021-09_68f5592a3f23e15e4e99bfb9_0_286_2025-10-23_22-49-04/captures/after_alignment_5_4.jpg';1;'Thu Oct 23, 2025 at 18:54:50';'Thu Oct 23, 2025 at 18:54:50'
'after_alignment_5_3.jpg';'JHAMAB00021-09_68f5592a3f23e15e4e99bfb9_0_286_2025-10-23_22-49-04/captures/after_alignment_5_3.jpg';1;'Thu Oct 23, 2025 at 18:55:05';'Thu Oct 23, 2025 at 18:55:05'
'after_alignment_5_2.jpg';'JHAMAB00021-09_68f5592a3f23e15e4e99bfb9_0_286_2025-10-23_22-49-04/captures/after_alignment_5_2.jpg';1;'Thu Oct 23, 2025 at 18:55:20';'Thu Oct 23, 2025 at 18:55:20'
'after_alignment_5_1.jpg';'JHAMAB00021-09_68f5592a3f23e15e4e99bfb9_0_286_2025-10-23_22-49-04/captures/after_alignment_5_1.jpg';1;'Thu Oct 23, 2025 at 18:55:35';'Thu Oct 23, 2025 at 18:55:35'
'before_alignment_1_5.jpg';'JHAMAB00021-10_68f5592a3f23e15e4e99bfba_0_287_2025-10-23_22-59-32/captures/before_alignment_1_5.jpg';1;'Thu Oct 23, 2025 at 18:59:57';'Thu Oct 23, 2025 at 18:59:57'
'before_alignment_1_4.jpg';'JHAMAB00021-10_68f5592a3f23e15e4e99bfba_0_287_2025-10-23_22-59-32/captures/before_alignment_1_4.jpg';1;'Thu Oct 23, 2025 at 19:00:12';'Thu Oct 23, 2025 at 19:00:12'
'before_alignment_1_3.jpg';'JHAMAB00021-10_68f5592a3f23e15e4e99bfba_0_287_2025-10-23_22-59-32/captures/before_alignment_1_3.jpg';1;'Thu Oct 23, 2025 at 19:00:27';'Thu Oct 23, 2025 at 19:00:27'
'before_alignment_1_2.jpg';'JHAMAB00021-10_68f5592a3f23e15e4e99bfba_0_287_2025-10-23_22-59-32/captures/before_alignment_1_2.jpg';1;'Thu Oct 23, 2025 at 19:00:42';'Thu Oct 23, 2025 at 19:00:42'
'before_alignment_1_1.jpg';'JHAMAB00021-10_68f5592a3f23e15e4e99bfba_0_287_2025-10-23_22-59-32/captures/before_alignment_1_1.jpg';1;'Thu Oct 23, 2025 at 19:00:57';'Thu Oct 23, 2025 at 19:00:57'
'before_alignment_2_1.jpg';'JHAMAB00021-10_68f5592a3f23e15e4e99bfba_0_287_2025-10-23_22-59-32/captures/before_alignment_2_1.jpg';1;'Thu Oct 23, 2025 at 19:01:18';'Thu Oct 23, 2025 at 19:01:18'
'before_alignment_2_2.jpg';'JHAMAB00021-10_68f5592a3f23e15e4e99bfba_0_287_2025-10-23_22-59-32/captures/before_alignment_2_2.jpg';1;'Thu Oct 23, 2025 at 19:01:34';'Thu Oct 23, 2025 at 19:01:34'
'before_alignment_2_3.jpg';'JHAMAB00021-10_68f5592a3f23e15e4e99bfba_0_287_2025-10-23_22-59-32/captures/before_alignment_2_3.jpg';1;'Thu Oct 23, 2025 at 19:01:49';'Thu Oct 23, 2025 at 19:01:49'
'before_alignment_2_4.jpg';'JHAMAB00021-10_68f5592a3f23e15e4e99bfba_0_287_2025-10-23_22-59-32/captures/before_alignment_2_4.jpg';1;'Thu Oct 23, 2025 at 19:02:05';'Thu Oct 23, 2025 at 19:02:05'
'before_alignment_2_5.jpg';'JHAMAB00021-10_68f5592a3f23e15e4e99bfba_0_287_2025-10-23_22-59-32/captures/before_alignment_2_5.jpg';1;'Thu Oct 23, 2025 at 19:02:20';'Thu Oct 23, 2025 at 19:02:20'
'before_alignment_3_5.jpg';'JHAMAB00021-10_68f5592a3f23e15e4e99bfba_0_287_2025-10-23_22-59-32/captures/before_alignment_3_5.jpg';1;'Thu Oct 23, 2025 at 19:02:35';'Thu Oct 23, 2025 at 19:02:35'
'before_alignment_3_4.jpg';'JHAMAB00021-10_68f5592a3f23e15e4e99bfba_0_287_2025-10-23_22-59-32/captures/before_alignment_3_4.jpg';1;'Thu Oct 23, 2025 at 19:02:50';'Thu Oct 23, 2025 at 19:02:50'
'before_alignment_3_3.jpg';'JHAMAB00021-10_68f5592a3f23e15e4e99bfba_0_287_2025-10-23_22-59-32/captures/before_alignment_3_3.jpg';1;'Thu Oct 23, 2025 at 19:03:06';'Thu Oct 23, 2025 at 19:03:06'
'before_alignment_3_2.jpg';'JHAMAB00021-10_68f5592a3f23e15e4e99bfba_0_287_2025-10-23_22-59-32/captures/before_alignment_3_2.jpg';1;'Thu Oct 23, 2025 at 19:03:22';'Thu Oct 23, 2025 at 19:03:22'
'before_alignment_3_1.jpg';'JHAMAB00021-10_68f5592a3f23e15e4e99bfba_0_287_2025-10-23_22-59-32/captures/before_alignment_3_1.jpg';1;'Thu Oct 23, 2025 at 19:03:37';'Thu Oct 23, 2025 at 19:03:37'
'before_alignment_4_1.jpg';'JHAMAB00021-10_68f5592a3f23e15e4e99bfba_0_287_2025-10-23_22-59-32/captures/before_alignment_4_1.jpg';1;'Thu Oct 23, 2025 at 19:03:52';'Thu Oct 23, 2025 at 19:03:52'
'before_alignment_4_2.jpg';'JHAMAB00021-10_68f5592a3f23e15e4e99bfba_0_287_2025-10-23_22-59-32/captures/before_alignment_4_2.jpg';1;'Thu Oct 23, 2025 at 19:04:08';'Thu Oct 23, 2025 at 19:04:08'
'before_alignment_4_3.jpg';'JHAMAB00021-10_68f5592a3f23e15e4e99bfba_0_287_2025-10-23_22-59-32/captures/before_alignment_4_3.jpg';1;'Thu Oct 23, 2025 at 19:04:23';'Thu Oct 23, 2025 at 19:04:23'
'before_alignment_4_4.jpg';'JHAMAB00021-10_68f5592a3f23e15e4e99bfba_0_287_2025-10-23_22-59-32/captures/before_alignment_4_4.jpg';1;'Thu Oct 23, 2025 at 19:04:38';'Thu Oct 23, 2025 at 19:04:38'
'before_alignment_4_5.jpg';'JHAMAB00021-10_68f5592a3f23e15e4e99bfba_0_287_2025-10-23_22-59-32/captures/before_alignment_4_5.jpg';1;'Thu Oct 23, 2025 at 19:04:55';'Thu Oct 23, 2025 at 19:04:55'
'before_alignment_5_5.jpg';'JHAMAB00021-10_68f5592a3f23e15e4e99bfba_0_287_2025-10-23_22-59-32/captures/before_alignment_5_5.jpg';1;'Thu Oct 23, 2025 at 19:05:21';'Thu Oct 23, 2025 at 19:05:21'
'before_alignment_5_4.jpg';'JHAMAB00021-10_68f5592a3f23e15e4e99bfba_0_287_2025-10-23_22-59-32/captures/before_alignment_5_4.jpg';1;'Thu Oct 23, 2025 at 19:05:37';'Thu Oct 23, 2025 at 19:05:37'
'before_alignment_5_3.jpg';'JHAMAB00021-10_68f5592a3f23e15e4e99bfba_0_287_2025-10-23_22-59-32/captures/before_alignment_5_3.jpg';1;'Thu Oct 23, 2025 at 19:05:52';'Thu Oct 23, 2025 at 19:05:52'
'before_alignment_5_2.jpg';'JHAMAB00021-10_68f5592a3f23e15e4e99bfba_0_287_2025-10-23_22-59-32/captures/before_alignment_5_2.jpg';1;'Thu Oct 23, 2025 at 19:06:07';'Thu Oct 23, 2025 at 19:06:07'
'before_alignment_5_1.jpg';'JHAMAB00021-10_68f5592a3f23e15e4e99bfba_0_287_2025-10-23_22-59-32/captures/before_alignment_5_1.jpg';1;'Thu Oct 23, 2025 at 19:06:22';'Thu Oct 23, 2025 at 19:06:22'
'LMI_20251023_JHAMAB00021-10.csv';'JHAMAB00021-10_68f5592a3f23e15e4e99bfba_0_287_2025-10-23_22-59-32/data_files/LMI_20251023_JHAMAB00021-10.csv';1;'Thu Oct 23, 2025 at 19:06:30';'Thu Oct 23, 2025 at 19:06:30'
'after_alignment_1_5.jpg';'TEST1_0000_0_1_2025-10-30_17-06-41/captures/after_alignment_1_5.jpg';1;'Thu Oct 30, 2025 at 13:07:16';'Thu Oct 30, 2025 at 13:07:16'
'after_alignment_1_4.jpg';'TEST1_0000_0_1_2025-10-30_17-06-41/captures/after_alignment_1_4.jpg';1;'Thu Oct 30, 2025 at 13:07:19';'Thu Oct 30, 2025 at 13:07:19'
'after_alignment_1_3.jpg';'TEST1_0000_0_1_2025-10-30_17-06-41/captures/after_alignment_1_3.jpg';1;'Thu Oct 30, 2025 at 13:07:32';'Thu Oct 30, 2025 at 13:07:32'
'after_alignment_1_2.jpg';'TEST1_0000_0_1_2025-10-30_17-06-41/captures/after_alignment_1_2.jpg';1;'Thu Oct 30, 2025 at 13:07:44';'Thu Oct 30, 2025 at 13:07:44'
'before_alignment_2_1.jpg';'TEST1_0000_0_1_2025-10-30_17-06-41/captures/before_alignment_2_1.jpg';1;'Thu Oct 30, 2025 at 13:08:13';'Thu Oct 30, 2025 at 13:08:13'
'before_alignment_2_2.jpg';'TEST1_0000_0_1_2025-10-30_17-06-41/captures/before_alignment_2_2.jpg';1;'Thu Oct 30, 2025 at 13:08:23';'Thu Oct 30, 2025 at 13:08:23'
'before_alignment_2_3.jpg';'TEST1_0000_0_1_2025-10-30_17-06-41/captures/before_alignment_2_3.jpg';1;'Thu Oct 30, 2025 at 13:08:39';'Thu Oct 30, 2025 at 13:08:39'
'before_alignment_2_4.jpg';'TEST1_0000_0_1_2025-10-30_17-06-41/captures/before_alignment_2_4.jpg';1;'Thu Oct 30, 2025 at 13:08:54';'Thu Oct 30, 2025 at 13:08:54'
'before_alignment_2_5.jpg';'TEST1_0000_0_1_2025-10-30_17-06-41/captures/before_alignment_2_5.jpg';1;'Thu Oct 30, 2025 at 13:09:03';'Thu Oct 30, 2025 at 13:09:03'
'before_alignment_3_5.jpg';'TEST1_0000_0_1_2025-10-30_17-06-41/captures/before_alignment_3_5.jpg';1;'Thu Oct 30, 2025 at 13:09:17';'Thu Oct 30, 2025 at 13:09:17'
'before_alignment_3_4.jpg';'TEST1_0000_0_1_2025-10-30_17-06-41/captures/before_alignment_3_4.jpg';1;'Thu Oct 30, 2025 at 13:09:35';'Thu Oct 30, 2025 at 13:09:35'
'after_alignment_3_3.jpg';'TEST1_0000_0_1_2025-10-30_17-06-41/captures/after_alignment_3_3.jpg';1;'Thu Oct 30, 2025 at 13:09:40';'Thu Oct 30, 2025 at 13:09:40'
'after_alignment_3_2.jpg';'TEST1_0000_0_1_2025-10-30_17-06-41/captures/after_alignment_3_2.jpg';1;'Thu Oct 30, 2025 at 13:09:50';'Thu Oct 30, 2025 at 13:09:50'
'after_alignment_3_1.jpg';'TEST1_0000_0_1_2025-10-30_17-06-41/captures/after_alignment_3_1.jpg';1;'Thu Oct 30, 2025 at 13:10:01';'Thu Oct 30, 2025 at 13:10:01'
'after_alignment_4_1.jpg';'TEST1_0000_0_1_2025-10-30_17-06-41/captures/after_alignment_4_1.jpg';1;'Thu Oct 30, 2025 at 13:10:16';'Thu Oct 30, 2025 at 13:10:16'
'after_alignment_4_2.jpg';'TEST1_0000_0_1_2025-10-30_17-06-41/captures/after_alignment_4_2.jpg';1;'Thu Oct 30, 2025 at 13:10:23';'Thu Oct 30, 2025 at 13:10:23'
'after_alignment_4_3.jpg';'TEST1_0000_0_1_2025-10-30_17-06-41/captures/after_alignment_4_3.jpg';1;'Thu Oct 30, 2025 at 13:10:36';'Thu Oct 30, 2025 at 13:10:36'
'after_alignment_4_4.jpg';'TEST1_0000_0_1_2025-10-30_17-06-41/captures/after_alignment_4_4.jpg';1;'Thu Oct 30, 2025 at 13:10:48';'Thu Oct 30, 2025 at 13:10:48'
'after_alignment_4_5.jpg';'TEST1_0000_0_1_2025-10-30_17-06-41/captures/after_alignment_4_5.jpg';1;'Thu Oct 30, 2025 at 13:11:01';'Thu Oct 30, 2025 at 13:11:01'
'before_alignment_5_4.jpg';'TEST1_0000_0_1_2025-10-30_17-06-41/captures/before_alignment_5_4.jpg';1;'Thu Oct 30, 2025 at 13:11:34';'Thu Oct 30, 2025 at 13:11:34'
'before_alignment_5_3.jpg';'TEST1_0000_0_1_2025-10-30_17-06-41/captures/before_alignment_5_3.jpg';1;'Thu Oct 30, 2025 at 13:11:59';'Thu Oct 30, 2025 at 13:11:59'
'after_alignment_5_2.jpg';'TEST1_0000_0_1_2025-10-30_17-06-41/captures/after_alignment_5_2.jpg';1;'Thu Oct 30, 2025 at 13:12:07';'Thu Oct 30, 2025 at 13:12:07'
'after_alignment_5_1.jpg';'TEST1_0000_0_1_2025-10-30_17-06-41/captures/after_alignment_5_1.jpg';1;'Thu Oct 30, 2025 at 13:12:21';'Thu Oct 30, 2025 at 13:12:21'
'before_alignment_1_5.jpg';'TEST1_0000_0_2_2025-10-30_17-17-59/captures/before_alignment_1_5.jpg';1;'Thu Oct 30, 2025 at 13:18:38';'Thu Oct 30, 2025 at 13:18:38'
'before_alignment_1_4.jpg';'TEST1_0000_0_2_2025-10-30_17-17-59/captures/before_alignment_1_4.jpg';1;'Thu Oct 30, 2025 at 13:18:51';'Thu Oct 30, 2025 at 13:18:51'
'before_alignment_1_3.jpg';'TEST1_0000_0_2_2025-10-30_17-17-59/captures/before_alignment_1_3.jpg';1;'Thu Oct 30, 2025 at 13:19:11';'Thu Oct 30, 2025 at 13:19:11'
'before_alignment_1_2.jpg';'TEST1_0000_0_2_2025-10-30_17-17-59/captures/before_alignment_1_2.jpg';1;'Thu Oct 30, 2025 at 13:19:24';'Thu Oct 30, 2025 at 13:19:24'
'before_alignment_1_1.jpg';'TEST1_0000_0_2_2025-10-30_17-17-59/captures/before_alignment_1_1.jpg';1;'Thu Oct 30, 2025 at 13:19:40';'Thu Oct 30, 2025 at 13:19:40'
'before_alignment_2_1.jpg';'TEST1_0000_0_2_2025-10-30_17-17-59/captures/before_alignment_2_1.jpg';1;'Thu Oct 30, 2025 at 13:19:49';'Thu Oct 30, 2025 at 13:19:49'
'before_alignment_2_2.jpg';'TEST1_0000_0_2_2025-10-30_17-17-59/captures/before_alignment_2_2.jpg';1;'Thu Oct 30, 2025 at 13:20:06';'Thu Oct 30, 2025 at 13:20:06'
'before_alignment_2_3.jpg';'TEST1_0000_0_2_2025-10-30_17-17-59/captures/before_alignment_2_3.jpg';1;'Thu Oct 30, 2025 at 13:20:30';'Thu Oct 30, 2025 at 13:20:30'
'after_alignment_2_4.jpg';'TEST1_0000_0_2_2025-10-30_17-17-59/captures/after_alignment_2_4.jpg';1;'Thu Oct 30, 2025 at 13:20:38';'Thu Oct 30, 2025 at 13:20:38'
'before_alignment_3_5.jpg';'TEST1_0000_0_2_2025-10-30_17-17-59/captures/before_alignment_3_5.jpg';1;'Thu Oct 30, 2025 at 13:21:20';'Thu Oct 30, 2025 at 13:21:20'
'after_alignment_3_4.jpg';'TEST1_0000_0_2_2025-10-30_17-17-59/captures/after_alignment_3_4.jpg';1;'Thu Oct 30, 2025 at 13:21:31';'Thu Oct 30, 2025 at 13:21:31'
'after_alignment_3_3.jpg';'TEST1_0000_0_2_2025-10-30_17-17-59/captures/after_alignment_3_3.jpg';1;'Thu Oct 30, 2025 at 13:21:42';'Thu Oct 30, 2025 at 13:21:42'
'after_alignment_3_2.jpg';'TEST1_0000_0_2_2025-10-30_17-17-59/captures/after_alignment_3_2.jpg';1;'Thu Oct 30, 2025 at 13:22:00';'Thu Oct 30, 2025 at 13:22:00'
'after_alignment_3_1.jpg';'TEST1_0000_0_2_2025-10-30_17-17-59/captures/after_alignment_3_1.jpg';1;'Thu Oct 30, 2025 at 13:22:10';'Thu Oct 30, 2025 at 13:22:10'
'after_alignment_4_1.jpg';'TEST1_0000_0_2_2025-10-30_17-17-59/captures/after_alignment_4_1.jpg';1;'Thu Oct 30, 2025 at 13:22:23';'Thu Oct 30, 2025 at 13:22:23'
'after_alignment_4_2.jpg';'TEST1_0000_0_2_2025-10-30_17-17-59/captures/after_alignment_4_2.jpg';1;'Thu Oct 30, 2025 at 13:22:45';'Thu Oct 30, 2025 at 13:22:45'
'before_alignment_4_4.jpg';'TEST1_0000_0_2_2025-10-30_17-17-59/captures/before_alignment_4_4.jpg';1;'Thu Oct 30, 2025 at 13:23:12';'Thu Oct 30, 2025 at 13:23:12'
'before_alignment_4_5.jpg';'TEST1_0000_0_2_2025-10-30_17-17-59/captures/before_alignment_4_5.jpg';1;'Thu Oct 30, 2025 at 13:23:24';'Thu Oct 30, 2025 at 13:23:24'
'before_alignment_5_5.jpg';'TEST1_0000_0_2_2025-10-30_17-17-59/captures/before_alignment_5_5.jpg';1;'Thu Oct 30, 2025 at 13:23:37';'Thu Oct 30, 2025 at 13:23:37'
'before_alignment_5_4.jpg';'TEST1_0000_0_2_2025-10-30_17-17-59/captures/before_alignment_5_4.jpg';1;'Thu Oct 30, 2025 at 13:23:49';'Thu Oct 30, 2025 at 13:23:49'
'before_alignment_5_3.jpg';'TEST1_0000_0_2_2025-10-30_17-17-59/captures/before_alignment_5_3.jpg';1;'Thu Oct 30, 2025 at 13:24:01';'Thu Oct 30, 2025 at 13:24:01'
'before_alignment_5_2.jpg';'TEST1_0000_0_2_2025-10-30_17-17-59/captures/before_alignment_5_2.jpg';1;'Thu Oct 30, 2025 at 13:24:13';'Thu Oct 30, 2025 at 13:24:13'
'before_alignment_5_1.jpg';'TEST1_0000_0_2_2025-10-30_17-17-59/captures/before_alignment_5_1.jpg';1;'Thu Oct 30, 2025 at 13:24:26';'Thu Oct 30, 2025 at 13:24:26'
'LMI_20251030_TEST1.csv';'TEST1_0000_0_2_2025-10-30_17-17-59/data_files/LMI_20251030_TEST1.csv';1;'Thu Oct 30, 2025 at 13:24:30';'Thu Oct 30, 2025 at 13:24:30'
'before_alignment_1_5.jpg';'TEST0_0000_0_1_2025-10-22_19-52-53/captures/before_alignment_1_5.jpg';1;'Wed Oct 22, 2025 at 15:53:58';'Wed Oct 22, 2025 at 15:53:58'
'before_alignment_1_3.jpg';'TEST0_0000_0_1_2025-10-22_19-52-53/captures/before_alignment_1_3.jpg';1;'Wed Oct 22, 2025 at 15:54:08';'Wed Oct 22, 2025 at 15:54:08'
'before_alignment_1_1.jpg';'TEST0_0000_0_1_2025-10-22_19-52-53/captures/before_alignment_1_1.jpg';1;'Wed Oct 22, 2025 at 15:54:47';'Wed Oct 22, 2025 at 15:54:47'
'after_alignment_2_1.jpg';'TEST0_0000_0_1_2025-10-22_19-52-53/captures/after_alignment_2_1.jpg';1;'Wed Oct 22, 2025 at 15:54:57';'Wed Oct 22, 2025 at 15:54:57'
'before_alignment_2_3.jpg';'TEST0_0000_0_1_2025-10-22_19-52-53/captures/before_alignment_2_3.jpg';1;'Wed Oct 22, 2025 at 15:55:28';'Wed Oct 22, 2025 at 15:55:28'
'before_alignment_2_4.jpg';'TEST0_0000_0_1_2025-10-22_19-52-53/captures/before_alignment_2_4.jpg';1;'Wed Oct 22, 2025 at 15:55:41';'Wed Oct 22, 2025 at 15:55:41'
'before_alignment_2_5.jpg';'TEST0_0000_0_1_2025-10-22_19-52-53/captures/before_alignment_2_5.jpg';1;'Wed Oct 22, 2025 at 15:56:04';'Wed Oct 22, 2025 at 15:56:04'
'after_alignment_3_5.jpg';'TEST0_0000_0_1_2025-10-22_19-52-53/captures/after_alignment_3_5.jpg';1;'Wed Oct 22, 2025 at 15:56:11';'Wed Oct 22, 2025 at 15:56:11'
'after_alignment_3_4.jpg';'TEST0_0000_0_1_2025-10-22_19-52-53/captures/after_alignment_3_4.jpg';1;'Wed Oct 22, 2025 at 15:56:21';'Wed Oct 22, 2025 at 15:56:21'
'after_alignment_3_3.jpg';'TEST0_0000_0_1_2025-10-22_19-52-53/captures/after_alignment_3_3.jpg';1;'Wed Oct 22, 2025 at 15:56:31';'Wed Oct 22, 2025 at 15:56:31'
'after_alignment_3_2.jpg';'TEST0_0000_0_1_2025-10-22_19-52-53/captures/after_alignment_3_2.jpg';1;'Wed Oct 22, 2025 at 15:56:41';'Wed Oct 22, 2025 at 15:56:41'
'after_alignment_3_1.jpg';'TEST0_0000_0_1_2025-10-22_19-52-53/captures/after_alignment_3_1.jpg';1;'Wed Oct 22, 2025 at 15:56:51';'Wed Oct 22, 2025 at 15:56:51'
'after_alignment_4_1.jpg';'TEST0_0000_0_1_2025-10-22_19-52-53/captures/after_alignment_4_1.jpg';1;'Wed Oct 22, 2025 at 15:57:04';'Wed Oct 22, 2025 at 15:57:04'
'after_alignment_4_2.jpg';'TEST0_0000_0_1_2025-10-22_19-52-53/captures/after_alignment_4_2.jpg';1;'Wed Oct 22, 2025 at 15:57:16';'Wed Oct 22, 2025 at 15:57:16'
'after_alignment_4_3.jpg';'TEST0_0000_0_1_2025-10-22_19-52-53/captures/after_alignment_4_3.jpg';1;'Wed Oct 22, 2025 at 15:57:28';'Wed Oct 22, 2025 at 15:57:28'
'before_alignment_4_5.jpg';'TEST0_0000_0_1_2025-10-22_19-52-53/captures/before_alignment_4_5.jpg';1;'Wed Oct 22, 2025 at 15:57:59';'Wed Oct 22, 2025 at 15:57:59'
'before_alignment_5_5.jpg';'TEST0_0000_0_1_2025-10-22_19-52-53/captures/before_alignment_5_5.jpg';1;'Wed Oct 22, 2025 at 15:58:12';'Wed Oct 22, 2025 at 15:58:12'
'before_alignment_5_4.jpg';'TEST0_0000_0_1_2025-10-22_19-52-53/captures/before_alignment_5_4.jpg';1;'Wed Oct 22, 2025 at 15:58:24';'Wed Oct 22, 2025 at 15:58:24'
'before_alignment_5_3.jpg';'TEST0_0000_0_1_2025-10-22_19-52-53/captures/before_alignment_5_3.jpg';1;'Wed Oct 22, 2025 at 15:58:49';'Wed Oct 22, 2025 at 15:58:49'
'before_alignment_5_1.jpg';'TEST0_0000_0_1_2025-10-22_19-52-53/captures/before_alignment_5_1.jpg';1;'Wed Oct 22, 2025 at 15:59:15';'Wed Oct 22, 2025 at 15:59:15'
'LMI_20251022_TEST0.csv';'TEST0_0000_0_1_2025-10-22_19-52-53/data_files/LMI_20251022_TEST0.csv';1;'Wed Oct 22, 2025 at 15:59:19';'Wed Oct 22, 2025 at 15:59:19'
'after_alignment_1_5.jpg';'TEST1_0000_0_1_2025-10-22_20-05-40/captures/after_alignment_1_5.jpg';1;'Wed Oct 22, 2025 at 16:06:08';'Wed Oct 22, 2025 at 16:06:08'
'after_alignment_1_4.jpg';'TEST1_0000_0_1_2025-10-22_20-05-40/captures/after_alignment_1_4.jpg';1;'Wed Oct 22, 2025 at 16:06:19';'Wed Oct 22, 2025 at 16:06:19'
'after_alignment_1_3.jpg';'TEST1_0000_0_1_2025-10-22_20-05-40/captures/after_alignment_1_3.jpg';1;'Wed Oct 22, 2025 at 16:06:32';'Wed Oct 22, 2025 at 16:06:32'
'after_alignment_1_2.jpg';'TEST1_0000_0_1_2025-10-22_20-05-40/captures/after_alignment_1_2.jpg';1;'Wed Oct 22, 2025 at 16:06:44';'Wed Oct 22, 2025 at 16:06:44'
'after_alignment_1_1.jpg';'TEST1_0000_0_1_2025-10-22_20-05-40/captures/after_alignment_1_1.jpg';1;'Wed Oct 22, 2025 at 16:06:56';'Wed Oct 22, 2025 at 16:06:56'
'after_alignment_2_1.jpg';'TEST1_0000_0_1_2025-10-22_20-05-40/captures/after_alignment_2_1.jpg';1;'Wed Oct 22, 2025 at 16:07:09';'Wed Oct 22, 2025 at 16:07:09'
'after_alignment_2_2.jpg';'TEST1_0000_0_1_2025-10-22_20-05-40/captures/after_alignment_2_2.jpg';1;'Wed Oct 22, 2025 at 16:07:22';'Wed Oct 22, 2025 at 16:07:22'
'after_alignment_2_3.jpg';'TEST1_0000_0_1_2025-10-22_20-05-40/captures/after_alignment_2_3.jpg';1;'Wed Oct 22, 2025 at 16:07:34';'Wed Oct 22, 2025 at 16:07:34'
'after_alignment_2_4.jpg';'TEST1_0000_0_1_2025-10-22_20-05-40/captures/after_alignment_2_4.jpg';1;'Wed Oct 22, 2025 at 16:07:46';'Wed Oct 22, 2025 at 16:07:46'
'after_alignment_2_5.jpg';'TEST1_0000_0_1_2025-10-22_20-05-40/captures/after_alignment_2_5.jpg';1;'Wed Oct 22, 2025 at 16:07:58';'Wed Oct 22, 2025 at 16:07:58'
'after_alignment_3_5.jpg';'TEST1_0000_0_1_2025-10-22_20-05-40/captures/after_alignment_3_5.jpg';1;'Wed Oct 22, 2025 at 16:08:09';'Wed Oct 22, 2025 at 16:08:09'
'after_alignment_3_4.jpg';'TEST1_0000_0_1_2025-10-22_20-05-40/captures/after_alignment_3_4.jpg';1;'Wed Oct 22, 2025 at 16:08:19';'Wed Oct 22, 2025 at 16:08:19'
'after_alignment_3_3.jpg';'TEST1_0000_0_1_2025-10-22_20-05-40/captures/after_alignment_3_3.jpg';1;'Wed Oct 22, 2025 at 16:08:29';'Wed Oct 22, 2025 at 16:08:29'
'after_alignment_3_2.jpg';'TEST1_0000_0_1_2025-10-22_20-05-40/captures/after_alignment_3_2.jpg';1;'Wed Oct 22, 2025 at 16:08:39';'Wed Oct 22, 2025 at 16:08:39'
'after_alignment_3_1.jpg';'TEST1_0000_0_1_2025-10-22_20-05-40/captures/after_alignment_3_1.jpg';1;'Wed Oct 22, 2025 at 16:08:49';'Wed Oct 22, 2025 at 16:08:49'
'after_alignment_4_1.jpg';'TEST1_0000_0_1_2025-10-22_20-05-40/captures/after_alignment_4_1.jpg';1;'Wed Oct 22, 2025 at 16:09:03';'Wed Oct 22, 2025 at 16:09:03'
'after_alignment_4_2.jpg';'TEST1_0000_0_1_2025-10-22_20-05-40/captures/after_alignment_4_2.jpg';1;'Wed Oct 22, 2025 at 16:09:15';'Wed Oct 22, 2025 at 16:09:15'
'after_alignment_4_3.jpg';'TEST1_0000_0_1_2025-10-22_20-05-40/captures/after_alignment_4_3.jpg';1;'Wed Oct 22, 2025 at 16:09:28';'Wed Oct 22, 2025 at 16:09:28'
'after_alignment_4_4.jpg';'TEST1_0000_0_1_2025-10-22_20-05-40/captures/after_alignment_4_4.jpg';1;'Wed Oct 22, 2025 at 16:09:40';'Wed Oct 22, 2025 at 16:09:40'
'after_alignment_4_5.jpg';'TEST1_0000_0_1_2025-10-22_20-05-40/captures/after_alignment_4_5.jpg';1;'Wed Oct 22, 2025 at 16:09:52';'Wed Oct 22, 2025 at 16:09:52'
'after_alignment_5_5.jpg';'TEST1_0000_0_1_2025-10-22_20-05-40/captures/after_alignment_5_5.jpg';1;'Wed Oct 22, 2025 at 16:10:06';'Wed Oct 22, 2025 at 16:10:06'
'after_alignment_5_4.jpg';'TEST1_0000_0_1_2025-10-22_20-05-40/captures/after_alignment_5_4.jpg';1;'Wed Oct 22, 2025 at 16:10:18';'Wed Oct 22, 2025 at 16:10:18'
'after_alignment_5_3.jpg';'TEST1_0000_0_1_2025-10-22_20-05-40/captures/after_alignment_5_3.jpg';1;'Wed Oct 22, 2025 at 16:10:30';'Wed Oct 22, 2025 at 16:10:30'
'after_alignment_5_2.jpg';'TEST1_0000_0_1_2025-10-22_20-05-40/captures/after_alignment_5_2.jpg';1;'Wed Oct 22, 2025 at 16:10:41';'Wed Oct 22, 2025 at 16:10:41'
'after_alignment_5_1.jpg';'TEST1_0000_0_1_2025-10-22_20-05-40/captures/after_alignment_5_1.jpg';1;'Wed Oct 22, 2025 at 16:10:53';'Wed Oct 22, 2025 at 16:10:53'
'before_alignment_1_5.jpg';'TEST2_0000_0_1_2025-10-22_20-22-46/captures/before_alignment_1_5.jpg';1;'Wed Oct 22, 2025 at 16:23:42';'Wed Oct 22, 2025 at 16:23:42'
'before_alignment_1_4.jpg';'TEST2_0000_0_1_2025-10-22_20-22-46/captures/before_alignment_1_4.jpg';1;'Wed Oct 22, 2025 at 16:23:43';'Wed Oct 22, 2025 at 16:23:43'
'before_alignment_1_3.jpg';'TEST2_0000_0_1_2025-10-22_20-22-46/captures/before_alignment_1_3.jpg';1;'Wed Oct 22, 2025 at 16:23:43';'Wed Oct 22, 2025 at 16:23:43'
'before_alignment_1_2.jpg';'TEST2_0000_0_1_2025-10-22_20-22-46/captures/before_alignment_1_2.jpg';1;'Wed Oct 22, 2025 at 16:24:00';'Wed Oct 22, 2025 at 16:24:00'
'after_alignment_1_1.jpg';'TEST2_0000_0_1_2025-10-22_20-22-46/captures/after_alignment_1_1.jpg';1;'Wed Oct 22, 2025 at 16:24:08';'Wed Oct 22, 2025 at 16:24:08'
'after_alignment_2_1.jpg';'TEST2_0000_0_1_2025-10-22_20-22-46/captures/after_alignment_2_1.jpg';1;'Wed Oct 22, 2025 at 16:24:21';'Wed Oct 22, 2025 at 16:24:21'
'after_alignment_2_2.jpg';'TEST2_0000_0_1_2025-10-22_20-22-46/captures/after_alignment_2_2.jpg';1;'Wed Oct 22, 2025 at 16:24:33';'Wed Oct 22, 2025 at 16:24:33'
'after_alignment_2_3.jpg';'TEST2_0000_0_1_2025-10-22_20-22-46/captures/after_alignment_2_3.jpg';1;'Wed Oct 22, 2025 at 16:24:45';'Wed Oct 22, 2025 at 16:24:45'
'after_alignment_2_4.jpg';'TEST2_0000_0_1_2025-10-22_20-22-46/captures/after_alignment_2_4.jpg';1;'Wed Oct 22, 2025 at 16:24:57';'Wed Oct 22, 2025 at 16:24:57'
'after_alignment_2_5.jpg';'TEST2_0000_0_1_2025-10-22_20-22-46/captures/after_alignment_2_5.jpg';1;'Wed Oct 22, 2025 at 16:25:09';'Wed Oct 22, 2025 at 16:25:09'
'after_alignment_3_5.jpg';'TEST2_0000_0_1_2025-10-22_20-22-46/captures/after_alignment_3_5.jpg';1;'Wed Oct 22, 2025 at 16:25:20';'Wed Oct 22, 2025 at 16:25:20'
'after_alignment_3_4.jpg';'TEST2_0000_0_1_2025-10-22_20-22-46/captures/after_alignment_3_4.jpg';1;'Wed Oct 22, 2025 at 16:25:30';'Wed Oct 22, 2025 at 16:25:30'
'after_alignment_3_3.jpg';'TEST2_0000_0_1_2025-10-22_20-22-46/captures/after_alignment_3_3.jpg';1;'Wed Oct 22, 2025 at 16:25:40';'Wed Oct 22, 2025 at 16:25:40'
'after_alignment_3_2.jpg';'TEST2_0000_0_1_2025-10-22_20-22-46/captures/after_alignment_3_2.jpg';1;'Wed Oct 22, 2025 at 16:25:49';'Wed Oct 22, 2025 at 16:25:49'
'after_alignment_3_1.jpg';'TEST2_0000_0_1_2025-10-22_20-22-46/captures/after_alignment_3_1.jpg';1;'Wed Oct 22, 2025 at 16:26:00';'Wed Oct 22, 2025 at 16:26:00'
'after_alignment_4_1.jpg';'TEST2_0000_0_1_2025-10-22_20-22-46/captures/after_alignment_4_1.jpg';1;'Wed Oct 22, 2025 at 16:26:15';'Wed Oct 22, 2025 at 16:26:15'
'after_alignment_4_2.jpg';'TEST2_0000_0_1_2025-10-22_20-22-46/captures/after_alignment_4_2.jpg';1;'Wed Oct 22, 2025 at 16:26:27';'Wed Oct 22, 2025 at 16:26:27'
'after_alignment_4_3.jpg';'TEST2_0000_0_1_2025-10-22_20-22-46/captures/after_alignment_4_3.jpg';1;'Wed Oct 22, 2025 at 16:26:39';'Wed Oct 22, 2025 at 16:26:39'
'after_alignment_4_4.jpg';'TEST2_0000_0_1_2025-10-22_20-22-46/captures/after_alignment_4_4.jpg';1;'Wed Oct 22, 2025 at 16:26:51';'Wed Oct 22, 2025 at 16:26:51'
'after_alignment_4_5.jpg';'TEST2_0000_0_1_2025-10-22_20-22-46/captures/after_alignment_4_5.jpg';1;'Wed Oct 22, 2025 at 16:27:03';'Wed Oct 22, 2025 at 16:27:03'
'after_alignment_5_5.jpg';'TEST2_0000_0_1_2025-10-22_20-22-46/captures/after_alignment_5_5.jpg';1;'Wed Oct 22, 2025 at 16:27:17';'Wed Oct 22, 2025 at 16:27:17'
'after_alignment_5_4.jpg';'TEST2_0000_0_1_2025-10-22_20-22-46/captures/after_alignment_5_4.jpg';1;'Wed Oct 22, 2025 at 16:27:28';'Wed Oct 22, 2025 at 16:27:28'
'after_alignment_5_3.jpg';'TEST2_0000_0_1_2025-10-22_20-22-46/captures/after_alignment_5_3.jpg';1;'Wed Oct 22, 2025 at 16:27:41';'Wed Oct 22, 2025 at 16:27:41'
'after_alignment_5_2.jpg';'TEST2_0000_0_1_2025-10-22_20-22-46/captures/after_alignment_5_2.jpg';1;'Wed Oct 22, 2025 at 16:27:52';'Wed Oct 22, 2025 at 16:27:52'
'after_alignment_5_1.jpg';'TEST2_0000_0_1_2025-10-22_20-22-46/captures/after_alignment_5_1.jpg';1;'Wed Oct 22, 2025 at 16:28:05';'Wed Oct 22, 2025 at 16:28:05'
'before_alignment_1_5.jpg';'JHAMAB00019-16_68f8fc895960472ae0ec9e79_0_225_2025-10-22_20-41-01/captures/before_alignment_1_5.jpg';1;'Wed Oct 22, 2025 at 16:41:31';'Wed Oct 22, 2025 at 16:41:31'
'after_alignment_1_5.jpg';'JHAMAB00019-16_68f8fc895960472ae0ec9e79_0_225_2025-10-22_20-47-35/captures/after_alignment_1_5.jpg';1;'Wed Oct 22, 2025 at 16:48:02';'Wed Oct 22, 2025 at 16:48:02'
'after_alignment_1_4.jpg';'JHAMAB00019-16_68f8fc895960472ae0ec9e79_0_225_2025-10-22_20-47-35/captures/after_alignment_1_4.jpg';1;'Wed Oct 22, 2025 at 16:48:13';'Wed Oct 22, 2025 at 16:48:13'
'after_alignment_1_3.jpg';'JHAMAB00019-16_68f8fc895960472ae0ec9e79_0_225_2025-10-22_20-47-35/captures/after_alignment_1_3.jpg';1;'Wed Oct 22, 2025 at 16:48:25';'Wed Oct 22, 2025 at 16:48:25'
'after_alignment_1_2.jpg';'JHAMAB00019-16_68f8fc895960472ae0ec9e79_0_225_2025-10-22_20-47-35/captures/after_alignment_1_2.jpg';1;'Wed Oct 22, 2025 at 16:48:38';'Wed Oct 22, 2025 at 16:48:38'
'after_alignment_1_1.jpg';'JHAMAB00019-16_68f8fc895960472ae0ec9e79_0_225_2025-10-22_20-47-35/captures/after_alignment_1_1.jpg';1;'Wed Oct 22, 2025 at 16:48:49';'Wed Oct 22, 2025 at 16:48:49'
'after_alignment_2_1.jpg';'JHAMAB00019-16_68f8fc895960472ae0ec9e79_0_225_2025-10-22_20-47-35/captures/after_alignment_2_1.jpg';1;'Wed Oct 22, 2025 at 16:49:01';'Wed Oct 22, 2025 at 16:49:01'
'after_alignment_2_2.jpg';'JHAMAB00019-16_68f8fc895960472ae0ec9e79_0_225_2025-10-22_20-47-35/captures/after_alignment_2_2.jpg';1;'Wed Oct 22, 2025 at 16:49:14';'Wed Oct 22, 2025 at 16:49:14'
'after_alignment_2_3.jpg';'JHAMAB00019-16_68f8fc895960472ae0ec9e79_0_225_2025-10-22_20-47-35/captures/after_alignment_2_3.jpg';1;'Wed Oct 22, 2025 at 16:49:25';'Wed Oct 22, 2025 at 16:49:25'
'after_alignment_2_4.jpg';'JHAMAB00019-16_68f8fc895960472ae0ec9e79_0_225_2025-10-22_20-47-35/captures/after_alignment_2_4.jpg';1;'Wed Oct 22, 2025 at 16:49:38';'Wed Oct 22, 2025 at 16:49:38'
'after_alignment_2_5.jpg';'JHAMAB00019-16_68f8fc895960472ae0ec9e79_0_225_2025-10-22_20-47-35/captures/after_alignment_2_5.jpg';1;'Wed Oct 22, 2025 at 16:49:50';'Wed Oct 22, 2025 at 16:49:50'
'after_alignment_3_5.jpg';'JHAMAB00019-16_68f8fc895960472ae0ec9e79_0_225_2025-10-22_20-47-35/captures/after_alignment_3_5.jpg';1;'Wed Oct 22, 2025 at 16:50:02';'Wed Oct 22, 2025 at 16:50:02'
'after_alignment_3_4.jpg';'JHAMAB00019-16_68f8fc895960472ae0ec9e79_0_225_2025-10-22_20-47-35/captures/after_alignment_3_4.jpg';1;'Wed Oct 22, 2025 at 16:50:13';'Wed Oct 22, 2025 at 16:50:13'
'after_alignment_3_3.jpg';'JHAMAB00019-16_68f8fc895960472ae0ec9e79_0_225_2025-10-22_20-47-35/captures/after_alignment_3_3.jpg';1;'Wed Oct 22, 2025 at 16:50:26';'Wed Oct 22, 2025 at 16:50:26'
'after_alignment_3_2.jpg';'JHAMAB00019-16_68f8fc895960472ae0ec9e79_0_225_2025-10-22_20-47-35/captures/after_alignment_3_2.jpg';1;'Wed Oct 22, 2025 at 16:50:38';'Wed Oct 22, 2025 at 16:50:38'
'after_alignment_3_1.jpg';'JHAMAB00019-16_68f8fc895960472ae0ec9e79_0_225_2025-10-22_20-47-35/captures/after_alignment_3_1.jpg';1;'Wed Oct 22, 2025 at 16:50:50';'Wed Oct 22, 2025 at 16:50:50'
'after_alignment_4_1.jpg';'JHAMAB00019-16_68f8fc895960472ae0ec9e79_0_225_2025-10-22_20-47-35/captures/after_alignment_4_1.jpg';1;'Wed Oct 22, 2025 at 16:51:03';'Wed Oct 22, 2025 at 16:51:03'
'after_alignment_4_2.jpg';'JHAMAB00019-16_68f8fc895960472ae0ec9e79_0_225_2025-10-22_20-47-35/captures/after_alignment_4_2.jpg';1;'Wed Oct 22, 2025 at 16:51:15';'Wed Oct 22, 2025 at 16:51:15'
'after_alignment_4_3.jpg';'JHAMAB00019-16_68f8fc895960472ae0ec9e79_0_225_2025-10-22_20-47-35/captures/after_alignment_4_3.jpg';1;'Wed Oct 22, 2025 at 16:51:27';'Wed Oct 22, 2025 at 16:51:27'
'after_alignment_4_4.jpg';'JHAMAB00019-16_68f8fc895960472ae0ec9e79_0_225_2025-10-22_20-47-35/captures/after_alignment_4_4.jpg';1;'Wed Oct 22, 2025 at 16:51:39';'Wed Oct 22, 2025 at 16:51:39'
'after_alignment_4_5.jpg';'JHAMAB00019-16_68f8fc895960472ae0ec9e79_0_225_2025-10-22_20-47-35/captures/after_alignment_4_5.jpg';1;'Wed Oct 22, 2025 at 16:51:51';'Wed Oct 22, 2025 at 16:51:51'
'after_alignment_5_5.jpg';'JHAMAB00019-16_68f8fc895960472ae0ec9e79_0_225_2025-10-22_20-47-35/captures/after_alignment_5_5.jpg';1;'Wed Oct 22, 2025 at 16:52:04';'Wed Oct 22, 2025 at 16:52:04'
'after_alignment_5_4.jpg';'JHAMAB00019-16_68f8fc895960472ae0ec9e79_0_225_2025-10-22_20-47-35/captures/after_alignment_5_4.jpg';1;'Wed Oct 22, 2025 at 16:52:16';'Wed Oct 22, 2025 at 16:52:16'
'after_alignment_5_3.jpg';'JHAMAB00019-16_68f8fc895960472ae0ec9e79_0_225_2025-10-22_20-47-35/captures/after_alignment_5_3.jpg';1;'Wed Oct 22, 2025 at 16:52:28';'Wed Oct 22, 2025 at 16:52:28'
'after_alignment_5_2.jpg';'JHAMAB00019-16_68f8fc895960472ae0ec9e79_0_225_2025-10-22_20-47-35/captures/after_alignment_5_2.jpg';1;'Wed Oct 22, 2025 at 16:52:40';'Wed Oct 22, 2025 at 16:52:40'
'after_alignment_5_1.jpg';'JHAMAB00019-16_68f8fc895960472ae0ec9e79_0_225_2025-10-22_20-47-35/captures/after_alignment_5_1.jpg';1;'Wed Oct 22, 2025 at 16:52:52';'Wed Oct 22, 2025 at 16:52:52'
'before_alignment_1_5.jpg';'JHAMAB00019-16_68f8fc895960472ae0ec9e79_0_226_2025-10-22_21-04-55/captures/before_alignment_1_5.jpg';1;'Wed Oct 22, 2025 at 17:05:41';'Wed Oct 22, 2025 at 17:05:41'
'before_alignment_1_4.jpg';'JHAMAB00019-16_68f8fc895960472ae0ec9e79_0_226_2025-10-22_21-04-55/captures/before_alignment_1_4.jpg';1;'Wed Oct 22, 2025 at 17:05:41';'Wed Oct 22, 2025 at 17:05:41'
'before_alignment_1_3.jpg';'JHAMAB00019-16_68f8fc895960472ae0ec9e79_0_226_2025-10-22_21-04-55/captures/before_alignment_1_3.jpg';1;'Wed Oct 22, 2025 at 17:05:51';'Wed Oct 22, 2025 at 17:05:51'
'before_alignment_1_2.jpg';'JHAMAB00019-16_68f8fc895960472ae0ec9e79_0_226_2025-10-22_21-04-55/captures/before_alignment_1_2.jpg';1;'Wed Oct 22, 2025 at 17:06:18';'Wed Oct 22, 2025 at 17:06:18'
'after_alignment_1_1.jpg';'JHAMAB00019-16_68f8fc895960472ae0ec9e79_0_226_2025-10-22_21-04-55/captures/after_alignment_1_1.jpg';1;'Wed Oct 22, 2025 at 17:06:25';'Wed Oct 22, 2025 at 17:06:25'
'after_alignment_2_1.jpg';'JHAMAB00019-16_68f8fc895960472ae0ec9e79_0_226_2025-10-22_21-04-55/captures/after_alignment_2_1.jpg';1;'Wed Oct 22, 2025 at 17:06:41';'Wed Oct 22, 2025 at 17:06:41'
'before_alignment_2_3.jpg';'JHAMAB00019-16_68f8fc895960472ae0ec9e79_0_226_2025-10-22_21-04-55/captures/before_alignment_2_3.jpg';1;'Wed Oct 22, 2025 at 17:07:16';'Wed Oct 22, 2025 at 17:07:16'
'before_alignment_2_4.jpg';'JHAMAB00019-16_68f8fc895960472ae0ec9e79_0_226_2025-10-22_21-04-55/captures/before_alignment_2_4.jpg';1;'Wed Oct 22, 2025 at 17:07:43';'Wed Oct 22, 2025 at 17:07:43'
'after_alignment_2_5.jpg';'JHAMAB00019-16_68f8fc895960472ae0ec9e79_0_226_2025-10-22_21-04-55/captures/after_alignment_2_5.jpg';1;'Wed Oct 22, 2025 at 17:07:50';'Wed Oct 22, 2025 at 17:07:50'
'after_alignment_3_5.jpg';'JHAMAB00019-16_68f8fc895960472ae0ec9e79_0_226_2025-10-22_21-04-55/captures/after_alignment_3_5.jpg';1;'Wed Oct 22, 2025 at 17:08:05';'Wed Oct 22, 2025 at 17:08:05'
'after_alignment_3_4.jpg';'JHAMAB00019-16_68f8fc895960472ae0ec9e79_0_226_2025-10-22_21-04-55/captures/after_alignment_3_4.jpg';1;'Wed Oct 22, 2025 at 17:08:21';'Wed Oct 22, 2025 at 17:08:21'
'after_alignment_3_3.jpg';'JHAMAB00019-16_68f8fc895960472ae0ec9e79_0_226_2025-10-22_21-04-55/captures/after_alignment_3_3.jpg';1;'Wed Oct 22, 2025 at 17:08:35';'Wed Oct 22, 2025 at 17:08:35'
'after_alignment_3_2.jpg';'JHAMAB00019-16_68f8fc895960472ae0ec9e79_0_226_2025-10-22_21-04-55/captures/after_alignment_3_2.jpg';1;'Wed Oct 22, 2025 at 17:08:51';'Wed Oct 22, 2025 at 17:08:51'
'after_alignment_3_1.jpg';'JHAMAB00019-16_68f8fc895960472ae0ec9e79_0_226_2025-10-22_21-04-55/captures/after_alignment_3_1.jpg';1;'Wed Oct 22, 2025 at 17:09:07';'Wed Oct 22, 2025 at 17:09:07'
'before_alignment_4_2.jpg';'JHAMAB00019-16_68f8fc895960472ae0ec9e79_0_226_2025-10-22_21-04-55/captures/before_alignment_4_2.jpg';1;'Wed Oct 22, 2025 at 17:09:41';'Wed Oct 22, 2025 at 17:09:41'
'before_alignment_4_3.jpg';'JHAMAB00019-16_68f8fc895960472ae0ec9e79_0_226_2025-10-22_21-04-55/captures/before_alignment_4_3.jpg';1;'Wed Oct 22, 2025 at 17:10:01';'Wed Oct 22, 2025 at 17:10:01'
'before_alignment_4_4.jpg';'JHAMAB00019-16_68f8fc895960472ae0ec9e79_0_226_2025-10-22_21-04-55/captures/before_alignment_4_4.jpg';1;'Wed Oct 22, 2025 at 17:10:27';'Wed Oct 22, 2025 at 17:10:27'
'after_alignment_4_5.jpg';'JHAMAB00019-16_68f8fc895960472ae0ec9e79_0_226_2025-10-22_21-04-55/captures/after_alignment_4_5.jpg';1;'Wed Oct 22, 2025 at 17:10:35';'Wed Oct 22, 2025 at 17:10:35'
'after_alignment_5_5.jpg';'JHAMAB00019-16_68f8fc895960472ae0ec9e79_0_226_2025-10-22_21-04-55/captures/after_alignment_5_5.jpg';1;'Wed Oct 22, 2025 at 17:10:50';'Wed Oct 22, 2025 at 17:10:50'
'after_alignment_5_4.jpg';'JHAMAB00019-16_68f8fc895960472ae0ec9e79_0_226_2025-10-22_21-04-55/captures/after_alignment_5_4.jpg';1;'Wed Oct 22, 2025 at 17:11:05';'Wed Oct 22, 2025 at 17:11:05'
'after_alignment_5_3.jpg';'JHAMAB00019-16_68f8fc895960472ae0ec9e79_0_226_2025-10-22_21-04-55/captures/after_alignment_5_3.jpg';1;'Wed Oct 22, 2025 at 17:11:21';'Wed Oct 22, 2025 at 17:11:21'
'after_alignment_5_2.jpg';'JHAMAB00019-16_68f8fc895960472ae0ec9e79_0_226_2025-10-22_21-04-55/captures/after_alignment_5_2.jpg';1;'Wed Oct 22, 2025 at 17:11:35';'Wed Oct 22, 2025 at 17:11:35'
'after_alignment_5_1.jpg';'JHAMAB00019-16_68f8fc895960472ae0ec9e79_0_226_2025-10-22_21-04-55/captures/after_alignment_5_1.jpg';1;'Wed Oct 22, 2025 at 17:11:51';'Wed Oct 22, 2025 at 17:11:51'
'before_alignment_1_5.jpg';'JHAMAB00021-16_68f8fcca5960472ae0ec9e83_0_227_2025-10-22_21-32-09/captures/before_alignment_1_5.jpg';1;'Wed Oct 22, 2025 at 17:32:38';'Wed Oct 22, 2025 at 17:32:38'
'before_alignment_1_4.jpg';'JHAMAB00021-16_68f8fcca5960472ae0ec9e83_0_227_2025-10-22_21-32-09/captures/before_alignment_1_4.jpg';1;'Wed Oct 22, 2025 at 17:32:50';'Wed Oct 22, 2025 at 17:32:50'
'before_alignment_1_3.jpg';'JHAMAB00021-16_68f8fcca5960472ae0ec9e83_0_227_2025-10-22_21-32-09/captures/before_alignment_1_3.jpg';1;'Wed Oct 22, 2025 at 17:33:05';'Wed Oct 22, 2025 at 17:33:05'
'before_alignment_1_2.jpg';'JHAMAB00021-16_68f8fcca5960472ae0ec9e83_0_227_2025-10-22_21-32-09/captures/before_alignment_1_2.jpg';1;'Wed Oct 22, 2025 at 17:33:20';'Wed Oct 22, 2025 at 17:33:20'
'before_alignment_1_1.jpg';'JHAMAB00021-16_68f8fcca5960472ae0ec9e83_0_227_2025-10-22_21-32-09/captures/before_alignment_1_1.jpg';1;'Wed Oct 22, 2025 at 17:33:35';'Wed Oct 22, 2025 at 17:33:35'
'before_alignment_2_1.jpg';'JHAMAB00021-16_68f8fcca5960472ae0ec9e83_0_227_2025-10-22_21-32-09/captures/before_alignment_2_1.jpg';1;'Wed Oct 22, 2025 at 17:33:51';'Wed Oct 22, 2025 at 17:33:51'
'before_alignment_2_2.jpg';'JHAMAB00021-16_68f8fcca5960472ae0ec9e83_0_227_2025-10-22_21-32-09/captures/before_alignment_2_2.jpg';1;'Wed Oct 22, 2025 at 17:34:06';'Wed Oct 22, 2025 at 17:34:06'
'before_alignment_2_3.jpg';'JHAMAB00021-16_68f8fcca5960472ae0ec9e83_0_227_2025-10-22_21-32-09/captures/before_alignment_2_3.jpg';1;'Wed Oct 22, 2025 at 17:34:22';'Wed Oct 22, 2025 at 17:34:22'
'before_alignment_2_4.jpg';'JHAMAB00021-16_68f8fcca5960472ae0ec9e83_0_227_2025-10-22_21-32-09/captures/before_alignment_2_4.jpg';1;'Wed Oct 22, 2025 at 17:34:37';'Wed Oct 22, 2025 at 17:34:37'
'before_alignment_2_5.jpg';'JHAMAB00021-16_68f8fcca5960472ae0ec9e83_0_227_2025-10-22_21-32-09/captures/before_alignment_2_5.jpg';1;'Wed Oct 22, 2025 at 17:34:53';'Wed Oct 22, 2025 at 17:34:53'
'before_alignment_3_5.jpg';'JHAMAB00021-16_68f8fcca5960472ae0ec9e83_0_227_2025-10-22_21-32-09/captures/before_alignment_3_5.jpg';1;'Wed Oct 22, 2025 at 17:35:07';'Wed Oct 22, 2025 at 17:35:07'
'before_alignment_3_4.jpg';'JHAMAB00021-16_68f8fcca5960472ae0ec9e83_0_227_2025-10-22_21-32-09/captures/before_alignment_3_4.jpg';1;'Wed Oct 22, 2025 at 17:35:23';'Wed Oct 22, 2025 at 17:35:23'
'before_alignment_3_3.jpg';'JHAMAB00021-16_68f8fcca5960472ae0ec9e83_0_227_2025-10-22_21-32-09/captures/before_alignment_3_3.jpg';1;'Wed Oct 22, 2025 at 17:35:41';'Wed Oct 22, 2025 at 17:35:41'
'before_alignment_3_2.jpg';'JHAMAB00021-16_68f8fcca5960472ae0ec9e83_0_227_2025-10-22_21-32-09/captures/before_alignment_3_2.jpg';1;'Wed Oct 22, 2025 at 17:35:56';'Wed Oct 22, 2025 at 17:35:56'
'before_alignment_3_1.jpg';'JHAMAB00021-16_68f8fcca5960472ae0ec9e83_0_227_2025-10-22_21-32-09/captures/before_alignment_3_1.jpg';1;'Wed Oct 22, 2025 at 17:36:12';'Wed Oct 22, 2025 at 17:36:12'
'before_alignment_4_1.jpg';'JHAMAB00021-16_68f8fcca5960472ae0ec9e83_0_227_2025-10-22_21-32-09/captures/before_alignment_4_1.jpg';1;'Wed Oct 22, 2025 at 17:36:27';'Wed Oct 22, 2025 at 17:36:27'
'before_alignment_4_2.jpg';'JHAMAB00021-16_68f8fcca5960472ae0ec9e83_0_227_2025-10-22_21-32-09/captures/before_alignment_4_2.jpg';1;'Wed Oct 22, 2025 at 17:36:43';'Wed Oct 22, 2025 at 17:36:43'
'before_alignment_4_3.jpg';'JHAMAB00021-16_68f8fcca5960472ae0ec9e83_0_227_2025-10-22_21-32-09/captures/before_alignment_4_3.jpg';1;'Wed Oct 22, 2025 at 17:36:58';'Wed Oct 22, 2025 at 17:36:58'
'before_alignment_4_4.jpg';'JHAMAB00021-16_68f8fcca5960472ae0ec9e83_0_227_2025-10-22_21-32-09/captures/before_alignment_4_4.jpg';1;'Wed Oct 22, 2025 at 17:37:14';'Wed Oct 22, 2025 at 17:37:14'
'before_alignment_4_5.jpg';'JHAMAB00021-16_68f8fcca5960472ae0ec9e83_0_227_2025-10-22_21-32-09/captures/before_alignment_4_5.jpg';1;'Wed Oct 22, 2025 at 17:37:29';'Wed Oct 22, 2025 at 17:37:29'
'before_alignment_5_5.jpg';'JHAMAB00021-16_68f8fcca5960472ae0ec9e83_0_227_2025-10-22_21-32-09/captures/before_alignment_5_5.jpg';1;'Wed Oct 22, 2025 at 17:37:44';'Wed Oct 22, 2025 at 17:37:44'
'before_alignment_5_4.jpg';'JHAMAB00021-16_68f8fcca5960472ae0ec9e83_0_227_2025-10-22_21-32-09/captures/before_alignment_5_4.jpg';1;'Wed Oct 22, 2025 at 17:37:59';'Wed Oct 22, 2025 at 17:37:59'
'before_alignment_5_3.jpg';'JHAMAB00021-16_68f8fcca5960472ae0ec9e83_0_227_2025-10-22_21-32-09/captures/before_alignment_5_3.jpg';1;'Wed Oct 22, 2025 at 17:38:14';'Wed Oct 22, 2025 at 17:38:14'
'before_alignment_5_2.jpg';'JHAMAB00021-16_68f8fcca5960472ae0ec9e83_0_227_2025-10-22_21-32-09/captures/before_alignment_5_2.jpg';1;'Wed Oct 22, 2025 at 17:38:30';'Wed Oct 22, 2025 at 17:38:30'
'before_alignment_5_1.jpg';'JHAMAB00021-16_68f8fcca5960472ae0ec9e83_0_227_2025-10-22_21-32-09/captures/before_alignment_5_1.jpg';1;'Wed Oct 22, 2025 at 17:38:57';'Wed Oct 22, 2025 at 17:38:57'
'before_alignment_1_5.jpg';'JHAMAB00020-16_68f8fcba5960472ae0ec9e81_0_228_2025-10-22_21-53-40/captures/before_alignment_1_5.jpg';1;'Wed Oct 22, 2025 at 17:54:24';'Wed Oct 22, 2025 at 17:54:24'
'before_alignment_1_4.jpg';'JHAMAB00020-16_68f8fcba5960472ae0ec9e81_0_228_2025-10-22_21-53-40/captures/before_alignment_1_4.jpg';1;'Wed Oct 22, 2025 at 17:54:25';'Wed Oct 22, 2025 at 17:54:25'
'before_alignment_1_3.jpg';'JHAMAB00020-16_68f8fcba5960472ae0ec9e81_0_228_2025-10-22_21-53-40/captures/before_alignment_1_3.jpg';1;'Wed Oct 22, 2025 at 17:54:27';'Wed Oct 22, 2025 at 17:54:27'
'before_alignment_1_2.jpg';'JHAMAB00020-16_68f8fcba5960472ae0ec9e81_0_228_2025-10-22_21-53-40/captures/before_alignment_1_2.jpg';1;'Wed Oct 22, 2025 at 17:54:42';'Wed Oct 22, 2025 at 17:54:42'
'before_alignment_1_1.jpg';'JHAMAB00020-16_68f8fcba5960472ae0ec9e81_0_228_2025-10-22_21-53-40/captures/before_alignment_1_1.jpg';1;'Wed Oct 22, 2025 at 17:54:57';'Wed Oct 22, 2025 at 17:54:57'
'before_alignment_2_1.jpg';'JHAMAB00020-16_68f8fcba5960472ae0ec9e81_0_228_2025-10-22_21-53-40/captures/before_alignment_2_1.jpg';1;'Wed Oct 22, 2025 at 17:55:05';'Wed Oct 22, 2025 at 17:55:05'
'before_alignment_2_2.jpg';'JHAMAB00020-16_68f8fcba5960472ae0ec9e81_0_228_2025-10-22_21-53-40/captures/before_alignment_2_2.jpg';1;'Wed Oct 22, 2025 at 17:55:20';'Wed Oct 22, 2025 at 17:55:20'
'before_alignment_2_3.jpg';'JHAMAB00020-16_68f8fcba5960472ae0ec9e81_0_228_2025-10-22_21-53-40/captures/before_alignment_2_3.jpg';1;'Wed Oct 22, 2025 at 17:55:36';'Wed Oct 22, 2025 at 17:55:36'
'before_alignment_2_4.jpg';'JHAMAB00020-16_68f8fcba5960472ae0ec9e81_0_228_2025-10-22_21-53-40/captures/before_alignment_2_4.jpg';1;'Wed Oct 22, 2025 at 17:55:50';'Wed Oct 22, 2025 at 17:55:50'
'before_alignment_2_5.jpg';'JHAMAB00020-16_68f8fcba5960472ae0ec9e81_0_228_2025-10-22_21-53-40/captures/before_alignment_2_5.jpg';1;'Wed Oct 22, 2025 at 17:56:06';'Wed Oct 22, 2025 at 17:56:06'
'before_alignment_3_5.jpg';'JHAMAB00020-16_68f8fcba5960472ae0ec9e81_0_228_2025-10-22_21-53-40/captures/before_alignment_3_5.jpg';1;'Wed Oct 22, 2025 at 17:56:14';'Wed Oct 22, 2025 at 17:56:14'
'before_alignment_3_4.jpg';'JHAMAB00020-16_68f8fcba5960472ae0ec9e81_0_228_2025-10-22_21-53-40/captures/before_alignment_3_4.jpg';1;'Wed Oct 22, 2025 at 17:56:21';'Wed Oct 22, 2025 at 17:56:21'
'before_alignment_3_3.jpg';'JHAMAB00020-16_68f8fcba5960472ae0ec9e81_0_228_2025-10-22_21-53-40/captures/before_alignment_3_3.jpg';1;'Wed Oct 22, 2025 at 17:56:37';'Wed Oct 22, 2025 at 17:56:37'
'before_alignment_3_2.jpg';'JHAMAB00020-16_68f8fcba5960472ae0ec9e81_0_228_2025-10-22_21-53-40/captures/before_alignment_3_2.jpg';1;'Wed Oct 22, 2025 at 17:56:52';'Wed Oct 22, 2025 at 17:56:52'
'before_alignment_3_1.jpg';'JHAMAB00020-16_68f8fcba5960472ae0ec9e81_0_228_2025-10-22_21-53-40/captures/before_alignment_3_1.jpg';1;'Wed Oct 22, 2025 at 17:57:07';'Wed Oct 22, 2025 at 17:57:07'
'before_alignment_4_1.jpg';'JHAMAB00020-16_68f8fcba5960472ae0ec9e81_0_228_2025-10-22_21-53-40/captures/before_alignment_4_1.jpg';1;'Wed Oct 22, 2025 at 17:57:22';'Wed Oct 22, 2025 at 17:57:22'
'before_alignment_4_2.jpg';'JHAMAB00020-16_68f8fcba5960472ae0ec9e81_0_228_2025-10-22_21-53-40/captures/before_alignment_4_2.jpg';1;'Wed Oct 22, 2025 at 17:57:37';'Wed Oct 22, 2025 at 17:57:37'
'before_alignment_4_3.jpg';'JHAMAB00020-16_68f8fcba5960472ae0ec9e81_0_228_2025-10-22_21-53-40/captures/before_alignment_4_3.jpg';1;'Wed Oct 22, 2025 at 17:57:53';'Wed Oct 22, 2025 at 17:57:53'
'before_alignment_4_4.jpg';'JHAMAB00020-16_68f8fcba5960472ae0ec9e81_0_228_2025-10-22_21-53-40/captures/before_alignment_4_4.jpg';1;'Wed Oct 22, 2025 at 17:58:08';'Wed Oct 22, 2025 at 17:58:08'
'before_alignment_4_5.jpg';'JHAMAB00020-16_68f8fcba5960472ae0ec9e81_0_228_2025-10-22_21-53-40/captures/before_alignment_4_5.jpg';1;'Wed Oct 22, 2025 at 17:58:16';'Wed Oct 22, 2025 at 17:58:16'
'before_alignment_5_5.jpg';'JHAMAB00020-16_68f8fcba5960472ae0ec9e81_0_228_2025-10-22_21-53-40/captures/before_alignment_5_5.jpg';1;'Wed Oct 22, 2025 at 17:58:31';'Wed Oct 22, 2025 at 17:58:31'
'before_alignment_5_4.jpg';'JHAMAB00020-16_68f8fcba5960472ae0ec9e81_0_228_2025-10-22_21-53-40/captures/before_alignment_5_4.jpg';1;'Wed Oct 22, 2025 at 17:58:46';'Wed Oct 22, 2025 at 17:58:46'
'before_alignment_5_3.jpg';'JHAMAB00020-16_68f8fcba5960472ae0ec9e81_0_228_2025-10-22_21-53-40/captures/before_alignment_5_3.jpg';1;'Wed Oct 22, 2025 at 17:59:01';'Wed Oct 22, 2025 at 17:59:01'
'before_alignment_5_2.jpg';'JHAMAB00020-16_68f8fcba5960472ae0ec9e81_0_228_2025-10-22_21-53-40/captures/before_alignment_5_2.jpg';1;'Wed Oct 22, 2025 at 17:59:09';'Wed Oct 22, 2025 at 17:59:09'
'before_alignment_5_1.jpg';'JHAMAB00020-16_68f8fcba5960472ae0ec9e81_0_228_2025-10-22_21-53-40/captures/before_alignment_5_1.jpg';1;'Wed Oct 22, 2025 at 17:59:24';'Wed Oct 22, 2025 at 17:59:24'
'LMI_20251022_JHAMAB00020-16.csv';'JHAMAB00020-16_68f8fcba5960472ae0ec9e81_0_228_2025-10-22_21-53-40/data_files/LMI_20251022_JHAMAB00020-16.csv';1;'Wed Oct 22, 2025 at 17:59:31';'Wed Oct 22, 2025 at 17:59:31'
'before_alignment_1_5.jpg';'JHAMAB00019-01_68f5589c5c4e7db49fe46b82_0_229_2025-10-23_13-05-13/captures/before_alignment_1_5.jpg';1;'Thu Oct 23, 2025 at 09:05:50';'Thu Oct 23, 2025 at 09:05:50'
'before_alignment_1_4.jpg';'JHAMAB00019-01_68f5589c5c4e7db49fe46b82_0_229_2025-10-23_13-05-13/captures/before_alignment_1_4.jpg';1;'Thu Oct 23, 2025 at 09:06:10';'Thu Oct 23, 2025 at 09:06:10'
'after_alignment_1_3.jpg';'JHAMAB00019-01_68f5589c5c4e7db49fe46b82_0_229_2025-10-23_13-05-13/captures/after_alignment_1_3.jpg';1;'Thu Oct 23, 2025 at 09:06:17';'Thu Oct 23, 2025 at 09:06:17'
'after_alignment_1_2.jpg';'JHAMAB00019-01_68f5589c5c4e7db49fe46b82_0_229_2025-10-23_13-05-13/captures/after_alignment_1_2.jpg';1;'Thu Oct 23, 2025 at 09:06:34';'Thu Oct 23, 2025 at 09:06:34'
'after_alignment_1_1.jpg';'JHAMAB00019-01_68f5589c5c4e7db49fe46b82_0_229_2025-10-23_13-05-13/captures/after_alignment_1_1.jpg';1;'Thu Oct 23, 2025 at 09:06:50';'Thu Oct 23, 2025 at 09:06:50'
'after_alignment_2_1.jpg';'JHAMAB00019-01_68f5589c5c4e7db49fe46b82_0_229_2025-10-23_13-05-13/captures/after_alignment_2_1.jpg';1;'Thu Oct 23, 2025 at 09:07:06';'Thu Oct 23, 2025 at 09:07:06'
'after_alignment_2_2.jpg';'JHAMAB00019-01_68f5589c5c4e7db49fe46b82_0_229_2025-10-23_13-05-13/captures/after_alignment_2_2.jpg';1;'Thu Oct 23, 2025 at 09:07:22';'Thu Oct 23, 2025 at 09:07:22'
'after_alignment_2_3.jpg';'JHAMAB00019-01_68f5589c5c4e7db49fe46b82_0_229_2025-10-23_13-05-13/captures/after_alignment_2_3.jpg';1;'Thu Oct 23, 2025 at 09:07:38';'Thu Oct 23, 2025 at 09:07:38'
'after_alignment_2_4.jpg';'JHAMAB00019-01_68f5589c5c4e7db49fe46b82_0_229_2025-10-23_13-05-13/captures/after_alignment_2_4.jpg';1;'Thu Oct 23, 2025 at 09:07:54';'Thu Oct 23, 2025 at 09:07:54'
'after_alignment_2_5.jpg';'JHAMAB00019-01_68f5589c5c4e7db49fe46b82_0_229_2025-10-23_13-05-13/captures/after_alignment_2_5.jpg';1;'Thu Oct 23, 2025 at 09:08:14';'Thu Oct 23, 2025 at 09:08:14'
'after_alignment_3_5.jpg';'JHAMAB00019-01_68f5589c5c4e7db49fe46b82_0_229_2025-10-23_13-05-13/captures/after_alignment_3_5.jpg';1;'Thu Oct 23, 2025 at 09:08:29';'Thu Oct 23, 2025 at 09:08:29'
'after_alignment_3_4.jpg';'JHAMAB00019-01_68f5589c5c4e7db49fe46b82_0_229_2025-10-23_13-05-13/captures/after_alignment_3_4.jpg';1;'Thu Oct 23, 2025 at 09:08:47';'Thu Oct 23, 2025 at 09:08:47'
'after_alignment_3_3.jpg';'JHAMAB00019-01_68f5589c5c4e7db49fe46b82_0_229_2025-10-23_13-05-13/captures/after_alignment_3_3.jpg';1;'Thu Oct 23, 2025 at 09:09:02';'Thu Oct 23, 2025 at 09:09:02'
'after_alignment_3_2.jpg';'JHAMAB00019-01_68f5589c5c4e7db49fe46b82_0_229_2025-10-23_13-05-13/captures/after_alignment_3_2.jpg';1;'Thu Oct 23, 2025 at 09:09:17';'Thu Oct 23, 2025 at 09:09:17'
'before_alignment_4_1.jpg';'JHAMAB00019-01_68f5589c5c4e7db49fe46b82_0_229_2025-10-23_13-05-13/captures/before_alignment_4_1.jpg';1;'Thu Oct 23, 2025 at 09:10:05';'Thu Oct 23, 2025 at 09:10:05'
'after_alignment_4_2.jpg';'JHAMAB00019-01_68f5589c5c4e7db49fe46b82_0_229_2025-10-23_13-05-13/captures/after_alignment_4_2.jpg';1;'Thu Oct 23, 2025 at 09:10:12';'Thu Oct 23, 2025 at 09:10:12'
'after_alignment_4_3.jpg';'JHAMAB00019-01_68f5589c5c4e7db49fe46b82_0_229_2025-10-23_13-05-13/captures/after_alignment_4_3.jpg';1;'Thu Oct 23, 2025 at 09:10:28';'Thu Oct 23, 2025 at 09:10:28'
'after_alignment_4_4.jpg';'JHAMAB00019-01_68f5589c5c4e7db49fe46b82_0_229_2025-10-23_13-05-13/captures/after_alignment_4_4.jpg';1;'Thu Oct 23, 2025 at 09:10:44';'Thu Oct 23, 2025 at 09:10:44'
'before_alignment_5_5.jpg';'JHAMAB00019-01_68f5589c5c4e7db49fe46b82_0_229_2025-10-23_13-05-13/captures/before_alignment_5_5.jpg';1;'Thu Oct 23, 2025 at 09:11:31';'Thu Oct 23, 2025 at 09:11:31'
'after_alignment_5_4.jpg';'JHAMAB00019-01_68f5589c5c4e7db49fe46b82_0_229_2025-10-23_13-05-13/captures/after_alignment_5_4.jpg';1;'Thu Oct 23, 2025 at 09:11:38';'Thu Oct 23, 2025 at 09:11:38'
'after_alignment_5_3.jpg';'JHAMAB00019-01_68f5589c5c4e7db49fe46b82_0_229_2025-10-23_13-05-13/captures/after_alignment_5_3.jpg';1;'Thu Oct 23, 2025 at 09:11:55';'Thu Oct 23, 2025 at 09:11:55'
'after_alignment_5_2.jpg';'JHAMAB00019-01_68f5589c5c4e7db49fe46b82_0_229_2025-10-23_13-05-13/captures/after_alignment_5_2.jpg';1;'Thu Oct 23, 2025 at 09:12:11';'Thu Oct 23, 2025 at 09:12:11'
'after_alignment_5_1.jpg';'JHAMAB00019-01_68f5589c5c4e7db49fe46b82_0_229_2025-10-23_13-05-13/captures/after_alignment_5_1.jpg';1;'Thu Oct 23, 2025 at 09:12:27';'Thu Oct 23, 2025 at 09:12:27'
'before_alignment_1_5.jpg';'JHAMAB00019-01_68f5589c5c4e7db49fe46b82_0_230_2025-10-23_13-18-33/captures/before_alignment_1_5.jpg';1;'Thu Oct 23, 2025 at 09:19:06';'Thu Oct 23, 2025 at 09:19:06'
'before_alignment_1_4.jpg';'JHAMAB00019-01_68f5589c5c4e7db49fe46b82_0_230_2025-10-23_13-18-33/captures/before_alignment_1_4.jpg';1;'Thu Oct 23, 2025 at 09:19:14';'Thu Oct 23, 2025 at 09:19:14'
'before_alignment_1_3.jpg';'JHAMAB00019-01_68f5589c5c4e7db49fe46b82_0_230_2025-10-23_13-18-33/captures/before_alignment_1_3.jpg';1;'Thu Oct 23, 2025 at 09:19:31';'Thu Oct 23, 2025 at 09:19:31'
'before_alignment_1_2.jpg';'JHAMAB00019-01_68f5589c5c4e7db49fe46b82_0_230_2025-10-23_13-18-33/captures/before_alignment_1_2.jpg';1;'Thu Oct 23, 2025 at 09:19:47';'Thu Oct 23, 2025 at 09:19:47'
'before_alignment_1_1.jpg';'JHAMAB00019-01_68f5589c5c4e7db49fe46b82_0_230_2025-10-23_13-18-33/captures/before_alignment_1_1.jpg';1;'Thu Oct 23, 2025 at 09:20:03';'Thu Oct 23, 2025 at 09:20:03'
'before_alignment_2_1.jpg';'JHAMAB00019-01_68f5589c5c4e7db49fe46b82_0_230_2025-10-23_13-18-33/captures/before_alignment_2_1.jpg';1;'Thu Oct 23, 2025 at 09:20:19';'Thu Oct 23, 2025 at 09:20:19'
'before_alignment_2_2.jpg';'JHAMAB00019-01_68f5589c5c4e7db49fe46b82_0_230_2025-10-23_13-18-33/captures/before_alignment_2_2.jpg';1;'Thu Oct 23, 2025 at 09:20:35';'Thu Oct 23, 2025 at 09:20:35'
'before_alignment_2_3.jpg';'JHAMAB00019-01_68f5589c5c4e7db49fe46b82_0_230_2025-10-23_13-18-33/captures/before_alignment_2_3.jpg';1;'Thu Oct 23, 2025 at 09:20:51';'Thu Oct 23, 2025 at 09:20:51'
'before_alignment_2_4.jpg';'JHAMAB00019-01_68f5589c5c4e7db49fe46b82_0_230_2025-10-23_13-18-33/captures/before_alignment_2_4.jpg';1;'Thu Oct 23, 2025 at 09:21:07';'Thu Oct 23, 2025 at 09:21:07'
'before_alignment_2_5.jpg';'JHAMAB00019-01_68f5589c5c4e7db49fe46b82_0_230_2025-10-23_13-18-33/captures/before_alignment_2_5.jpg';1;'Thu Oct 23, 2025 at 09:21:22';'Thu Oct 23, 2025 at 09:21:22'
'before_alignment_3_5.jpg';'JHAMAB00019-01_68f5589c5c4e7db49fe46b82_0_230_2025-10-23_13-18-33/captures/before_alignment_3_5.jpg';1;'Thu Oct 23, 2025 at 09:21:38';'Thu Oct 23, 2025 at 09:21:38'
'before_alignment_3_4.jpg';'JHAMAB00019-01_68f5589c5c4e7db49fe46b82_0_230_2025-10-23_13-18-33/captures/before_alignment_3_4.jpg';1;'Thu Oct 23, 2025 at 09:21:54';'Thu Oct 23, 2025 at 09:21:54'
'before_alignment_3_3.jpg';'JHAMAB00019-01_68f5589c5c4e7db49fe46b82_0_230_2025-10-23_13-18-33/captures/before_alignment_3_3.jpg';1;'Thu Oct 23, 2025 at 09:22:10';'Thu Oct 23, 2025 at 09:22:10'
'before_alignment_3_2.jpg';'JHAMAB00019-01_68f5589c5c4e7db49fe46b82_0_230_2025-10-23_13-18-33/captures/before_alignment_3_2.jpg';1;'Thu Oct 23, 2025 at 09:22:26';'Thu Oct 23, 2025 at 09:22:26'
'before_alignment_3_1.jpg';'JHAMAB00019-01_68f5589c5c4e7db49fe46b82_0_230_2025-10-23_13-18-33/captures/before_alignment_3_1.jpg';1;'Thu Oct 23, 2025 at 09:22:42';'Thu Oct 23, 2025 at 09:22:42'
'before_alignment_4_1.jpg';'JHAMAB00019-01_68f5589c5c4e7db49fe46b82_0_230_2025-10-23_13-18-33/captures/before_alignment_4_1.jpg';1;'Thu Oct 23, 2025 at 09:22:58';'Thu Oct 23, 2025 at 09:22:58'
'before_alignment_4_2.jpg';'JHAMAB00019-01_68f5589c5c4e7db49fe46b82_0_230_2025-10-23_13-18-33/captures/before_alignment_4_2.jpg';1;'Thu Oct 23, 2025 at 09:23:14';'Thu Oct 23, 2025 at 09:23:14'
'before_alignment_4_3.jpg';'JHAMAB00019-01_68f5589c5c4e7db49fe46b82_0_230_2025-10-23_13-18-33/captures/before_alignment_4_3.jpg';1;'Thu Oct 23, 2025 at 09:23:41';'Thu Oct 23, 2025 at 09:23:41'
'after_alignment_4_4.jpg';'JHAMAB00019-01_68f5589c5c4e7db49fe46b82_0_230_2025-10-23_13-18-33/captures/after_alignment_4_4.jpg';1;'Thu Oct 23, 2025 at 09:23:49';'Thu Oct 23, 2025 at 09:23:49'
'after_alignment_4_5.jpg';'JHAMAB00019-01_68f5589c5c4e7db49fe46b82_0_230_2025-10-23_13-18-33/captures/after_alignment_4_5.jpg';1;'Thu Oct 23, 2025 at 09:24:05';'Thu Oct 23, 2025 at 09:24:05'
'after_alignment_5_5.jpg';'JHAMAB00019-01_68f5589c5c4e7db49fe46b82_0_230_2025-10-23_13-18-33/captures/after_alignment_5_5.jpg';1;'Thu Oct 23, 2025 at 09:24:21';'Thu Oct 23, 2025 at 09:24:21'
'after_alignment_5_4.jpg';'JHAMAB00019-01_68f5589c5c4e7db49fe46b82_0_230_2025-10-23_13-18-33/captures/after_alignment_5_4.jpg';1;'Thu Oct 23, 2025 at 09:24:38';'Thu Oct 23, 2025 at 09:24:38'
'after_alignment_5_3.jpg';'JHAMAB00019-01_68f5589c5c4e7db49fe46b82_0_230_2025-10-23_13-18-33/captures/after_alignment_5_3.jpg';1;'Thu Oct 23, 2025 at 09:24:54';'Thu Oct 23, 2025 at 09:24:54'
'after_alignment_5_2.jpg';'JHAMAB00019-01_68f5589c5c4e7db49fe46b82_0_230_2025-10-23_13-18-33/captures/after_alignment_5_2.jpg';1;'Thu Oct 23, 2025 at 09:25:10';'Thu Oct 23, 2025 at 09:25:10'
'after_alignment_5_1.jpg';'JHAMAB00019-01_68f5589c5c4e7db49fe46b82_0_230_2025-10-23_13-18-33/captures/after_alignment_5_1.jpg';1;'Thu Oct 23, 2025 at 09:25:26';'Thu Oct 23, 2025 at 09:25:26'
'before_alignment_1_5.jpg';'JHAMAB00020-01_68f558f43f23e15e4e99bf96_0_231_2025-10-23_13-32-58/captures/before_alignment_1_5.jpg';1;'Thu Oct 23, 2025 at 09:33:27';'Thu Oct 23, 2025 at 09:33:27'
'before_alignment_1_4.jpg';'JHAMAB00020-01_68f558f43f23e15e4e99bf96_0_231_2025-10-23_13-32-58/captures/before_alignment_1_4.jpg';1;'Thu Oct 23, 2025 at 09:33:39';'Thu Oct 23, 2025 at 09:33:39'
'before_alignment_1_3.jpg';'JHAMAB00020-01_68f558f43f23e15e4e99bf96_0_231_2025-10-23_13-32-58/captures/before_alignment_1_3.jpg';1;'Thu Oct 23, 2025 at 09:33:54';'Thu Oct 23, 2025 at 09:33:54'
'before_alignment_1_2.jpg';'JHAMAB00020-01_68f558f43f23e15e4e99bf96_0_231_2025-10-23_13-32-58/captures/before_alignment_1_2.jpg';1;'Thu Oct 23, 2025 at 09:34:11';'Thu Oct 23, 2025 at 09:34:11'
'before_alignment_1_1.jpg';'JHAMAB00020-01_68f558f43f23e15e4e99bf96_0_231_2025-10-23_13-32-58/captures/before_alignment_1_1.jpg';1;'Thu Oct 23, 2025 at 09:34:27';'Thu Oct 23, 2025 at 09:34:27'
'before_alignment_2_1.jpg';'JHAMAB00020-01_68f558f43f23e15e4e99bf96_0_231_2025-10-23_13-32-58/captures/before_alignment_2_1.jpg';1;'Thu Oct 23, 2025 at 09:34:43';'Thu Oct 23, 2025 at 09:34:43'
'before_alignment_2_2.jpg';'JHAMAB00020-01_68f558f43f23e15e4e99bf96_0_231_2025-10-23_13-32-58/captures/before_alignment_2_2.jpg';1;'Thu Oct 23, 2025 at 09:34:59';'Thu Oct 23, 2025 at 09:34:59'
'before_alignment_2_3.jpg';'JHAMAB00020-01_68f558f43f23e15e4e99bf96_0_231_2025-10-23_13-32-58/captures/before_alignment_2_3.jpg';1;'Thu Oct 23, 2025 at 09:35:15';'Thu Oct 23, 2025 at 09:35:15'
'before_alignment_2_4.jpg';'JHAMAB00020-01_68f558f43f23e15e4e99bf96_0_231_2025-10-23_13-32-58/captures/before_alignment_2_4.jpg';1;'Thu Oct 23, 2025 at 09:35:31';'Thu Oct 23, 2025 at 09:35:31'
'before_alignment_2_5.jpg';'JHAMAB00020-01_68f558f43f23e15e4e99bf96_0_231_2025-10-23_13-32-58/captures/before_alignment_2_5.jpg';1;'Thu Oct 23, 2025 at 09:35:47';'Thu Oct 23, 2025 at 09:35:47'
'before_alignment_3_5.jpg';'JHAMAB00020-01_68f558f43f23e15e4e99bf96_0_231_2025-10-23_13-32-58/captures/before_alignment_3_5.jpg';1;'Thu Oct 23, 2025 at 09:36:15';'Thu Oct 23, 2025 at 09:36:15'
'after_alignment_3_4.jpg';'JHAMAB00020-01_68f558f43f23e15e4e99bf96_0_231_2025-10-23_13-32-58/captures/after_alignment_3_4.jpg';1;'Thu Oct 23, 2025 at 09:36:22';'Thu Oct 23, 2025 at 09:36:22'
'after_alignment_3_3.jpg';'JHAMAB00020-01_68f558f43f23e15e4e99bf96_0_231_2025-10-23_13-32-58/captures/after_alignment_3_3.jpg';1;'Thu Oct 23, 2025 at 09:36:46';'Thu Oct 23, 2025 at 09:36:46'
'after_alignment_3_2.jpg';'JHAMAB00020-01_68f558f43f23e15e4e99bf96_0_231_2025-10-23_13-32-58/captures/after_alignment_3_2.jpg';1;'Thu Oct 23, 2025 at 09:37:02';'Thu Oct 23, 2025 at 09:37:02'
'after_alignment_3_1.jpg';'JHAMAB00020-01_68f558f43f23e15e4e99bf96_0_231_2025-10-23_13-32-58/captures/after_alignment_3_1.jpg';1;'Thu Oct 23, 2025 at 09:37:17';'Thu Oct 23, 2025 at 09:37:17'
'after_alignment_4_1.jpg';'JHAMAB00020-01_68f558f43f23e15e4e99bf96_0_231_2025-10-23_13-32-58/captures/after_alignment_4_1.jpg';1;'Thu Oct 23, 2025 at 09:37:33';'Thu Oct 23, 2025 at 09:37:33'
'after_alignment_4_2.jpg';'JHAMAB00020-01_68f558f43f23e15e4e99bf96_0_231_2025-10-23_13-32-58/captures/after_alignment_4_2.jpg';1;'Thu Oct 23, 2025 at 09:37:50';'Thu Oct 23, 2025 at 09:37:50'
'before_alignment_4_4.jpg';'JHAMAB00020-01_68f558f43f23e15e4e99bf96_0_231_2025-10-23_13-32-58/captures/before_alignment_4_4.jpg';1;'Thu Oct 23, 2025 at 09:38:37';'Thu Oct 23, 2025 at 09:38:37'
'before_alignment_5_5.jpg';'JHAMAB00020-01_68f558f43f23e15e4e99bf96_0_231_2025-10-23_13-32-58/captures/before_alignment_5_5.jpg';1;'Thu Oct 23, 2025 at 09:39:15';'Thu Oct 23, 2025 at 09:39:15'
'before_alignment_5_3.jpg';'JHAMAB00020-01_68f558f43f23e15e4e99bf96_0_231_2025-10-23_13-32-58/captures/before_alignment_5_3.jpg';1;'Thu Oct 23, 2025 at 09:39:54';'Thu Oct 23, 2025 at 09:39:54'
'after_alignment_5_2.jpg';'JHAMAB00020-01_68f558f43f23e15e4e99bf96_0_231_2025-10-23_13-32-58/captures/after_alignment_5_2.jpg';1;'Thu Oct 23, 2025 at 09:40:01';'Thu Oct 23, 2025 at 09:40:01'
'after_alignment_5_1.jpg';'JHAMAB00020-01_68f558f43f23e15e4e99bf96_0_231_2025-10-23_13-32-58/captures/after_alignment_5_1.jpg';1;'Thu Oct 23, 2025 at 09:40:17';'Thu Oct 23, 2025 at 09:40:17'
'before_alignment_1_5.jpg';'JHAMAB00019-01_68f5589c5c4e7db49fe46b82_0_232_2025-10-23_13-47-05/captures/before_alignment_1_5.jpg';1;'Thu Oct 23, 2025 at 09:47:35';'Thu Oct 23, 2025 at 09:47:35'
'before_alignment_1_4.jpg';'JHAMAB00019-01_68f5589c5c4e7db49fe46b82_0_232_2025-10-23_13-47-05/captures/before_alignment_1_4.jpg';1;'Thu Oct 23, 2025 at 09:47:47';'Thu Oct 23, 2025 at 09:47:47'
'before_alignment_1_3.jpg';'JHAMAB00019-01_68f5589c5c4e7db49fe46b82_0_232_2025-10-23_13-47-05/captures/before_alignment_1_3.jpg';1;'Thu Oct 23, 2025 at 09:48:03';'Thu Oct 23, 2025 at 09:48:03'
'before_alignment_1_2.jpg';'JHAMAB00019-01_68f5589c5c4e7db49fe46b82_0_232_2025-10-23_13-47-05/captures/before_alignment_1_2.jpg';1;'Thu Oct 23, 2025 at 09:48:19';'Thu Oct 23, 2025 at 09:48:19'
'before_alignment_1_1.jpg';'JHAMAB00019-01_68f5589c5c4e7db49fe46b82_0_232_2025-10-23_13-47-05/captures/before_alignment_1_1.jpg';1;'Thu Oct 23, 2025 at 09:48:35';'Thu Oct 23, 2025 at 09:48:35'
'before_alignment_2_1.jpg';'JHAMAB00019-01_68f5589c5c4e7db49fe46b82_0_232_2025-10-23_13-47-05/captures/before_alignment_2_1.jpg';1;'Thu Oct 23, 2025 at 09:48:51';'Thu Oct 23, 2025 at 09:48:51'
'before_alignment_2_2.jpg';'JHAMAB00019-01_68f5589c5c4e7db49fe46b82_0_232_2025-10-23_13-47-05/captures/before_alignment_2_2.jpg';1;'Thu Oct 23, 2025 at 09:49:07';'Thu Oct 23, 2025 at 09:49:07'
'before_alignment_2_3.jpg';'JHAMAB00019-01_68f5589c5c4e7db49fe46b82_0_232_2025-10-23_13-47-05/captures/before_alignment_2_3.jpg';1;'Thu Oct 23, 2025 at 09:49:23';'Thu Oct 23, 2025 at 09:49:23'
'before_alignment_2_4.jpg';'JHAMAB00019-01_68f5589c5c4e7db49fe46b82_0_232_2025-10-23_13-47-05/captures/before_alignment_2_4.jpg';1;'Thu Oct 23, 2025 at 09:49:40';'Thu Oct 23, 2025 at 09:49:40'
'before_alignment_2_5.jpg';'JHAMAB00019-01_68f5589c5c4e7db49fe46b82_0_232_2025-10-23_13-47-05/captures/before_alignment_2_5.jpg';1;'Thu Oct 23, 2025 at 09:49:56';'Thu Oct 23, 2025 at 09:49:56'
'before_alignment_3_5.jpg';'JHAMAB00019-01_68f5589c5c4e7db49fe46b82_0_232_2025-10-23_13-47-05/captures/before_alignment_3_5.jpg';1;'Thu Oct 23, 2025 at 09:50:12';'Thu Oct 23, 2025 at 09:50:12'
'before_alignment_3_4.jpg';'JHAMAB00019-01_68f5589c5c4e7db49fe46b82_0_232_2025-10-23_13-47-05/captures/before_alignment_3_4.jpg';1;'Thu Oct 23, 2025 at 09:50:28';'Thu Oct 23, 2025 at 09:50:28'
'before_alignment_3_3.jpg';'JHAMAB00019-01_68f5589c5c4e7db49fe46b82_0_232_2025-10-23_13-47-05/captures/before_alignment_3_3.jpg';1;'Thu Oct 23, 2025 at 09:50:44';'Thu Oct 23, 2025 at 09:50:44'
'before_alignment_3_2.jpg';'JHAMAB00019-01_68f5589c5c4e7db49fe46b82_0_232_2025-10-23_13-47-05/captures/before_alignment_3_2.jpg';1;'Thu Oct 23, 2025 at 09:51:00';'Thu Oct 23, 2025 at 09:51:00'
'before_alignment_3_1.jpg';'JHAMAB00019-01_68f5589c5c4e7db49fe46b82_0_232_2025-10-23_13-47-05/captures/before_alignment_3_1.jpg';1;'Thu Oct 23, 2025 at 09:51:16';'Thu Oct 23, 2025 at 09:51:16'
'before_alignment_4_1.jpg';'JHAMAB00019-01_68f5589c5c4e7db49fe46b82_0_232_2025-10-23_13-47-05/captures/before_alignment_4_1.jpg';1;'Thu Oct 23, 2025 at 09:51:32';'Thu Oct 23, 2025 at 09:51:32'
'before_alignment_4_2.jpg';'JHAMAB00019-01_68f5589c5c4e7db49fe46b82_0_232_2025-10-23_13-47-05/captures/before_alignment_4_2.jpg';1;'Thu Oct 23, 2025 at 09:51:47';'Thu Oct 23, 2025 at 09:51:47'
'before_alignment_4_3.jpg';'JHAMAB00019-01_68f5589c5c4e7db49fe46b82_0_232_2025-10-23_13-47-05/captures/before_alignment_4_3.jpg';1;'Thu Oct 23, 2025 at 09:52:16';'Thu Oct 23, 2025 at 09:52:16'
'after_alignment_4_4.jpg';'JHAMAB00019-01_68f5589c5c4e7db49fe46b82_0_232_2025-10-23_13-47-05/captures/after_alignment_4_4.jpg';1;'Thu Oct 23, 2025 at 09:52:23';'Thu Oct 23, 2025 at 09:52:23'
'after_alignment_4_5.jpg';'JHAMAB00019-01_68f5589c5c4e7db49fe46b82_0_232_2025-10-23_13-47-05/captures/after_alignment_4_5.jpg';1;'Thu Oct 23, 2025 at 09:52:39';'Thu Oct 23, 2025 at 09:52:39'
'after_alignment_5_5.jpg';'JHAMAB00019-01_68f5589c5c4e7db49fe46b82_0_232_2025-10-23_13-47-05/captures/after_alignment_5_5.jpg';1;'Thu Oct 23, 2025 at 09:52:55';'Thu Oct 23, 2025 at 09:52:55'
'after_alignment_5_4.jpg';'JHAMAB00019-01_68f5589c5c4e7db49fe46b82_0_232_2025-10-23_13-47-05/captures/after_alignment_5_4.jpg';1;'Thu Oct 23, 2025 at 09:53:11';'Thu Oct 23, 2025 at 09:53:11'
'after_alignment_5_3.jpg';'JHAMAB00019-01_68f5589c5c4e7db49fe46b82_0_232_2025-10-23_13-47-05/captures/after_alignment_5_3.jpg';1;'Thu Oct 23, 2025 at 09:53:27';'Thu Oct 23, 2025 at 09:53:27'
'after_alignment_5_2.jpg';'JHAMAB00019-01_68f5589c5c4e7db49fe46b82_0_232_2025-10-23_13-47-05/captures/after_alignment_5_2.jpg';1;'Thu Oct 23, 2025 at 09:53:43';'Thu Oct 23, 2025 at 09:53:43'
'after_alignment_5_1.jpg';'JHAMAB00019-01_68f5589c5c4e7db49fe46b82_0_232_2025-10-23_13-47-05/captures/after_alignment_5_1.jpg';1;'Thu Oct 23, 2025 at 09:53:59';'Thu Oct 23, 2025 at 09:53:59'
'before_alignment_1_5.jpg';'JHAMAB00019-02_68f5589c5c4e7db49fe46b83_0_233_2025-10-23_14-00-12/captures/before_alignment_1_5.jpg';1;'Thu Oct 23, 2025 at 10:00:38';'Thu Oct 23, 2025 at 10:00:38'
'before_alignment_1_4.jpg';'JHAMAB00019-02_68f5589c5c4e7db49fe46b83_0_233_2025-10-23_14-00-12/captures/before_alignment_1_4.jpg';1;'Thu Oct 23, 2025 at 10:00:54';'Thu Oct 23, 2025 at 10:00:54'
'before_alignment_1_3.jpg';'JHAMAB00019-02_68f5589c5c4e7db49fe46b83_0_233_2025-10-23_14-00-12/captures/before_alignment_1_3.jpg';1;'Thu Oct 23, 2025 at 10:01:09';'Thu Oct 23, 2025 at 10:01:09'
'before_alignment_1_2.jpg';'JHAMAB00019-02_68f5589c5c4e7db49fe46b83_0_233_2025-10-23_14-00-12/captures/before_alignment_1_2.jpg';1;'Thu Oct 23, 2025 at 10:01:26';'Thu Oct 23, 2025 at 10:01:26'
'before_alignment_1_1.jpg';'JHAMAB00019-02_68f5589c5c4e7db49fe46b83_0_233_2025-10-23_14-00-12/captures/before_alignment_1_1.jpg';1;'Thu Oct 23, 2025 at 10:01:42';'Thu Oct 23, 2025 at 10:01:42'
'before_alignment_2_1.jpg';'JHAMAB00019-02_68f5589c5c4e7db49fe46b83_0_233_2025-10-23_14-00-12/captures/before_alignment_2_1.jpg';1;'Thu Oct 23, 2025 at 10:01:58';'Thu Oct 23, 2025 at 10:01:58'
'before_alignment_2_2.jpg';'JHAMAB00019-02_68f5589c5c4e7db49fe46b83_0_233_2025-10-23_14-00-12/captures/before_alignment_2_2.jpg';1;'Thu Oct 23, 2025 at 10:02:14';'Thu Oct 23, 2025 at 10:02:14'
'before_alignment_2_3.jpg';'JHAMAB00019-02_68f5589c5c4e7db49fe46b83_0_233_2025-10-23_14-00-12/captures/before_alignment_2_3.jpg';1;'Thu Oct 23, 2025 at 10:02:30';'Thu Oct 23, 2025 at 10:02:30'
'before_alignment_2_4.jpg';'JHAMAB00019-02_68f5589c5c4e7db49fe46b83_0_233_2025-10-23_14-00-12/captures/before_alignment_2_4.jpg';1;'Thu Oct 23, 2025 at 10:02:50';'Thu Oct 23, 2025 at 10:02:50'
'before_alignment_2_5.jpg';'JHAMAB00019-02_68f5589c5c4e7db49fe46b83_0_233_2025-10-23_14-00-12/captures/before_alignment_2_5.jpg';1;'Thu Oct 23, 2025 at 10:03:06';'Thu Oct 23, 2025 at 10:03:06'
'before_alignment_3_5.jpg';'JHAMAB00019-02_68f5589c5c4e7db49fe46b83_0_233_2025-10-23_14-00-12/captures/before_alignment_3_5.jpg';1;'Thu Oct 23, 2025 at 10:03:22';'Thu Oct 23, 2025 at 10:03:22'
'before_alignment_3_4.jpg';'JHAMAB00019-02_68f5589c5c4e7db49fe46b83_0_233_2025-10-23_14-00-12/captures/before_alignment_3_4.jpg';1;'Thu Oct 23, 2025 at 10:03:49';'Thu Oct 23, 2025 at 10:03:49'
'after_alignment_3_3.jpg';'JHAMAB00019-02_68f5589c5c4e7db49fe46b83_0_233_2025-10-23_14-00-12/captures/after_alignment_3_3.jpg';1;'Thu Oct 23, 2025 at 10:03:57';'Thu Oct 23, 2025 at 10:03:57'
'after_alignment_3_2.jpg';'JHAMAB00019-02_68f5589c5c4e7db49fe46b83_0_233_2025-10-23_14-00-12/captures/after_alignment_3_2.jpg';1;'Thu Oct 23, 2025 at 10:04:14';'Thu Oct 23, 2025 at 10:04:14'
'after_alignment_3_1.jpg';'JHAMAB00019-02_68f5589c5c4e7db49fe46b83_0_233_2025-10-23_14-00-12/captures/after_alignment_3_1.jpg';1;'Thu Oct 23, 2025 at 10:04:29';'Thu Oct 23, 2025 at 10:04:29'
'before_alignment_4_2.jpg';'JHAMAB00019-02_68f5589c5c4e7db49fe46b83_0_233_2025-10-23_14-00-12/captures/before_alignment_4_2.jpg';1;'Thu Oct 23, 2025 at 10:05:05';'Thu Oct 23, 2025 at 10:05:05'
'before_alignment_4_3.jpg';'JHAMAB00019-02_68f5589c5c4e7db49fe46b83_0_233_2025-10-23_14-00-12/captures/before_alignment_4_3.jpg';1;'Thu Oct 23, 2025 at 10:05:21';'Thu Oct 23, 2025 at 10:05:21'
'before_alignment_4_4.jpg';'JHAMAB00019-02_68f5589c5c4e7db49fe46b83_0_233_2025-10-23_14-00-12/captures/before_alignment_4_4.jpg';1;'Thu Oct 23, 2025 at 10:05:37';'Thu Oct 23, 2025 at 10:05:37'
'before_alignment_4_5.jpg';'JHAMAB00019-02_68f5589c5c4e7db49fe46b83_0_233_2025-10-23_14-00-12/captures/before_alignment_4_5.jpg';1;'Thu Oct 23, 2025 at 10:05:53';'Thu Oct 23, 2025 at 10:05:53'
'before_alignment_5_5.jpg';'JHAMAB00019-02_68f5589c5c4e7db49fe46b83_0_233_2025-10-23_14-00-12/captures/before_alignment_5_5.jpg';1;'Thu Oct 23, 2025 at 10:06:11';'Thu Oct 23, 2025 at 10:06:11'
'before_alignment_5_4.jpg';'JHAMAB00019-02_68f5589c5c4e7db49fe46b83_0_233_2025-10-23_14-00-12/captures/before_alignment_5_4.jpg';1;'Thu Oct 23, 2025 at 10:06:27';'Thu Oct 23, 2025 at 10:06:27'
'before_alignment_5_3.jpg';'JHAMAB00019-02_68f5589c5c4e7db49fe46b83_0_233_2025-10-23_14-00-12/captures/before_alignment_5_3.jpg';1;'Thu Oct 23, 2025 at 10:06:54';'Thu Oct 23, 2025 at 10:06:54'
'after_alignment_5_2.jpg';'JHAMAB00019-02_68f5589c5c4e7db49fe46b83_0_233_2025-10-23_14-00-12/captures/after_alignment_5_2.jpg';1;'Thu Oct 23, 2025 at 10:07:02';'Thu Oct 23, 2025 at 10:07:02'
'after_alignment_5_1.jpg';'JHAMAB00019-02_68f5589c5c4e7db49fe46b83_0_233_2025-10-23_14-00-12/captures/after_alignment_5_1.jpg';1;'Thu Oct 23, 2025 at 10:07:19';'Thu Oct 23, 2025 at 10:07:19'
'before_alignment_1_5.jpg';'JHAMAB00019-03_68f5589c5c4e7db49fe46b84_0_234_2025-10-23_14-13-25/captures/before_alignment_1_5.jpg';1;'Thu Oct 23, 2025 at 10:13:57';'Thu Oct 23, 2025 at 10:13:57'
'before_alignment_1_4.jpg';'JHAMAB00019-03_68f5589c5c4e7db49fe46b84_0_234_2025-10-23_14-13-25/captures/before_alignment_1_4.jpg';1;'Thu Oct 23, 2025 at 10:14:07';'Thu Oct 23, 2025 at 10:14:07'
'before_alignment_1_3.jpg';'JHAMAB00019-03_68f5589c5c4e7db49fe46b84_0_234_2025-10-23_14-13-25/captures/before_alignment_1_3.jpg';1;'Thu Oct 23, 2025 at 10:14:24';'Thu Oct 23, 2025 at 10:14:24'
'before_alignment_1_2.jpg';'JHAMAB00019-03_68f5589c5c4e7db49fe46b84_0_234_2025-10-23_14-13-25/captures/before_alignment_1_2.jpg';1;'Thu Oct 23, 2025 at 10:14:40';'Thu Oct 23, 2025 at 10:14:40'
'before_alignment_1_1.jpg';'JHAMAB00019-03_68f5589c5c4e7db49fe46b84_0_234_2025-10-23_14-13-25/captures/before_alignment_1_1.jpg';1;'Thu Oct 23, 2025 at 10:14:56';'Thu Oct 23, 2025 at 10:14:56'
'before_alignment_2_1.jpg';'JHAMAB00019-03_68f5589c5c4e7db49fe46b84_0_234_2025-10-23_14-13-25/captures/before_alignment_2_1.jpg';1;'Thu Oct 23, 2025 at 10:15:12';'Thu Oct 23, 2025 at 10:15:12'
'before_alignment_2_2.jpg';'JHAMAB00019-03_68f5589c5c4e7db49fe46b84_0_234_2025-10-23_14-13-25/captures/before_alignment_2_2.jpg';1;'Thu Oct 23, 2025 at 10:15:28';'Thu Oct 23, 2025 at 10:15:28'
'before_alignment_2_3.jpg';'JHAMAB00019-03_68f5589c5c4e7db49fe46b84_0_234_2025-10-23_14-13-25/captures/before_alignment_2_3.jpg';1;'Thu Oct 23, 2025 at 10:15:44';'Thu Oct 23, 2025 at 10:15:44'
'before_alignment_2_4.jpg';'JHAMAB00019-03_68f5589c5c4e7db49fe46b84_0_234_2025-10-23_14-13-25/captures/before_alignment_2_4.jpg';1;'Thu Oct 23, 2025 at 10:16:00';'Thu Oct 23, 2025 at 10:16:00'
'before_alignment_2_5.jpg';'JHAMAB00019-03_68f5589c5c4e7db49fe46b84_0_234_2025-10-23_14-13-25/captures/before_alignment_2_5.jpg';1;'Thu Oct 23, 2025 at 10:16:17';'Thu Oct 23, 2025 at 10:16:17'
'before_alignment_3_5.jpg';'JHAMAB00019-03_68f5589c5c4e7db49fe46b84_0_234_2025-10-23_14-13-25/captures/before_alignment_3_5.jpg';1;'Thu Oct 23, 2025 at 10:16:32';'Thu Oct 23, 2025 at 10:16:32'
'before_alignment_3_4.jpg';'JHAMAB00019-03_68f5589c5c4e7db49fe46b84_0_234_2025-10-23_14-13-25/captures/before_alignment_3_4.jpg';1;'Thu Oct 23, 2025 at 10:16:48';'Thu Oct 23, 2025 at 10:16:48'
'before_alignment_3_3.jpg';'JHAMAB00019-03_68f5589c5c4e7db49fe46b84_0_234_2025-10-23_14-13-25/captures/before_alignment_3_3.jpg';1;'Thu Oct 23, 2025 at 10:17:05';'Thu Oct 23, 2025 at 10:17:05'
'before_alignment_3_2.jpg';'JHAMAB00019-03_68f5589c5c4e7db49fe46b84_0_234_2025-10-23_14-13-25/captures/before_alignment_3_2.jpg';1;'Thu Oct 23, 2025 at 10:17:21';'Thu Oct 23, 2025 at 10:17:21'
'before_alignment_3_1.jpg';'JHAMAB00019-03_68f5589c5c4e7db49fe46b84_0_234_2025-10-23_14-13-25/captures/before_alignment_3_1.jpg';1;'Thu Oct 23, 2025 at 10:17:37';'Thu Oct 23, 2025 at 10:17:37'
'before_alignment_4_1.jpg';'JHAMAB00019-03_68f5589c5c4e7db49fe46b84_0_234_2025-10-23_14-13-25/captures/before_alignment_4_1.jpg';1;'Thu Oct 23, 2025 at 10:17:56';'Thu Oct 23, 2025 at 10:17:56'
'before_alignment_4_2.jpg';'JHAMAB00019-03_68f5589c5c4e7db49fe46b84_0_234_2025-10-23_14-13-25/captures/before_alignment_4_2.jpg';1;'Thu Oct 23, 2025 at 10:18:11';'Thu Oct 23, 2025 at 10:18:11'
'before_alignment_4_3.jpg';'JHAMAB00019-03_68f5589c5c4e7db49fe46b84_0_234_2025-10-23_14-13-25/captures/before_alignment_4_3.jpg';1;'Thu Oct 23, 2025 at 10:18:28';'Thu Oct 23, 2025 at 10:18:28'
'before_alignment_4_4.jpg';'JHAMAB00019-03_68f5589c5c4e7db49fe46b84_0_234_2025-10-23_14-13-25/captures/before_alignment_4_4.jpg';1;'Thu Oct 23, 2025 at 10:18:44';'Thu Oct 23, 2025 at 10:18:44'
'before_alignment_4_5.jpg';'JHAMAB00019-03_68f5589c5c4e7db49fe46b84_0_234_2025-10-23_14-13-25/captures/before_alignment_4_5.jpg';1;'Thu Oct 23, 2025 at 10:18:59';'Thu Oct 23, 2025 at 10:18:59'
'before_alignment_5_5.jpg';'JHAMAB00019-03_68f5589c5c4e7db49fe46b84_0_234_2025-10-23_14-13-25/captures/before_alignment_5_5.jpg';1;'Thu Oct 23, 2025 at 10:19:15';'Thu Oct 23, 2025 at 10:19:15'
'before_alignment_5_4.jpg';'JHAMAB00019-03_68f5589c5c4e7db49fe46b84_0_234_2025-10-23_14-13-25/captures/before_alignment_5_4.jpg';1;'Thu Oct 23, 2025 at 10:19:29';'Thu Oct 23, 2025 at 10:19:29'
'before_alignment_5_3.jpg';'JHAMAB00019-03_68f5589c5c4e7db49fe46b84_0_234_2025-10-23_14-13-25/captures/before_alignment_5_3.jpg';1;'Thu Oct 23, 2025 at 10:19:45';'Thu Oct 23, 2025 at 10:19:45'
'before_alignment_5_2.jpg';'JHAMAB00019-03_68f5589c5c4e7db49fe46b84_0_234_2025-10-23_14-13-25/captures/before_alignment_5_2.jpg';1;'Thu Oct 23, 2025 at 10:20:00';'Thu Oct 23, 2025 at 10:20:00'
'before_alignment_5_1.jpg';'JHAMAB00019-03_68f5589c5c4e7db49fe46b84_0_234_2025-10-23_14-13-25/captures/before_alignment_5_1.jpg';1;'Thu Oct 23, 2025 at 10:20:15';'Thu Oct 23, 2025 at 10:20:15'
'LMI_20251023_JHAMAB00019-03.csv';'JHAMAB00019-03_68f5589c5c4e7db49fe46b84_0_234_2025-10-23_14-13-25/data_files/LMI_20251023_JHAMAB00019-03.csv';1;'Thu Oct 23, 2025 at 10:20:22';'Thu Oct 23, 2025 at 10:20:22'
'after_alignment_1_5.jpg';'JHAMAB00020-01_68f558f43f23e15e4e99bf96_0_235_2025-10-23_14-27-05/captures/after_alignment_1_5.jpg';1;'Thu Oct 23, 2025 at 10:27:32';'Thu Oct 23, 2025 at 10:27:32'
'after_alignment_1_4.jpg';'JHAMAB00020-01_68f558f43f23e15e4e99bf96_0_235_2025-10-23_14-27-05/captures/after_alignment_1_4.jpg';1;'Thu Oct 23, 2025 at 10:27:47';'Thu Oct 23, 2025 at 10:27:47'
'after_alignment_1_3.jpg';'JHAMAB00020-01_68f558f43f23e15e4e99bf96_0_235_2025-10-23_14-27-05/captures/after_alignment_1_3.jpg';1;'Thu Oct 23, 2025 at 10:28:02';'Thu Oct 23, 2025 at 10:28:02'
'after_alignment_1_2.jpg';'JHAMAB00020-01_68f558f43f23e15e4e99bf96_0_235_2025-10-23_14-27-05/captures/after_alignment_1_2.jpg';1;'Thu Oct 23, 2025 at 10:28:11';'Thu Oct 23, 2025 at 10:28:11'
'after_alignment_1_1.jpg';'JHAMAB00020-01_68f558f43f23e15e4e99bf96_0_235_2025-10-23_14-27-05/captures/after_alignment_1_1.jpg';1;'Thu Oct 23, 2025 at 10:28:26';'Thu Oct 23, 2025 at 10:28:26'
'after_alignment_2_1.jpg';'JHAMAB00020-01_68f558f43f23e15e4e99bf96_0_235_2025-10-23_14-27-05/captures/after_alignment_2_1.jpg';1;'Thu Oct 23, 2025 at 10:28:41';'Thu Oct 23, 2025 at 10:28:41'
'after_alignment_2_2.jpg';'JHAMAB00020-01_68f558f43f23e15e4e99bf96_0_235_2025-10-23_14-27-05/captures/after_alignment_2_2.jpg';1;'Thu Oct 23, 2025 at 10:28:56';'Thu Oct 23, 2025 at 10:28:56'
'after_alignment_2_3.jpg';'JHAMAB00020-01_68f558f43f23e15e4e99bf96_0_235_2025-10-23_14-27-05/captures/after_alignment_2_3.jpg';1;'Thu Oct 23, 2025 at 10:29:13';'Thu Oct 23, 2025 at 10:29:13'
'after_alignment_2_4.jpg';'JHAMAB00020-01_68f558f43f23e15e4e99bf96_0_235_2025-10-23_14-27-05/captures/after_alignment_2_4.jpg';1;'Thu Oct 23, 2025 at 10:29:31';'Thu Oct 23, 2025 at 10:29:31'
'after_alignment_2_5.jpg';'JHAMAB00020-01_68f558f43f23e15e4e99bf96_0_235_2025-10-23_14-27-05/captures/after_alignment_2_5.jpg';1;'Thu Oct 23, 2025 at 10:29:47';'Thu Oct 23, 2025 at 10:29:47'
'after_alignment_3_5.jpg';'JHAMAB00020-01_68f558f43f23e15e4e99bf96_0_235_2025-10-23_14-27-05/captures/after_alignment_3_5.jpg';1;'Thu Oct 23, 2025 at 10:30:02';'Thu Oct 23, 2025 at 10:30:02'
'after_alignment_3_4.jpg';'JHAMAB00020-01_68f558f43f23e15e4e99bf96_0_235_2025-10-23_14-27-05/captures/after_alignment_3_4.jpg';1;'Thu Oct 23, 2025 at 10:30:17';'Thu Oct 23, 2025 at 10:30:17'
'after_alignment_3_3.jpg';'JHAMAB00020-01_68f558f43f23e15e4e99bf96_0_235_2025-10-23_14-27-05/captures/after_alignment_3_3.jpg';1;'Thu Oct 23, 2025 at 10:30:32';'Thu Oct 23, 2025 at 10:30:32'
'after_alignment_3_2.jpg';'JHAMAB00020-01_68f558f43f23e15e4e99bf96_0_235_2025-10-23_14-27-05/captures/after_alignment_3_2.jpg';1;'Thu Oct 23, 2025 at 10:30:47';'Thu Oct 23, 2025 at 10:30:47'
'after_alignment_3_1.jpg';'JHAMAB00020-01_68f558f43f23e15e4e99bf96_0_235_2025-10-23_14-27-05/captures/after_alignment_3_1.jpg';1;'Thu Oct 23, 2025 at 10:31:03';'Thu Oct 23, 2025 at 10:31:03'
'after_alignment_4_1.jpg';'JHAMAB00020-01_68f558f43f23e15e4e99bf96_0_235_2025-10-23_14-27-05/captures/after_alignment_4_1.jpg';1;'Thu Oct 23, 2025 at 10:31:18';'Thu Oct 23, 2025 at 10:31:18'
'before_alignment_4_3.jpg';'JHAMAB00020-01_68f558f43f23e15e4e99bf96_0_235_2025-10-23_14-27-05/captures/before_alignment_4_3.jpg';1;'Thu Oct 23, 2025 at 10:31:52';'Thu Oct 23, 2025 at 10:31:52'
'before_alignment_4_4.jpg';'JHAMAB00020-01_68f558f43f23e15e4e99bf96_0_235_2025-10-23_14-27-05/captures/before_alignment_4_4.jpg';1;'Thu Oct 23, 2025 at 10:32:07';'Thu Oct 23, 2025 at 10:32:07'
'before_alignment_4_5.jpg';'JHAMAB00020-01_68f558f43f23e15e4e99bf96_0_235_2025-10-23_14-27-05/captures/before_alignment_4_5.jpg';1;'Thu Oct 23, 2025 at 10:32:23';'Thu Oct 23, 2025 at 10:32:23'
'before_alignment_5_5.jpg';'JHAMAB00020-01_68f558f43f23e15e4e99bf96_0_235_2025-10-23_14-27-05/captures/before_alignment_5_5.jpg';1;'Thu Oct 23, 2025 at 10:32:38';'Thu Oct 23, 2025 at 10:32:38'
'before_alignment_5_4.jpg';'JHAMAB00020-01_68f558f43f23e15e4e99bf96_0_235_2025-10-23_14-27-05/captures/before_alignment_5_4.jpg';1;'Thu Oct 23, 2025 at 10:32:54';'Thu Oct 23, 2025 at 10:32:54'
'before_alignment_5_3.jpg';'JHAMAB00020-01_68f558f43f23e15e4e99bf96_0_235_2025-10-23_14-27-05/captures/before_alignment_5_3.jpg';1;'Thu Oct 23, 2025 at 10:33:08';'Thu Oct 23, 2025 at 10:33:08'
'before_alignment_5_2.jpg';'JHAMAB00020-01_68f558f43f23e15e4e99bf96_0_235_2025-10-23_14-27-05/captures/before_alignment_5_2.jpg';1;'Thu Oct 23, 2025 at 10:33:24';'Thu Oct 23, 2025 at 10:33:24'
'before_alignment_5_1.jpg';'JHAMAB00020-01_68f558f43f23e15e4e99bf96_0_235_2025-10-23_14-27-05/captures/before_alignment_5_1.jpg';1;'Thu Oct 23, 2025 at 10:33:39';'Thu Oct 23, 2025 at 10:33:39'
'LMI_20251023_JHAMAB00020-01.csv';'JHAMAB00020-01_68f558f43f23e15e4e99bf96_0_235_2025-10-23_14-27-05/data_files/LMI_20251023_JHAMAB00020-01.csv';1;'Thu Oct 23, 2025 at 10:33:47';'Thu Oct 23, 2025 at 10:33:47'
'after_alignment_1_5.jpg';'JHAMAB00020-02_68f558f43f23e15e4e99bf97_0_236_2025-10-23_14-38-20/captures/after_alignment_1_5.jpg';1;'Thu Oct 23, 2025 at 10:38:54';'Thu Oct 23, 2025 at 10:38:54'
'after_alignment_1_4.jpg';'JHAMAB00020-02_68f558f43f23e15e4e99bf97_0_236_2025-10-23_14-38-20/captures/after_alignment_1_4.jpg';1;'Thu Oct 23, 2025 at 10:39:01';'Thu Oct 23, 2025 at 10:39:01'
'after_alignment_1_3.jpg';'JHAMAB00020-02_68f558f43f23e15e4e99bf97_0_236_2025-10-23_14-38-20/captures/after_alignment_1_3.jpg';1;'Thu Oct 23, 2025 at 10:39:16';'Thu Oct 23, 2025 at 10:39:16'
'after_alignment_1_2.jpg';'JHAMAB00020-02_68f558f43f23e15e4e99bf97_0_236_2025-10-23_14-38-20/captures/after_alignment_1_2.jpg';1;'Thu Oct 23, 2025 at 10:39:32';'Thu Oct 23, 2025 at 10:39:32'
'after_alignment_1_1.jpg';'JHAMAB00020-02_68f558f43f23e15e4e99bf97_0_236_2025-10-23_14-38-20/captures/after_alignment_1_1.jpg';1;'Thu Oct 23, 2025 at 10:39:47';'Thu Oct 23, 2025 at 10:39:47'
'after_alignment_2_1.jpg';'JHAMAB00020-02_68f558f43f23e15e4e99bf97_0_236_2025-10-23_14-38-20/captures/after_alignment_2_1.jpg';1;'Thu Oct 23, 2025 at 10:40:02';'Thu Oct 23, 2025 at 10:40:02'
'after_alignment_2_2.jpg';'JHAMAB00020-02_68f558f43f23e15e4e99bf97_0_236_2025-10-23_14-38-20/captures/after_alignment_2_2.jpg';1;'Thu Oct 23, 2025 at 10:40:18';'Thu Oct 23, 2025 at 10:40:18'
'after_alignment_2_3.jpg';'JHAMAB00020-02_68f558f43f23e15e4e99bf97_0_236_2025-10-23_14-38-20/captures/after_alignment_2_3.jpg';1;'Thu Oct 23, 2025 at 10:40:33';'Thu Oct 23, 2025 at 10:40:33'
'after_alignment_2_4.jpg';'JHAMAB00020-02_68f558f43f23e15e4e99bf97_0_236_2025-10-23_14-38-20/captures/after_alignment_2_4.jpg';1;'Thu Oct 23, 2025 at 10:40:48';'Thu Oct 23, 2025 at 10:40:48'
'after_alignment_2_5.jpg';'JHAMAB00020-02_68f558f43f23e15e4e99bf97_0_236_2025-10-23_14-38-20/captures/after_alignment_2_5.jpg';1;'Thu Oct 23, 2025 at 10:41:03';'Thu Oct 23, 2025 at 10:41:03'
'after_alignment_3_5.jpg';'JHAMAB00020-02_68f558f43f23e15e4e99bf97_0_236_2025-10-23_14-38-20/captures/after_alignment_3_5.jpg';1;'Thu Oct 23, 2025 at 10:41:18';'Thu Oct 23, 2025 at 10:41:18'
'after_alignment_3_4.jpg';'JHAMAB00020-02_68f558f43f23e15e4e99bf97_0_236_2025-10-23_14-38-20/captures/after_alignment_3_4.jpg';1;'Thu Oct 23, 2025 at 10:41:34';'Thu Oct 23, 2025 at 10:41:34'
'after_alignment_3_3.jpg';'JHAMAB00020-02_68f558f43f23e15e4e99bf97_0_236_2025-10-23_14-38-20/captures/after_alignment_3_3.jpg';1;'Thu Oct 23, 2025 at 10:41:49';'Thu Oct 23, 2025 at 10:41:49'
'after_alignment_3_2.jpg';'JHAMAB00020-02_68f558f43f23e15e4e99bf97_0_236_2025-10-23_14-38-20/captures/after_alignment_3_2.jpg';1;'Thu Oct 23, 2025 at 10:42:04';'Thu Oct 23, 2025 at 10:42:04'
'after_alignment_3_1.jpg';'JHAMAB00020-02_68f558f43f23e15e4e99bf97_0_236_2025-10-23_14-38-20/captures/after_alignment_3_1.jpg';1;'Thu Oct 23, 2025 at 10:42:20';'Thu Oct 23, 2025 at 10:42:20'
'after_alignment_4_1.jpg';'JHAMAB00020-02_68f558f43f23e15e4e99bf97_0_236_2025-10-23_14-38-20/captures/after_alignment_4_1.jpg';1;'Thu Oct 23, 2025 at 10:42:35';'Thu Oct 23, 2025 at 10:42:35'
'after_alignment_4_2.jpg';'JHAMAB00020-02_68f558f43f23e15e4e99bf97_0_236_2025-10-23_14-38-20/captures/after_alignment_4_2.jpg';1;'Thu Oct 23, 2025 at 10:42:51';'Thu Oct 23, 2025 at 10:42:51'
'after_alignment_4_3.jpg';'JHAMAB00020-02_68f558f43f23e15e4e99bf97_0_236_2025-10-23_14-38-20/captures/after_alignment_4_3.jpg';1;'Thu Oct 23, 2025 at 10:43:07';'Thu Oct 23, 2025 at 10:43:07'
'before_alignment_4_5.jpg';'JHAMAB00020-02_68f558f43f23e15e4e99bf97_0_236_2025-10-23_14-38-20/captures/before_alignment_4_5.jpg';1;'Thu Oct 23, 2025 at 10:43:41';'Thu Oct 23, 2025 at 10:43:41'
'before_alignment_5_5.jpg';'JHAMAB00020-02_68f558f43f23e15e4e99bf97_0_236_2025-10-23_14-38-20/captures/before_alignment_5_5.jpg';1;'Thu Oct 23, 2025 at 10:43:57';'Thu Oct 23, 2025 at 10:43:57'
'before_alignment_5_4.jpg';'JHAMAB00020-02_68f558f43f23e15e4e99bf97_0_236_2025-10-23_14-38-20/captures/before_alignment_5_4.jpg';1;'Thu Oct 23, 2025 at 10:44:13';'Thu Oct 23, 2025 at 10:44:13'
'before_alignment_5_3.jpg';'JHAMAB00020-02_68f558f43f23e15e4e99bf97_0_236_2025-10-23_14-38-20/captures/before_alignment_5_3.jpg';1;'Thu Oct 23, 2025 at 10:44:21';'Thu Oct 23, 2025 at 10:44:21'
'before_alignment_5_2.jpg';'JHAMAB00020-02_68f558f43f23e15e4e99bf97_0_236_2025-10-23_14-38-20/captures/before_alignment_5_2.jpg';1;'Thu Oct 23, 2025 at 10:44:37';'Thu Oct 23, 2025 at 10:44:37'
'before_alignment_5_1.jpg';'JHAMAB00020-02_68f558f43f23e15e4e99bf97_0_236_2025-10-23_14-38-20/captures/before_alignment_5_1.jpg';1;'Thu Oct 23, 2025 at 10:44:52';'Thu Oct 23, 2025 at 10:44:52'
'LMI_20251023_JHAMAB00020-02.csv';'JHAMAB00020-02_68f558f43f23e15e4e99bf97_0_236_2025-10-23_14-38-20/data_files/LMI_20251023_JHAMAB00020-02.csv';1;'Thu Oct 23, 2025 at 10:44:59';'Thu Oct 23, 2025 at 10:44:59'
'after_alignment_1_5.jpg';'JHAMAB00020-03_68f558f43f23e15e4e99bf98_0_237_2025-10-23_14-49-32/captures/after_alignment_1_5.jpg';1;'Thu Oct 23, 2025 at 10:50:07';'Thu Oct 23, 2025 at 10:50:07'
'after_alignment_1_4.jpg';'JHAMAB00020-03_68f558f43f23e15e4e99bf98_0_237_2025-10-23_14-49-32/captures/after_alignment_1_4.jpg';1;'Thu Oct 23, 2025 at 10:50:07';'Thu Oct 23, 2025 at 10:50:07'
'after_alignment_1_3.jpg';'JHAMAB00020-03_68f558f43f23e15e4e99bf98_0_237_2025-10-23_14-49-32/captures/after_alignment_1_3.jpg';1;'Thu Oct 23, 2025 at 10:50:22';'Thu Oct 23, 2025 at 10:50:22'
'after_alignment_1_2.jpg';'JHAMAB00020-03_68f558f43f23e15e4e99bf98_0_237_2025-10-23_14-49-32/captures/after_alignment_1_2.jpg';1;'Thu Oct 23, 2025 at 10:50:37';'Thu Oct 23, 2025 at 10:50:37'
'after_alignment_1_1.jpg';'JHAMAB00020-03_68f558f43f23e15e4e99bf98_0_237_2025-10-23_14-49-32/captures/after_alignment_1_1.jpg';1;'Thu Oct 23, 2025 at 10:50:52';'Thu Oct 23, 2025 at 10:50:52'
'after_alignment_2_1.jpg';'JHAMAB00020-03_68f558f43f23e15e4e99bf98_0_237_2025-10-23_14-49-32/captures/after_alignment_2_1.jpg';1;'Thu Oct 23, 2025 at 10:51:07';'Thu Oct 23, 2025 at 10:51:07'
'after_alignment_2_2.jpg';'JHAMAB00020-03_68f558f43f23e15e4e99bf98_0_237_2025-10-23_14-49-32/captures/after_alignment_2_2.jpg';1;'Thu Oct 23, 2025 at 10:51:22';'Thu Oct 23, 2025 at 10:51:22'
'after_alignment_2_3.jpg';'JHAMAB00020-03_68f558f43f23e15e4e99bf98_0_237_2025-10-23_14-49-32/captures/after_alignment_2_3.jpg';1;'Thu Oct 23, 2025 at 10:51:38';'Thu Oct 23, 2025 at 10:51:38'
'after_alignment_2_4.jpg';'JHAMAB00020-03_68f558f43f23e15e4e99bf98_0_237_2025-10-23_14-49-32/captures/after_alignment_2_4.jpg';1;'Thu Oct 23, 2025 at 10:51:53';'Thu Oct 23, 2025 at 10:51:53'
'after_alignment_2_5.jpg';'JHAMAB00020-03_68f558f43f23e15e4e99bf98_0_237_2025-10-23_14-49-32/captures/after_alignment_2_5.jpg';1;'Thu Oct 23, 2025 at 10:52:08';'Thu Oct 23, 2025 at 10:52:08'
'after_alignment_3_5.jpg';'JHAMAB00020-03_68f558f43f23e15e4e99bf98_0_237_2025-10-23_14-49-32/captures/after_alignment_3_5.jpg';1;'Thu Oct 23, 2025 at 10:52:24';'Thu Oct 23, 2025 at 10:52:24'
'after_alignment_3_4.jpg';'JHAMAB00020-03_68f558f43f23e15e4e99bf98_0_237_2025-10-23_14-49-32/captures/after_alignment_3_4.jpg';1;'Thu Oct 23, 2025 at 10:52:39';'Thu Oct 23, 2025 at 10:52:39'
'after_alignment_3_3.jpg';'JHAMAB00020-03_68f558f43f23e15e4e99bf98_0_237_2025-10-23_14-49-32/captures/after_alignment_3_3.jpg';1;'Thu Oct 23, 2025 at 10:52:46';'Thu Oct 23, 2025 at 10:52:46'
'after_alignment_3_2.jpg';'JHAMAB00020-03_68f558f43f23e15e4e99bf98_0_237_2025-10-23_14-49-32/captures/after_alignment_3_2.jpg';1;'Thu Oct 23, 2025 at 10:53:02';'Thu Oct 23, 2025 at 10:53:02'
'after_alignment_3_1.jpg';'JHAMAB00020-03_68f558f43f23e15e4e99bf98_0_237_2025-10-23_14-49-32/captures/after_alignment_3_1.jpg';1;'Thu Oct 23, 2025 at 10:53:17';'Thu Oct 23, 2025 at 10:53:17'
'after_alignment_4_1.jpg';'JHAMAB00020-03_68f558f43f23e15e4e99bf98_0_237_2025-10-23_14-49-32/captures/after_alignment_4_1.jpg';1;'Thu Oct 23, 2025 at 10:53:32';'Thu Oct 23, 2025 at 10:53:32'
'after_alignment_4_2.jpg';'JHAMAB00020-03_68f558f43f23e15e4e99bf98_0_237_2025-10-23_14-49-32/captures/after_alignment_4_2.jpg';1;'Thu Oct 23, 2025 at 10:53:47';'Thu Oct 23, 2025 at 10:53:47'
'after_alignment_4_3.jpg';'JHAMAB00020-03_68f558f43f23e15e4e99bf98_0_237_2025-10-23_14-49-32/captures/after_alignment_4_3.jpg';1;'Thu Oct 23, 2025 at 10:53:55';'Thu Oct 23, 2025 at 10:53:55'
'after_alignment_4_4.jpg';'JHAMAB00020-03_68f558f43f23e15e4e99bf98_0_237_2025-10-23_14-49-32/captures/after_alignment_4_4.jpg';1;'Thu Oct 23, 2025 at 10:54:10';'Thu Oct 23, 2025 at 10:54:10'
'after_alignment_4_5.jpg';'JHAMAB00020-03_68f558f43f23e15e4e99bf98_0_237_2025-10-23_14-49-32/captures/after_alignment_4_5.jpg';1;'Thu Oct 23, 2025 at 10:54:25';'Thu Oct 23, 2025 at 10:54:25'
'after_alignment_5_5.jpg';'JHAMAB00020-03_68f558f43f23e15e4e99bf98_0_237_2025-10-23_14-49-32/captures/after_alignment_5_5.jpg';1;'Thu Oct 23, 2025 at 10:54:41';'Thu Oct 23, 2025 at 10:54:41'
'after_alignment_5_4.jpg';'JHAMAB00020-03_68f558f43f23e15e4e99bf98_0_237_2025-10-23_14-49-32/captures/after_alignment_5_4.jpg';1;'Thu Oct 23, 2025 at 10:54:49';'Thu Oct 23, 2025 at 10:54:49'
'after_alignment_5_3.jpg';'JHAMAB00020-03_68f558f43f23e15e4e99bf98_0_237_2025-10-23_14-49-32/captures/after_alignment_5_3.jpg';1;'Thu Oct 23, 2025 at 10:55:04';'Thu Oct 23, 2025 at 10:55:04'
'after_alignment_5_2.jpg';'JHAMAB00020-03_68f558f43f23e15e4e99bf98_0_237_2025-10-23_14-49-32/captures/after_alignment_5_2.jpg';1;'Thu Oct 23, 2025 at 10:55:20';'Thu Oct 23, 2025 at 10:55:20'
'after_alignment_5_1.jpg';'JHAMAB00020-03_68f558f43f23e15e4e99bf98_0_237_2025-10-23_14-49-32/captures/after_alignment_5_1.jpg';1;'Thu Oct 23, 2025 at 10:55:35';'Thu Oct 23, 2025 at 10:55:35'
'LMI_20251023_JHAMAB00020-03.csv';'JHAMAB00020-03_68f558f43f23e15e4e99bf98_0_237_2025-10-23_14-49-32/data_files/LMI_20251023_JHAMAB00020-03.csv';1;'Thu Oct 23, 2025 at 10:59:33';'Thu Oct 23, 2025 at 10:59:33'
'after_alignment_1_5.jpg';'JHAMAB00021-01_68f5592a3f23e15e4e99bfb1_0_238_2025-10-23_15-02-25/captures/after_alignment_1_5.jpg';1;'Thu Oct 23, 2025 at 11:02:54';'Thu Oct 23, 2025 at 11:02:54'
'after_alignment_1_4.jpg';'JHAMAB00021-01_68f5592a3f23e15e4e99bfb1_0_238_2025-10-23_15-02-25/captures/after_alignment_1_4.jpg';1;'Thu Oct 23, 2025 at 11:03:06';'Thu Oct 23, 2025 at 11:03:06'
'after_alignment_1_3.jpg';'JHAMAB00021-01_68f5592a3f23e15e4e99bfb1_0_238_2025-10-23_15-02-25/captures/after_alignment_1_3.jpg';1;'Thu Oct 23, 2025 at 11:03:21';'Thu Oct 23, 2025 at 11:03:21'
'after_alignment_1_2.jpg';'JHAMAB00021-01_68f5592a3f23e15e4e99bfb1_0_238_2025-10-23_15-02-25/captures/after_alignment_1_2.jpg';1;'Thu Oct 23, 2025 at 11:03:38';'Thu Oct 23, 2025 at 11:03:38'
'after_alignment_1_1.jpg';'JHAMAB00021-01_68f5592a3f23e15e4e99bfb1_0_238_2025-10-23_15-02-25/captures/after_alignment_1_1.jpg';1;'Thu Oct 23, 2025 at 11:03:52';'Thu Oct 23, 2025 at 11:03:52'
'after_alignment_2_1.jpg';'JHAMAB00021-01_68f5592a3f23e15e4e99bfb1_0_238_2025-10-23_15-02-25/captures/after_alignment_2_1.jpg';1;'Thu Oct 23, 2025 at 11:04:08';'Thu Oct 23, 2025 at 11:04:08'
'after_alignment_2_2.jpg';'JHAMAB00021-01_68f5592a3f23e15e4e99bfb1_0_238_2025-10-23_15-02-25/captures/after_alignment_2_2.jpg';1;'Thu Oct 23, 2025 at 11:04:22';'Thu Oct 23, 2025 at 11:04:22'
'after_alignment_2_3.jpg';'JHAMAB00021-01_68f5592a3f23e15e4e99bfb1_0_238_2025-10-23_15-02-25/captures/after_alignment_2_3.jpg';1;'Thu Oct 23, 2025 at 11:04:39';'Thu Oct 23, 2025 at 11:04:39'
'after_alignment_2_4.jpg';'JHAMAB00021-01_68f5592a3f23e15e4e99bfb1_0_238_2025-10-23_15-02-25/captures/after_alignment_2_4.jpg';1;'Thu Oct 23, 2025 at 11:04:54';'Thu Oct 23, 2025 at 11:04:54'
'after_alignment_2_5.jpg';'JHAMAB00021-01_68f5592a3f23e15e4e99bfb1_0_238_2025-10-23_15-02-25/captures/after_alignment_2_5.jpg';1;'Thu Oct 23, 2025 at 11:05:09';'Thu Oct 23, 2025 at 11:05:09'
'after_alignment_3_5.jpg';'JHAMAB00021-01_68f5592a3f23e15e4e99bfb1_0_238_2025-10-23_15-02-25/captures/after_alignment_3_5.jpg';1;'Thu Oct 23, 2025 at 11:05:25';'Thu Oct 23, 2025 at 11:05:25'
'after_alignment_3_4.jpg';'JHAMAB00021-01_68f5592a3f23e15e4e99bfb1_0_238_2025-10-23_15-02-25/captures/after_alignment_3_4.jpg';1;'Thu Oct 23, 2025 at 11:05:40';'Thu Oct 23, 2025 at 11:05:40'
'after_alignment_3_3.jpg';'JHAMAB00021-01_68f5592a3f23e15e4e99bfb1_0_238_2025-10-23_15-02-25/captures/after_alignment_3_3.jpg';1;'Thu Oct 23, 2025 at 11:05:56';'Thu Oct 23, 2025 at 11:05:56'
'after_alignment_3_2.jpg';'JHAMAB00021-01_68f5592a3f23e15e4e99bfb1_0_238_2025-10-23_15-02-25/captures/after_alignment_3_2.jpg';1;'Thu Oct 23, 2025 at 11:06:11';'Thu Oct 23, 2025 at 11:06:11'
'after_alignment_3_1.jpg';'JHAMAB00021-01_68f5592a3f23e15e4e99bfb1_0_238_2025-10-23_15-02-25/captures/after_alignment_3_1.jpg';1;'Thu Oct 23, 2025 at 11:06:27';'Thu Oct 23, 2025 at 11:06:27'
'after_alignment_4_1.jpg';'JHAMAB00021-01_68f5592a3f23e15e4e99bfb1_0_238_2025-10-23_15-02-25/captures/after_alignment_4_1.jpg';1;'Thu Oct 23, 2025 at 11:06:42';'Thu Oct 23, 2025 at 11:06:42'
'after_alignment_4_2.jpg';'JHAMAB00021-01_68f5592a3f23e15e4e99bfb1_0_238_2025-10-23_15-02-25/captures/after_alignment_4_2.jpg';1;'Thu Oct 23, 2025 at 11:06:57';'Thu Oct 23, 2025 at 11:06:57'
'after_alignment_4_3.jpg';'JHAMAB00021-01_68f5592a3f23e15e4e99bfb1_0_238_2025-10-23_15-02-25/captures/after_alignment_4_3.jpg';1;'Thu Oct 23, 2025 at 11:07:12';'Thu Oct 23, 2025 at 11:07:12'
'after_alignment_4_4.jpg';'JHAMAB00021-01_68f5592a3f23e15e4e99bfb1_0_238_2025-10-23_15-02-25/captures/after_alignment_4_4.jpg';1;'Thu Oct 23, 2025 at 11:07:28';'Thu Oct 23, 2025 at 11:07:28'
'after_alignment_4_5.jpg';'JHAMAB00021-01_68f5592a3f23e15e4e99bfb1_0_238_2025-10-23_15-02-25/captures/after_alignment_4_5.jpg';1;'Thu Oct 23, 2025 at 11:07:44';'Thu Oct 23, 2025 at 11:07:44'
'after_alignment_5_5.jpg';'JHAMAB00021-01_68f5592a3f23e15e4e99bfb1_0_238_2025-10-23_15-02-25/captures/after_alignment_5_5.jpg';1;'Thu Oct 23, 2025 at 11:08:00';'Thu Oct 23, 2025 at 11:08:00'
'after_alignment_5_4.jpg';'JHAMAB00021-01_68f5592a3f23e15e4e99bfb1_0_238_2025-10-23_15-02-25/captures/after_alignment_5_4.jpg';1;'Thu Oct 23, 2025 at 11:08:14';'Thu Oct 23, 2025 at 11:08:14'
'after_alignment_5_3.jpg';'JHAMAB00021-01_68f5592a3f23e15e4e99bfb1_0_238_2025-10-23_15-02-25/captures/after_alignment_5_3.jpg';1;'Thu Oct 23, 2025 at 11:08:30';'Thu Oct 23, 2025 at 11:08:30'
'after_alignment_5_2.jpg';'JHAMAB00021-01_68f5592a3f23e15e4e99bfb1_0_238_2025-10-23_15-02-25/captures/after_alignment_5_2.jpg';1;'Thu Oct 23, 2025 at 11:08:45';'Thu Oct 23, 2025 at 11:08:45'
'after_alignment_5_1.jpg';'JHAMAB00021-01_68f5592a3f23e15e4e99bfb1_0_238_2025-10-23_15-02-25/captures/after_alignment_5_1.jpg';1;'Thu Oct 23, 2025 at 11:09:01';'Thu Oct 23, 2025 at 11:09:01'
'before_alignment_1_5.jpg';'JHAMAB00021-02_68f5592a3f23e15e4e99bfb2_0_239_2025-10-23_15-14-55/captures/before_alignment_1_5.jpg';1;'Thu Oct 23, 2025 at 11:15:39';'Thu Oct 23, 2025 at 11:15:39'
'before_alignment_1_3.jpg';'JHAMAB00021-02_68f5592a3f23e15e4e99bfb2_0_239_2025-10-23_15-14-55/captures/before_alignment_1_3.jpg';1;'Thu Oct 23, 2025 at 11:16:11';'Thu Oct 23, 2025 at 11:16:11'
'before_alignment_1_1.jpg';'JHAMAB00021-02_68f5592a3f23e15e4e99bfb2_0_239_2025-10-23_15-14-55/captures/before_alignment_1_1.jpg';1;'Thu Oct 23, 2025 at 11:16:49';'Thu Oct 23, 2025 at 11:16:49'
'after_alignment_2_1.jpg';'JHAMAB00021-02_68f5592a3f23e15e4e99bfb2_0_239_2025-10-23_15-14-55/captures/after_alignment_2_1.jpg';1;'Thu Oct 23, 2025 at 11:16:57';'Thu Oct 23, 2025 at 11:16:57'
'before_alignment_2_3.jpg';'JHAMAB00021-02_68f5592a3f23e15e4e99bfb2_0_239_2025-10-23_15-14-55/captures/before_alignment_2_3.jpg';1;'Thu Oct 23, 2025 at 11:17:44';'Thu Oct 23, 2025 at 11:17:44'
'before_alignment_2_5.jpg';'JHAMAB00021-02_68f5592a3f23e15e4e99bfb2_0_239_2025-10-23_15-14-55/captures/before_alignment_2_5.jpg';1;'Thu Oct 23, 2025 at 11:18:22';'Thu Oct 23, 2025 at 11:18:22'
'before_alignment_3_4.jpg';'JHAMAB00021-02_68f5592a3f23e15e4e99bfb2_0_239_2025-10-23_15-14-55/captures/before_alignment_3_4.jpg';1;'Thu Oct 23, 2025 at 11:19:00';'Thu Oct 23, 2025 at 11:19:00'
'before_alignment_3_2.jpg';'JHAMAB00021-02_68f5592a3f23e15e4e99bfb2_0_239_2025-10-23_15-14-55/captures/before_alignment_3_2.jpg';1;'Thu Oct 23, 2025 at 11:19:39';'Thu Oct 23, 2025 at 11:19:39'
'before_alignment_4_1.jpg';'JHAMAB00021-02_68f5592a3f23e15e4e99bfb2_0_239_2025-10-23_15-14-55/captures/before_alignment_4_1.jpg';1;'Thu Oct 23, 2025 at 11:20:17';'Thu Oct 23, 2025 at 11:20:17'
'before_alignment_4_3.jpg';'JHAMAB00021-02_68f5592a3f23e15e4e99bfb2_0_239_2025-10-23_15-14-55/captures/before_alignment_4_3.jpg';1;'Thu Oct 23, 2025 at 11:20:55';'Thu Oct 23, 2025 at 11:20:55'
'before_alignment_4_5.jpg';'JHAMAB00021-02_68f5592a3f23e15e4e99bfb2_0_239_2025-10-23_15-14-55/captures/before_alignment_4_5.jpg';1;'Thu Oct 23, 2025 at 11:21:34';'Thu Oct 23, 2025 at 11:21:34'
'before_alignment_5_4.jpg';'JHAMAB00021-02_68f5592a3f23e15e4e99bfb2_0_239_2025-10-23_15-14-55/captures/before_alignment_5_4.jpg';1;'Thu Oct 23, 2025 at 11:22:12';'Thu Oct 23, 2025 at 11:22:12'
'before_alignment_5_2.jpg';'JHAMAB00021-02_68f5592a3f23e15e4e99bfb2_0_239_2025-10-23_15-14-55/captures/before_alignment_5_2.jpg';1;'Thu Oct 23, 2025 at 11:22:50';'Thu Oct 23, 2025 at 11:22:50'
'LMI_20251023_JHAMAB00021-02.csv';'JHAMAB00021-02_68f5592a3f23e15e4e99bfb2_0_239_2025-10-23_15-14-55/data_files/LMI_20251023_JHAMAB00021-02.csv';1;'Thu Oct 23, 2025 at 11:23:10';'Thu Oct 23, 2025 at 11:23:10'
'after_alignment_1_5.jpg';'JHAMAB00021-02_68f5592a3f23e15e4e99bfb2_0_241_2025-10-23_15-32-45/captures/after_alignment_1_5.jpg';1;'Thu Oct 23, 2025 at 11:33:40';'Thu Oct 23, 2025 at 11:33:40'
'after_alignment_1_4.jpg';'JHAMAB00021-02_68f5592a3f23e15e4e99bfb2_0_241_2025-10-23_15-32-45/captures/after_alignment_1_4.jpg';1;'Thu Oct 23, 2025 at 11:33:40';'Thu Oct 23, 2025 at 11:33:40'
'after_alignment_1_3.jpg';'JHAMAB00021-02_68f5592a3f23e15e4e99bfb2_0_241_2025-10-23_15-32-45/captures/after_alignment_1_3.jpg';1;'Thu Oct 23, 2025 at 11:33:45';'Thu Oct 23, 2025 at 11:33:45'
'after_alignment_1_2.jpg';'JHAMAB00021-02_68f5592a3f23e15e4e99bfb2_0_241_2025-10-23_15-32-45/captures/after_alignment_1_2.jpg';1;'Thu Oct 23, 2025 at 11:34:00';'Thu Oct 23, 2025 at 11:34:00'
'after_alignment_1_1.jpg';'JHAMAB00021-02_68f5592a3f23e15e4e99bfb2_0_241_2025-10-23_15-32-45/captures/after_alignment_1_1.jpg';1;'Thu Oct 23, 2025 at 11:34:15';'Thu Oct 23, 2025 at 11:34:15'
'after_alignment_2_1.jpg';'JHAMAB00021-02_68f5592a3f23e15e4e99bfb2_0_241_2025-10-23_15-32-45/captures/after_alignment_2_1.jpg';1;'Thu Oct 23, 2025 at 11:34:34';'Thu Oct 23, 2025 at 11:34:34'
'after_alignment_2_2.jpg';'JHAMAB00021-02_68f5592a3f23e15e4e99bfb2_0_241_2025-10-23_15-32-45/captures/after_alignment_2_2.jpg';1;'Thu Oct 23, 2025 at 11:34:49';'Thu Oct 23, 2025 at 11:34:49'
'after_alignment_2_3.jpg';'JHAMAB00021-02_68f5592a3f23e15e4e99bfb2_0_241_2025-10-23_15-32-45/captures/after_alignment_2_3.jpg';1;'Thu Oct 23, 2025 at 11:35:04';'Thu Oct 23, 2025 at 11:35:04'
'before_alignment_2_5.jpg';'JHAMAB00021-02_68f5592a3f23e15e4e99bfb2_0_241_2025-10-23_15-32-45/captures/before_alignment_2_5.jpg';1;'Thu Oct 23, 2025 at 11:35:39';'Thu Oct 23, 2025 at 11:35:39'
'before_alignment_3_5.jpg';'JHAMAB00021-02_68f5592a3f23e15e4e99bfb2_0_241_2025-10-23_15-32-45/captures/before_alignment_3_5.jpg';1;'Thu Oct 23, 2025 at 11:35:54';'Thu Oct 23, 2025 at 11:35:54'
'before_alignment_3_4.jpg';'JHAMAB00021-02_68f5592a3f23e15e4e99bfb2_0_241_2025-10-23_15-32-45/captures/before_alignment_3_4.jpg';1;'Thu Oct 23, 2025 at 11:36:09';'Thu Oct 23, 2025 at 11:36:09'
'before_alignment_3_3.jpg';'JHAMAB00021-02_68f5592a3f23e15e4e99bfb2_0_241_2025-10-23_15-32-45/captures/before_alignment_3_3.jpg';1;'Thu Oct 23, 2025 at 11:36:24';'Thu Oct 23, 2025 at 11:36:24'
'before_alignment_3_2.jpg';'JHAMAB00021-02_68f5592a3f23e15e4e99bfb2_0_241_2025-10-23_15-32-45/captures/before_alignment_3_2.jpg';1;'Thu Oct 23, 2025 at 11:36:39';'Thu Oct 23, 2025 at 11:36:39'
'before_alignment_3_1.jpg';'JHAMAB00021-02_68f5592a3f23e15e4e99bfb2_0_241_2025-10-23_15-32-45/captures/before_alignment_3_1.jpg';1;'Thu Oct 23, 2025 at 11:36:54';'Thu Oct 23, 2025 at 11:36:54'
'before_alignment_4_1.jpg';'JHAMAB00021-02_68f5592a3f23e15e4e99bfb2_0_241_2025-10-23_15-32-45/captures/before_alignment_4_1.jpg';1;'Thu Oct 23, 2025 at 11:37:10';'Thu Oct 23, 2025 at 11:37:10'
'before_alignment_4_2.jpg';'JHAMAB00021-02_68f5592a3f23e15e4e99bfb2_0_241_2025-10-23_15-32-45/captures/before_alignment_4_2.jpg';1;'Thu Oct 23, 2025 at 11:37:24';'Thu Oct 23, 2025 at 11:37:24'
'before_alignment_4_3.jpg';'JHAMAB00021-02_68f5592a3f23e15e4e99bfb2_0_241_2025-10-23_15-32-45/captures/before_alignment_4_3.jpg';1;'Thu Oct 23, 2025 at 11:37:40';'Thu Oct 23, 2025 at 11:37:40'
'before_alignment_4_4.jpg';'JHAMAB00021-02_68f5592a3f23e15e4e99bfb2_0_241_2025-10-23_15-32-45/captures/before_alignment_4_4.jpg';1;'Thu Oct 23, 2025 at 11:37:55';'Thu Oct 23, 2025 at 11:37:55'
'before_alignment_4_5.jpg';'JHAMAB00021-02_68f5592a3f23e15e4e99bfb2_0_241_2025-10-23_15-32-45/captures/before_alignment_4_5.jpg';1;'Thu Oct 23, 2025 at 11:38:10';'Thu Oct 23, 2025 at 11:38:10'
'before_alignment_5_5.jpg';'JHAMAB00021-02_68f5592a3f23e15e4e99bfb2_0_241_2025-10-23_15-32-45/captures/before_alignment_5_5.jpg';1;'Thu Oct 23, 2025 at 11:38:25';'Thu Oct 23, 2025 at 11:38:25'
'before_alignment_5_4.jpg';'JHAMAB00021-02_68f5592a3f23e15e4e99bfb2_0_241_2025-10-23_15-32-45/captures/before_alignment_5_4.jpg';1;'Thu Oct 23, 2025 at 11:38:41';'Thu Oct 23, 2025 at 11:38:41'
'before_alignment_5_3.jpg';'JHAMAB00021-02_68f5592a3f23e15e4e99bfb2_0_241_2025-10-23_15-32-45/captures/before_alignment_5_3.jpg';1;'Thu Oct 23, 2025 at 11:38:56';'Thu Oct 23, 2025 at 11:38:56'
'before_alignment_5_2.jpg';'JHAMAB00021-02_68f5592a3f23e15e4e99bfb2_0_241_2025-10-23_15-32-45/captures/before_alignment_5_2.jpg';1;'Thu Oct 23, 2025 at 11:39:11';'Thu Oct 23, 2025 at 11:39:11'
'before_alignment_5_1.jpg';'JHAMAB00021-02_68f5592a3f23e15e4e99bfb2_0_241_2025-10-23_15-32-45/captures/before_alignment_5_1.jpg';1;'Thu Oct 23, 2025 at 11:39:27';'Thu Oct 23, 2025 at 11:39:27'
'LMI_20251023_JHAMAB00021-02.csv';'JHAMAB00021-02_68f5592a3f23e15e4e99bfb2_0_241_2025-10-23_15-32-45/data_files/LMI_20251023_JHAMAB00021-02.csv';1;'Thu Oct 23, 2025 at 11:39:34';'Thu Oct 23, 2025 at 11:39:34'
'after_alignment_1_5.jpg';'JHAMAB00019-04_68f5589c5c4e7db49fe46b85_0_242_2025-10-23_15-48-40/captures/after_alignment_1_5.jpg';1;'Thu Oct 23, 2025 at 11:49:07';'Thu Oct 23, 2025 at 11:49:07'
'after_alignment_1_4.jpg';'JHAMAB00019-04_68f5589c5c4e7db49fe46b85_0_242_2025-10-23_15-48-40/captures/after_alignment_1_4.jpg';1;'Thu Oct 23, 2025 at 11:49:21';'Thu Oct 23, 2025 at 11:49:21'
'after_alignment_1_3.jpg';'JHAMAB00019-04_68f5589c5c4e7db49fe46b85_0_242_2025-10-23_15-48-40/captures/after_alignment_1_3.jpg';1;'Thu Oct 23, 2025 at 11:49:36';'Thu Oct 23, 2025 at 11:49:36'
'after_alignment_1_2.jpg';'JHAMAB00019-04_68f5589c5c4e7db49fe46b85_0_242_2025-10-23_15-48-40/captures/after_alignment_1_2.jpg';1;'Thu Oct 23, 2025 at 11:49:53';'Thu Oct 23, 2025 at 11:49:53'
'after_alignment_1_1.jpg';'JHAMAB00019-04_68f5589c5c4e7db49fe46b85_0_242_2025-10-23_15-48-40/captures/after_alignment_1_1.jpg';1;'Thu Oct 23, 2025 at 11:50:08';'Thu Oct 23, 2025 at 11:50:08'
'after_alignment_2_1.jpg';'JHAMAB00019-04_68f5589c5c4e7db49fe46b85_0_242_2025-10-23_15-48-40/captures/after_alignment_2_1.jpg';1;'Thu Oct 23, 2025 at 11:50:24';'Thu Oct 23, 2025 at 11:50:24'
'after_alignment_2_2.jpg';'JHAMAB00019-04_68f5589c5c4e7db49fe46b85_0_242_2025-10-23_15-48-40/captures/after_alignment_2_2.jpg';1;'Thu Oct 23, 2025 at 11:50:39';'Thu Oct 23, 2025 at 11:50:39'
'after_alignment_2_3.jpg';'JHAMAB00019-04_68f5589c5c4e7db49fe46b85_0_242_2025-10-23_15-48-40/captures/after_alignment_2_3.jpg';1;'Thu Oct 23, 2025 at 11:50:54';'Thu Oct 23, 2025 at 11:50:54'
'after_alignment_2_4.jpg';'JHAMAB00019-04_68f5589c5c4e7db49fe46b85_0_242_2025-10-23_15-48-40/captures/after_alignment_2_4.jpg';1;'Thu Oct 23, 2025 at 11:51:10';'Thu Oct 23, 2025 at 11:51:10'
'after_alignment_2_5.jpg';'JHAMAB00019-04_68f5589c5c4e7db49fe46b85_0_242_2025-10-23_15-48-40/captures/after_alignment_2_5.jpg';1;'Thu Oct 23, 2025 at 11:51:25';'Thu Oct 23, 2025 at 11:51:25'
'after_alignment_3_5.jpg';'JHAMAB00019-04_68f5589c5c4e7db49fe46b85_0_242_2025-10-23_15-48-40/captures/after_alignment_3_5.jpg';1;'Thu Oct 23, 2025 at 11:51:40';'Thu Oct 23, 2025 at 11:51:40'
'after_alignment_3_4.jpg';'JHAMAB00019-04_68f5589c5c4e7db49fe46b85_0_242_2025-10-23_15-48-40/captures/after_alignment_3_4.jpg';1;'Thu Oct 23, 2025 at 11:51:56';'Thu Oct 23, 2025 at 11:51:56'
'after_alignment_3_3.jpg';'JHAMAB00019-04_68f5589c5c4e7db49fe46b85_0_242_2025-10-23_15-48-40/captures/after_alignment_3_3.jpg';1;'Thu Oct 23, 2025 at 11:52:11';'Thu Oct 23, 2025 at 11:52:11'
'after_alignment_3_2.jpg';'JHAMAB00019-04_68f5589c5c4e7db49fe46b85_0_242_2025-10-23_15-48-40/captures/after_alignment_3_2.jpg';1;'Thu Oct 23, 2025 at 11:52:26';'Thu Oct 23, 2025 at 11:52:26'
'after_alignment_3_1.jpg';'JHAMAB00019-04_68f5589c5c4e7db49fe46b85_0_242_2025-10-23_15-48-40/captures/after_alignment_3_1.jpg';1;'Thu Oct 23, 2025 at 11:52:42';'Thu Oct 23, 2025 at 11:52:42'
'before_alignment_4_2.jpg';'JHAMAB00019-04_68f5589c5c4e7db49fe46b85_0_242_2025-10-23_15-48-40/captures/before_alignment_4_2.jpg';1;'Thu Oct 23, 2025 at 11:53:18';'Thu Oct 23, 2025 at 11:53:18'
'before_alignment_4_3.jpg';'JHAMAB00019-04_68f5589c5c4e7db49fe46b85_0_242_2025-10-23_15-48-40/captures/before_alignment_4_3.jpg';1;'Thu Oct 23, 2025 at 11:53:33';'Thu Oct 23, 2025 at 11:53:33'
'before_alignment_4_4.jpg';'JHAMAB00019-04_68f5589c5c4e7db49fe46b85_0_242_2025-10-23_15-48-40/captures/before_alignment_4_4.jpg';1;'Thu Oct 23, 2025 at 11:53:48';'Thu Oct 23, 2025 at 11:53:48'
'before_alignment_4_5.jpg';'JHAMAB00019-04_68f5589c5c4e7db49fe46b85_0_242_2025-10-23_15-48-40/captures/before_alignment_4_5.jpg';1;'Thu Oct 23, 2025 at 11:54:05';'Thu Oct 23, 2025 at 11:54:05'
'before_alignment_5_5.jpg';'JHAMAB00019-04_68f5589c5c4e7db49fe46b85_0_242_2025-10-23_15-48-40/captures/before_alignment_5_5.jpg';1;'Thu Oct 23, 2025 at 11:54:20';'Thu Oct 23, 2025 at 11:54:20'
'before_alignment_5_4.jpg';'JHAMAB00019-04_68f5589c5c4e7db49fe46b85_0_242_2025-10-23_15-48-40/captures/before_alignment_5_4.jpg';1;'Thu Oct 23, 2025 at 11:54:35';'Thu Oct 23, 2025 at 11:54:35'
'before_alignment_5_3.jpg';'JHAMAB00019-04_68f5589c5c4e7db49fe46b85_0_242_2025-10-23_15-48-40/captures/before_alignment_5_3.jpg';1;'Thu Oct 23, 2025 at 11:54:51';'Thu Oct 23, 2025 at 11:54:51'
'before_alignment_5_2.jpg';'JHAMAB00019-04_68f5589c5c4e7db49fe46b85_0_242_2025-10-23_15-48-40/captures/before_alignment_5_2.jpg';1;'Thu Oct 23, 2025 at 11:55:06';'Thu Oct 23, 2025 at 11:55:06'
'before_alignment_5_1.jpg';'JHAMAB00019-04_68f5589c5c4e7db49fe46b85_0_242_2025-10-23_15-48-40/captures/before_alignment_5_1.jpg';1;'Thu Oct 23, 2025 at 11:55:22';'Thu Oct 23, 2025 at 11:55:22'
'LMI_20251023_JHAMAB00019-04.csv';'JHAMAB00019-04_68f5589c5c4e7db49fe46b85_0_242_2025-10-23_15-48-40/data_files/LMI_20251023_JHAMAB00019-04.csv';1;'Thu Oct 23, 2025 at 11:55:29';'Thu Oct 23, 2025 at 11:55:29'
'after_alignment_1_5.jpg';'JHAMAB00019-05_68f5589c5c4e7db49fe46b86_0_244_2025-10-23_16-00-04/captures/after_alignment_1_5.jpg';1;'Thu Oct 23, 2025 at 12:00:37';'Thu Oct 23, 2025 at 12:00:37'
'after_alignment_1_4.jpg';'JHAMAB00019-05_68f5589c5c4e7db49fe46b86_0_244_2025-10-23_16-00-04/captures/after_alignment_1_4.jpg';1;'Thu Oct 23, 2025 at 12:00:44';'Thu Oct 23, 2025 at 12:00:44'
'after_alignment_1_3.jpg';'JHAMAB00019-05_68f5589c5c4e7db49fe46b86_0_244_2025-10-23_16-00-04/captures/after_alignment_1_3.jpg';1;'Thu Oct 23, 2025 at 12:01:00';'Thu Oct 23, 2025 at 12:01:00'
'after_alignment_1_2.jpg';'JHAMAB00019-05_68f5589c5c4e7db49fe46b86_0_244_2025-10-23_16-00-04/captures/after_alignment_1_2.jpg';1;'Thu Oct 23, 2025 at 12:01:15';'Thu Oct 23, 2025 at 12:01:15'
'before_alignment_2_1.jpg';'JHAMAB00019-05_68f5589c5c4e7db49fe46b86_0_244_2025-10-23_16-00-04/captures/before_alignment_2_1.jpg';1;'Thu Oct 23, 2025 at 12:01:49';'Thu Oct 23, 2025 at 12:01:49'
'before_alignment_2_2.jpg';'JHAMAB00019-05_68f5589c5c4e7db49fe46b86_0_244_2025-10-23_16-00-04/captures/before_alignment_2_2.jpg';1;'Thu Oct 23, 2025 at 12:02:16';'Thu Oct 23, 2025 at 12:02:16'
'after_alignment_2_3.jpg';'JHAMAB00019-05_68f5589c5c4e7db49fe46b86_0_244_2025-10-23_16-00-04/captures/after_alignment_2_3.jpg';1;'Thu Oct 23, 2025 at 12:02:25';'Thu Oct 23, 2025 at 12:02:25'
'after_alignment_2_4.jpg';'JHAMAB00019-05_68f5589c5c4e7db49fe46b86_0_244_2025-10-23_16-00-04/captures/after_alignment_2_4.jpg';1;'Thu Oct 23, 2025 at 12:02:40';'Thu Oct 23, 2025 at 12:02:40'
'after_alignment_2_5.jpg';'JHAMAB00019-05_68f5589c5c4e7db49fe46b86_0_244_2025-10-23_16-00-04/captures/after_alignment_2_5.jpg';1;'Thu Oct 23, 2025 at 12:02:56';'Thu Oct 23, 2025 at 12:02:56'
'after_alignment_3_5.jpg';'JHAMAB00019-05_68f5589c5c4e7db49fe46b86_0_244_2025-10-23_16-00-04/captures/after_alignment_3_5.jpg';1;'Thu Oct 23, 2025 at 12:03:12';'Thu Oct 23, 2025 at 12:03:12'
'after_alignment_3_4.jpg';'JHAMAB00019-05_68f5589c5c4e7db49fe46b86_0_244_2025-10-23_16-00-04/captures/after_alignment_3_4.jpg';1;'Thu Oct 23, 2025 at 12:03:27';'Thu Oct 23, 2025 at 12:03:27'
'after_alignment_3_3.jpg';'JHAMAB00019-05_68f5589c5c4e7db49fe46b86_0_244_2025-10-23_16-00-04/captures/after_alignment_3_3.jpg';1;'Thu Oct 23, 2025 at 12:03:42';'Thu Oct 23, 2025 at 12:03:42'
'after_alignment_3_2.jpg';'JHAMAB00019-05_68f5589c5c4e7db49fe46b86_0_244_2025-10-23_16-00-04/captures/after_alignment_3_2.jpg';1;'Thu Oct 23, 2025 at 12:04:02';'Thu Oct 23, 2025 at 12:04:02'
'after_alignment_3_1.jpg';'JHAMAB00019-05_68f5589c5c4e7db49fe46b86_0_244_2025-10-23_16-00-04/captures/after_alignment_3_1.jpg';1;'Thu Oct 23, 2025 at 12:04:17';'Thu Oct 23, 2025 at 12:04:17'
'after_alignment_4_1.jpg';'JHAMAB00019-05_68f5589c5c4e7db49fe46b86_0_244_2025-10-23_16-00-04/captures/after_alignment_4_1.jpg';1;'Thu Oct 23, 2025 at 12:04:32';'Thu Oct 23, 2025 at 12:04:32'
'after_alignment_4_2.jpg';'JHAMAB00019-05_68f5589c5c4e7db49fe46b86_0_244_2025-10-23_16-00-04/captures/after_alignment_4_2.jpg';1;'Thu Oct 23, 2025 at 12:04:48';'Thu Oct 23, 2025 at 12:04:48'
'before_alignment_4_4.jpg';'JHAMAB00019-05_68f5589c5c4e7db49fe46b86_0_244_2025-10-23_16-00-04/captures/before_alignment_4_4.jpg';1;'Thu Oct 23, 2025 at 12:05:22';'Thu Oct 23, 2025 at 12:05:22'
'before_alignment_4_5.jpg';'JHAMAB00019-05_68f5589c5c4e7db49fe46b86_0_244_2025-10-23_16-00-04/captures/before_alignment_4_5.jpg';1;'Thu Oct 23, 2025 at 12:05:37';'Thu Oct 23, 2025 at 12:05:37'
'before_alignment_5_5.jpg';'JHAMAB00019-05_68f5589c5c4e7db49fe46b86_0_244_2025-10-23_16-00-04/captures/before_alignment_5_5.jpg';1;'Thu Oct 23, 2025 at 12:05:53';'Thu Oct 23, 2025 at 12:05:53'
'before_alignment_5_4.jpg';'JHAMAB00019-05_68f5589c5c4e7db49fe46b86_0_244_2025-10-23_16-00-04/captures/before_alignment_5_4.jpg';1;'Thu Oct 23, 2025 at 12:06:08';'Thu Oct 23, 2025 at 12:06:08'
'before_alignment_5_3.jpg';'JHAMAB00019-05_68f5589c5c4e7db49fe46b86_0_244_2025-10-23_16-00-04/captures/before_alignment_5_3.jpg';1;'Thu Oct 23, 2025 at 12:06:23';'Thu Oct 23, 2025 at 12:06:23'
'before_alignment_5_2.jpg';'JHAMAB00019-05_68f5589c5c4e7db49fe46b86_0_244_2025-10-23_16-00-04/captures/before_alignment_5_2.jpg';1;'Thu Oct 23, 2025 at 12:06:39';'Thu Oct 23, 2025 at 12:06:39'
'before_alignment_5_1.jpg';'JHAMAB00019-05_68f5589c5c4e7db49fe46b86_0_244_2025-10-23_16-00-04/captures/before_alignment_5_1.jpg';1;'Thu Oct 23, 2025 at 12:06:54';'Thu Oct 23, 2025 at 12:06:54'
'LMI_20251023_JHAMAB00019-05.csv';'JHAMAB00019-05_68f5589c5c4e7db49fe46b86_0_244_2025-10-23_16-00-04/data_files/LMI_20251023_JHAMAB00019-05.csv';1;'Thu Oct 23, 2025 at 12:07:02';'Thu Oct 23, 2025 at 12:07:02'
'after_alignment_1_5.jpg';'JHAMAB00019-06_68f5589c5c4e7db49fe46b87_0_246_2025-10-23_16-12-18/captures/after_alignment_1_5.jpg';1;'Thu Oct 23, 2025 at 12:12:57';'Thu Oct 23, 2025 at 12:12:57'
'after_alignment_1_4.jpg';'JHAMAB00019-06_68f5589c5c4e7db49fe46b87_0_246_2025-10-23_16-12-18/captures/after_alignment_1_4.jpg';1;'Thu Oct 23, 2025 at 12:12:58';'Thu Oct 23, 2025 at 12:12:58'
'after_alignment_1_3.jpg';'JHAMAB00019-06_68f5589c5c4e7db49fe46b87_0_246_2025-10-23_16-12-18/captures/after_alignment_1_3.jpg';1;'Thu Oct 23, 2025 at 12:13:14';'Thu Oct 23, 2025 at 12:13:14'
'after_alignment_1_2.jpg';'JHAMAB00019-06_68f5589c5c4e7db49fe46b87_0_246_2025-10-23_16-12-18/captures/after_alignment_1_2.jpg';1;'Thu Oct 23, 2025 at 12:13:29';'Thu Oct 23, 2025 at 12:13:29'
'after_alignment_1_1.jpg';'JHAMAB00019-06_68f5589c5c4e7db49fe46b87_0_246_2025-10-23_16-12-18/captures/after_alignment_1_1.jpg';1;'Thu Oct 23, 2025 at 12:13:44';'Thu Oct 23, 2025 at 12:13:44'
'after_alignment_2_1.jpg';'JHAMAB00019-06_68f5589c5c4e7db49fe46b87_0_246_2025-10-23_16-12-18/captures/after_alignment_2_1.jpg';1;'Thu Oct 23, 2025 at 12:14:00';'Thu Oct 23, 2025 at 12:14:00'
'after_alignment_2_2.jpg';'JHAMAB00019-06_68f5589c5c4e7db49fe46b87_0_246_2025-10-23_16-12-18/captures/after_alignment_2_2.jpg';1;'Thu Oct 23, 2025 at 12:14:15';'Thu Oct 23, 2025 at 12:14:15'
'after_alignment_2_3.jpg';'JHAMAB00019-06_68f5589c5c4e7db49fe46b87_0_246_2025-10-23_16-12-18/captures/after_alignment_2_3.jpg';1;'Thu Oct 23, 2025 at 12:14:30';'Thu Oct 23, 2025 at 12:14:30'
'after_alignment_2_4.jpg';'JHAMAB00019-06_68f5589c5c4e7db49fe46b87_0_246_2025-10-23_16-12-18/captures/after_alignment_2_4.jpg';1;'Thu Oct 23, 2025 at 12:14:45';'Thu Oct 23, 2025 at 12:14:45'
'after_alignment_2_5.jpg';'JHAMAB00019-06_68f5589c5c4e7db49fe46b87_0_246_2025-10-23_16-12-18/captures/after_alignment_2_5.jpg';1;'Thu Oct 23, 2025 at 12:15:01';'Thu Oct 23, 2025 at 12:15:01'
'after_alignment_3_5.jpg';'JHAMAB00019-06_68f5589c5c4e7db49fe46b87_0_246_2025-10-23_16-12-18/captures/after_alignment_3_5.jpg';1;'Thu Oct 23, 2025 at 12:15:15';'Thu Oct 23, 2025 at 12:15:15'
'after_alignment_3_4.jpg';'JHAMAB00019-06_68f5589c5c4e7db49fe46b87_0_246_2025-10-23_16-12-18/captures/after_alignment_3_4.jpg';1;'Thu Oct 23, 2025 at 12:15:31';'Thu Oct 23, 2025 at 12:15:31'
'after_alignment_3_3.jpg';'JHAMAB00019-06_68f5589c5c4e7db49fe46b87_0_246_2025-10-23_16-12-18/captures/after_alignment_3_3.jpg';1;'Thu Oct 23, 2025 at 12:15:46';'Thu Oct 23, 2025 at 12:15:46'
'after_alignment_3_2.jpg';'JHAMAB00019-06_68f5589c5c4e7db49fe46b87_0_246_2025-10-23_16-12-18/captures/after_alignment_3_2.jpg';1;'Thu Oct 23, 2025 at 12:16:02';'Thu Oct 23, 2025 at 12:16:02'
'after_alignment_3_1.jpg';'JHAMAB00019-06_68f5589c5c4e7db49fe46b87_0_246_2025-10-23_16-12-18/captures/after_alignment_3_1.jpg';1;'Thu Oct 23, 2025 at 12:16:17';'Thu Oct 23, 2025 at 12:16:17'
'after_alignment_4_1.jpg';'JHAMAB00019-06_68f5589c5c4e7db49fe46b87_0_246_2025-10-23_16-12-18/captures/after_alignment_4_1.jpg';1;'Thu Oct 23, 2025 at 12:16:32';'Thu Oct 23, 2025 at 12:16:32'
'after_alignment_4_2.jpg';'JHAMAB00019-06_68f5589c5c4e7db49fe46b87_0_246_2025-10-23_16-12-18/captures/after_alignment_4_2.jpg';1;'Thu Oct 23, 2025 at 12:16:48';'Thu Oct 23, 2025 at 12:16:48'
'after_alignment_4_3.jpg';'JHAMAB00019-06_68f5589c5c4e7db49fe46b87_0_246_2025-10-23_16-12-18/captures/after_alignment_4_3.jpg';1;'Thu Oct 23, 2025 at 12:17:03';'Thu Oct 23, 2025 at 12:17:03'
'after_alignment_4_4.jpg';'JHAMAB00019-06_68f5589c5c4e7db49fe46b87_0_246_2025-10-23_16-12-18/captures/after_alignment_4_4.jpg';1;'Thu Oct 23, 2025 at 12:17:18';'Thu Oct 23, 2025 at 12:17:18'
'after_alignment_4_5.jpg';'JHAMAB00019-06_68f5589c5c4e7db49fe46b87_0_246_2025-10-23_16-12-18/captures/after_alignment_4_5.jpg';1;'Thu Oct 23, 2025 at 12:17:35';'Thu Oct 23, 2025 at 12:17:35'
'after_alignment_5_5.jpg';'JHAMAB00019-06_68f5589c5c4e7db49fe46b87_0_246_2025-10-23_16-12-18/captures/after_alignment_5_5.jpg';1;'Thu Oct 23, 2025 at 12:17:50';'Thu Oct 23, 2025 at 12:17:50'
'after_alignment_5_4.jpg';'JHAMAB00019-06_68f5589c5c4e7db49fe46b87_0_246_2025-10-23_16-12-18/captures/after_alignment_5_4.jpg';1;'Thu Oct 23, 2025 at 12:18:04';'Thu Oct 23, 2025 at 12:18:04'
'after_alignment_5_3.jpg';'JHAMAB00019-06_68f5589c5c4e7db49fe46b87_0_246_2025-10-23_16-12-18/captures/after_alignment_5_3.jpg';1;'Thu Oct 23, 2025 at 12:18:20';'Thu Oct 23, 2025 at 12:18:20'
'after_alignment_5_2.jpg';'JHAMAB00019-06_68f5589c5c4e7db49fe46b87_0_246_2025-10-23_16-12-18/captures/after_alignment_5_2.jpg';1;'Thu Oct 23, 2025 at 12:18:35';'Thu Oct 23, 2025 at 12:18:35'
'after_alignment_5_1.jpg';'JHAMAB00019-06_68f5589c5c4e7db49fe46b87_0_246_2025-10-23_16-12-18/captures/after_alignment_5_1.jpg';1;'Thu Oct 23, 2025 at 12:18:50';'Thu Oct 23, 2025 at 12:18:50'
'before_alignment_1_5.jpg';'JHAMAB00020-04_68f558f43f23e15e4e99bf99_0_248_2025-10-23_16-23-48/captures/before_alignment_1_5.jpg';1;'Thu Oct 23, 2025 at 12:24:20';'Thu Oct 23, 2025 at 12:24:20'
'before_alignment_1_4.jpg';'JHAMAB00020-04_68f558f43f23e15e4e99bf99_0_248_2025-10-23_16-23-48/captures/before_alignment_1_4.jpg';1;'Thu Oct 23, 2025 at 12:24:29';'Thu Oct 23, 2025 at 12:24:29'
'before_alignment_1_3.jpg';'JHAMAB00020-04_68f558f43f23e15e4e99bf99_0_248_2025-10-23_16-23-48/captures/before_alignment_1_3.jpg';1;'Thu Oct 23, 2025 at 12:24:37';'Thu Oct 23, 2025 at 12:24:37'
'before_alignment_1_2.jpg';'JHAMAB00020-04_68f558f43f23e15e4e99bf99_0_248_2025-10-23_16-23-48/captures/before_alignment_1_2.jpg';1;'Thu Oct 23, 2025 at 12:24:52';'Thu Oct 23, 2025 at 12:24:52'
'before_alignment_1_1.jpg';'JHAMAB00020-04_68f558f43f23e15e4e99bf99_0_248_2025-10-23_16-23-48/captures/before_alignment_1_1.jpg';1;'Thu Oct 23, 2025 at 12:25:07';'Thu Oct 23, 2025 at 12:25:07'
'before_alignment_2_1.jpg';'JHAMAB00020-04_68f558f43f23e15e4e99bf99_0_248_2025-10-23_16-23-48/captures/before_alignment_2_1.jpg';1;'Thu Oct 23, 2025 at 12:25:22';'Thu Oct 23, 2025 at 12:25:22'
'before_alignment_2_2.jpg';'JHAMAB00020-04_68f558f43f23e15e4e99bf99_0_248_2025-10-23_16-23-48/captures/before_alignment_2_2.jpg';1;'Thu Oct 23, 2025 at 12:25:37';'Thu Oct 23, 2025 at 12:25:37'
'before_alignment_2_3.jpg';'JHAMAB00020-04_68f558f43f23e15e4e99bf99_0_248_2025-10-23_16-23-48/captures/before_alignment_2_3.jpg';1;'Thu Oct 23, 2025 at 12:25:52';'Thu Oct 23, 2025 at 12:25:52'
'before_alignment_2_4.jpg';'JHAMAB00020-04_68f558f43f23e15e4e99bf99_0_248_2025-10-23_16-23-48/captures/before_alignment_2_4.jpg';1;'Thu Oct 23, 2025 at 12:26:08';'Thu Oct 23, 2025 at 12:26:08'
'before_alignment_2_5.jpg';'JHAMAB00020-04_68f558f43f23e15e4e99bf99_0_248_2025-10-23_16-23-48/captures/before_alignment_2_5.jpg';1;'Thu Oct 23, 2025 at 12:26:24';'Thu Oct 23, 2025 at 12:26:24'
'before_alignment_3_5.jpg';'JHAMAB00020-04_68f558f43f23e15e4e99bf99_0_248_2025-10-23_16-23-48/captures/before_alignment_3_5.jpg';1;'Thu Oct 23, 2025 at 12:26:39';'Thu Oct 23, 2025 at 12:26:39'
'before_alignment_3_4.jpg';'JHAMAB00020-04_68f558f43f23e15e4e99bf99_0_248_2025-10-23_16-23-48/captures/before_alignment_3_4.jpg';1;'Thu Oct 23, 2025 at 12:27:06';'Thu Oct 23, 2025 at 12:27:06'
'after_alignment_3_3.jpg';'JHAMAB00020-04_68f558f43f23e15e4e99bf99_0_248_2025-10-23_16-23-48/captures/after_alignment_3_3.jpg';1;'Thu Oct 23, 2025 at 12:27:13';'Thu Oct 23, 2025 at 12:27:13'
'after_alignment_3_2.jpg';'JHAMAB00020-04_68f558f43f23e15e4e99bf99_0_248_2025-10-23_16-23-48/captures/after_alignment_3_2.jpg';1;'Thu Oct 23, 2025 at 12:27:28';'Thu Oct 23, 2025 at 12:27:28'
'after_alignment_3_1.jpg';'JHAMAB00020-04_68f558f43f23e15e4e99bf99_0_248_2025-10-23_16-23-48/captures/after_alignment_3_1.jpg';1;'Thu Oct 23, 2025 at 12:27:43';'Thu Oct 23, 2025 at 12:27:43'
'after_alignment_4_1.jpg';'JHAMAB00020-04_68f558f43f23e15e4e99bf99_0_248_2025-10-23_16-23-48/captures/after_alignment_4_1.jpg';1;'Thu Oct 23, 2025 at 12:27:58';'Thu Oct 23, 2025 at 12:27:58'
'after_alignment_4_2.jpg';'JHAMAB00020-04_68f558f43f23e15e4e99bf99_0_248_2025-10-23_16-23-48/captures/after_alignment_4_2.jpg';1;'Thu Oct 23, 2025 at 12:28:14';'Thu Oct 23, 2025 at 12:28:14'
'after_alignment_4_3.jpg';'JHAMAB00020-04_68f558f43f23e15e4e99bf99_0_248_2025-10-23_16-23-48/captures/after_alignment_4_3.jpg';1;'Thu Oct 23, 2025 at 12:28:30';'Thu Oct 23, 2025 at 12:28:30'
'after_alignment_4_4.jpg';'JHAMAB00020-04_68f558f43f23e15e4e99bf99_0_248_2025-10-23_16-23-48/captures/after_alignment_4_4.jpg';1;'Thu Oct 23, 2025 at 12:28:44';'Thu Oct 23, 2025 at 12:28:44'
'after_alignment_4_5.jpg';'JHAMAB00020-04_68f558f43f23e15e4e99bf99_0_248_2025-10-23_16-23-48/captures/after_alignment_4_5.jpg';1;'Thu Oct 23, 2025 at 12:29:00';'Thu Oct 23, 2025 at 12:29:00'
'after_alignment_5_5.jpg';'JHAMAB00020-04_68f558f43f23e15e4e99bf99_0_248_2025-10-23_16-23-48/captures/after_alignment_5_5.jpg';1;'Thu Oct 23, 2025 at 12:29:15';'Thu Oct 23, 2025 at 12:29:15'
'before_alignment_5_3.jpg';'JHAMAB00020-04_68f558f43f23e15e4e99bf99_0_248_2025-10-23_16-23-48/captures/before_alignment_5_3.jpg';1;'Thu Oct 23, 2025 at 12:29:49';'Thu Oct 23, 2025 at 12:29:49'
'before_alignment_5_2.jpg';'JHAMAB00020-04_68f558f43f23e15e4e99bf99_0_248_2025-10-23_16-23-48/captures/before_alignment_5_2.jpg';1;'Thu Oct 23, 2025 at 12:30:05';'Thu Oct 23, 2025 at 12:30:05'
'before_alignment_5_1.jpg';'JHAMAB00020-04_68f558f43f23e15e4e99bf99_0_248_2025-10-23_16-23-48/captures/before_alignment_5_1.jpg';1;'Thu Oct 23, 2025 at 12:30:20';'Thu Oct 23, 2025 at 12:30:20'
'LMI_20251023_JHAMAB00020-04.csv';'JHAMAB00020-04_68f558f43f23e15e4e99bf99_0_248_2025-10-23_16-23-48/data_files/LMI_20251023_JHAMAB00020-04.csv';1;'Thu Oct 23, 2025 at 12:30:27';'Thu Oct 23, 2025 at 12:30:27'
'after_alignment_1_5.jpg';'JHAMAB00020-05_68f558f43f23e15e4e99bf9a_0_251_2025-10-23_16-37-45/captures/after_alignment_1_5.jpg';1;'Thu Oct 23, 2025 at 12:38:20';'Thu Oct 23, 2025 at 12:38:20'
'after_alignment_1_4.jpg';'JHAMAB00020-05_68f558f43f23e15e4e99bf9a_0_251_2025-10-23_16-37-45/captures/after_alignment_1_4.jpg';1;'Thu Oct 23, 2025 at 12:38:25';'Thu Oct 23, 2025 at 12:38:25'
'after_alignment_1_3.jpg';'JHAMAB00020-05_68f558f43f23e15e4e99bf9a_0_251_2025-10-23_16-37-45/captures/after_alignment_1_3.jpg';1;'Thu Oct 23, 2025 at 12:38:41';'Thu Oct 23, 2025 at 12:38:41'
'before_alignment_1_1.jpg';'JHAMAB00020-05_68f558f43f23e15e4e99bf9a_0_251_2025-10-23_16-37-45/captures/before_alignment_1_1.jpg';1;'Thu Oct 23, 2025 at 12:39:09';'Thu Oct 23, 2025 at 12:39:09'
'before_alignment_2_1.jpg';'JHAMAB00020-05_68f558f43f23e15e4e99bf9a_0_251_2025-10-23_16-37-45/captures/before_alignment_2_1.jpg';1;'Thu Oct 23, 2025 at 12:39:24';'Thu Oct 23, 2025 at 12:39:24'
'before_alignment_2_2.jpg';'JHAMAB00020-05_68f558f43f23e15e4e99bf9a_0_251_2025-10-23_16-37-45/captures/before_alignment_2_2.jpg';1;'Thu Oct 23, 2025 at 12:39:39';'Thu Oct 23, 2025 at 12:39:39'
'before_alignment_2_3.jpg';'JHAMAB00020-05_68f558f43f23e15e4e99bf9a_0_251_2025-10-23_16-37-45/captures/before_alignment_2_3.jpg';1;'Thu Oct 23, 2025 at 12:39:55';'Thu Oct 23, 2025 at 12:39:55'
'before_alignment_2_4.jpg';'JHAMAB00020-05_68f558f43f23e15e4e99bf9a_0_251_2025-10-23_16-37-45/captures/before_alignment_2_4.jpg';1;'Thu Oct 23, 2025 at 12:40:22';'Thu Oct 23, 2025 at 12:40:22'
'after_alignment_2_5.jpg';'JHAMAB00020-05_68f558f43f23e15e4e99bf9a_0_251_2025-10-23_16-37-45/captures/after_alignment_2_5.jpg';1;'Thu Oct 23, 2025 at 12:40:32';'Thu Oct 23, 2025 at 12:40:32'
'before_alignment_3_4.jpg';'JHAMAB00020-05_68f558f43f23e15e4e99bf9a_0_251_2025-10-23_16-37-45/captures/before_alignment_3_4.jpg';1;'Thu Oct 23, 2025 at 12:41:06';'Thu Oct 23, 2025 at 12:41:06'
'before_alignment_3_3.jpg';'JHAMAB00020-05_68f558f43f23e15e4e99bf9a_0_251_2025-10-23_16-37-45/captures/before_alignment_3_3.jpg';1;'Thu Oct 23, 2025 at 12:41:21';'Thu Oct 23, 2025 at 12:41:21'
'before_alignment_3_2.jpg';'JHAMAB00020-05_68f558f43f23e15e4e99bf9a_0_251_2025-10-23_16-37-45/captures/before_alignment_3_2.jpg';1;'Thu Oct 23, 2025 at 12:41:37';'Thu Oct 23, 2025 at 12:41:37'
'before_alignment_3_1.jpg';'JHAMAB00020-05_68f558f43f23e15e4e99bf9a_0_251_2025-10-23_16-37-45/captures/before_alignment_3_1.jpg';1;'Thu Oct 23, 2025 at 12:41:53';'Thu Oct 23, 2025 at 12:41:53'
'before_alignment_4_1.jpg';'JHAMAB00020-05_68f558f43f23e15e4e99bf9a_0_251_2025-10-23_16-37-45/captures/before_alignment_4_1.jpg';1;'Thu Oct 23, 2025 at 12:42:20';'Thu Oct 23, 2025 at 12:42:20'
'after_alignment_4_2.jpg';'JHAMAB00020-05_68f558f43f23e15e4e99bf9a_0_251_2025-10-23_16-37-45/captures/after_alignment_4_2.jpg';1;'Thu Oct 23, 2025 at 12:42:27';'Thu Oct 23, 2025 at 12:42:27'
'after_alignment_4_3.jpg';'JHAMAB00020-05_68f558f43f23e15e4e99bf9a_0_251_2025-10-23_16-37-45/captures/after_alignment_4_3.jpg';1;'Thu Oct 23, 2025 at 12:42:43';'Thu Oct 23, 2025 at 12:42:43'
'after_alignment_4_4.jpg';'JHAMAB00020-05_68f558f43f23e15e4e99bf9a_0_251_2025-10-23_16-37-45/captures/after_alignment_4_4.jpg';1;'Thu Oct 23, 2025 at 12:42:58';'Thu Oct 23, 2025 at 12:42:58'
'after_alignment_4_5.jpg';'JHAMAB00020-05_68f558f43f23e15e4e99bf9a_0_251_2025-10-23_16-37-45/captures/after_alignment_4_5.jpg';1;'Thu Oct 23, 2025 at 12:43:13';'Thu Oct 23, 2025 at 12:43:13'
'after_alignment_5_5.jpg';'JHAMAB00020-05_68f558f43f23e15e4e99bf9a_0_251_2025-10-23_16-37-45/captures/after_alignment_5_5.jpg';1;'Thu Oct 23, 2025 at 12:43:28';'Thu Oct 23, 2025 at 12:43:28'
'after_alignment_5_4.jpg';'JHAMAB00020-05_68f558f43f23e15e4e99bf9a_0_251_2025-10-23_16-37-45/captures/after_alignment_5_4.jpg';1;'Thu Oct 23, 2025 at 12:43:43';'Thu Oct 23, 2025 at 12:43:43'
'before_alignment_5_2.jpg';'JHAMAB00020-05_68f558f43f23e15e4e99bf9a_0_251_2025-10-23_16-37-45/captures/before_alignment_5_2.jpg';1;'Thu Oct 23, 2025 at 12:44:18';'Thu Oct 23, 2025 at 12:44:18'
'before_alignment_5_1.jpg';'JHAMAB00020-05_68f558f43f23e15e4e99bf9a_0_251_2025-10-23_16-37-45/captures/before_alignment_5_1.jpg';1;'Thu Oct 23, 2025 at 12:44:33';'Thu Oct 23, 2025 at 12:44:33'
'LMI_20251023_JHAMAB00020-05.csv';'JHAMAB00020-05_68f558f43f23e15e4e99bf9a_0_251_2025-10-23_16-37-45/data_files/LMI_20251023_JHAMAB00020-05.csv';1;'Thu Oct 23, 2025 at 12:44:40';'Thu Oct 23, 2025 at 12:44:40'
'before_alignment_1_5.jpg';'JHAMAB00020-06_68f558f43f23e15e4e99bf9b_0_253_2025-10-23_16-54-04/captures/before_alignment_1_5.jpg';1;'Thu Oct 23, 2025 at 12:54:32';'Thu Oct 23, 2025 at 12:54:32'
'before_alignment_1_4.jpg';'JHAMAB00020-06_68f558f43f23e15e4e99bf9b_0_253_2025-10-23_16-54-04/captures/before_alignment_1_4.jpg';1;'Thu Oct 23, 2025 at 12:54:45';'Thu Oct 23, 2025 at 12:54:45'
'before_alignment_1_3.jpg';'JHAMAB00020-06_68f558f43f23e15e4e99bf9b_0_253_2025-10-23_16-54-04/captures/before_alignment_1_3.jpg';1;'Thu Oct 23, 2025 at 12:55:00';'Thu Oct 23, 2025 at 12:55:00'
'before_alignment_1_2.jpg';'JHAMAB00020-06_68f558f43f23e15e4e99bf9b_0_253_2025-10-23_16-54-04/captures/before_alignment_1_2.jpg';1;'Thu Oct 23, 2025 at 12:55:08';'Thu Oct 23, 2025 at 12:55:08'
'before_alignment_1_1.jpg';'JHAMAB00020-06_68f558f43f23e15e4e99bf9b_0_253_2025-10-23_16-54-04/captures/before_alignment_1_1.jpg';1;'Thu Oct 23, 2025 at 12:55:23';'Thu Oct 23, 2025 at 12:55:23'
'before_alignment_2_1.jpg';'JHAMAB00020-06_68f558f43f23e15e4e99bf9b_0_253_2025-10-23_16-54-04/captures/before_alignment_2_1.jpg';1;'Thu Oct 23, 2025 at 12:55:39';'Thu Oct 23, 2025 at 12:55:39'
'before_alignment_2_2.jpg';'JHAMAB00020-06_68f558f43f23e15e4e99bf9b_0_253_2025-10-23_16-54-04/captures/before_alignment_2_2.jpg';1;'Thu Oct 23, 2025 at 12:55:53';'Thu Oct 23, 2025 at 12:55:53'
'before_alignment_2_3.jpg';'JHAMAB00020-06_68f558f43f23e15e4e99bf9b_0_253_2025-10-23_16-54-04/captures/before_alignment_2_3.jpg';1;'Thu Oct 23, 2025 at 12:56:08';'Thu Oct 23, 2025 at 12:56:08'
'before_alignment_2_4.jpg';'JHAMAB00020-06_68f558f43f23e15e4e99bf9b_0_253_2025-10-23_16-54-04/captures/before_alignment_2_4.jpg';1;'Thu Oct 23, 2025 at 12:56:25';'Thu Oct 23, 2025 at 12:56:25'
'before_alignment_2_5.jpg';'JHAMAB00020-06_68f558f43f23e15e4e99bf9b_0_253_2025-10-23_16-54-04/captures/before_alignment_2_5.jpg';1;'Thu Oct 23, 2025 at 12:56:41';'Thu Oct 23, 2025 at 12:56:41'
'before_alignment_3_5.jpg';'JHAMAB00020-06_68f558f43f23e15e4e99bf9b_0_253_2025-10-23_16-54-04/captures/before_alignment_3_5.jpg';1;'Thu Oct 23, 2025 at 12:56:55';'Thu Oct 23, 2025 at 12:56:55'
'before_alignment_3_4.jpg';'JHAMAB00020-06_68f558f43f23e15e4e99bf9b_0_253_2025-10-23_16-54-04/captures/before_alignment_3_4.jpg';1;'Thu Oct 23, 2025 at 12:57:11';'Thu Oct 23, 2025 at 12:57:11'
'before_alignment_3_3.jpg';'JHAMAB00020-06_68f558f43f23e15e4e99bf9b_0_253_2025-10-23_16-54-04/captures/before_alignment_3_3.jpg';1;'Thu Oct 23, 2025 at 12:57:26';'Thu Oct 23, 2025 at 12:57:26'
'before_alignment_3_2.jpg';'JHAMAB00020-06_68f558f43f23e15e4e99bf9b_0_253_2025-10-23_16-54-04/captures/before_alignment_3_2.jpg';1;'Thu Oct 23, 2025 at 12:57:41';'Thu Oct 23, 2025 at 12:57:41'
'before_alignment_3_1.jpg';'JHAMAB00020-06_68f558f43f23e15e4e99bf9b_0_253_2025-10-23_16-54-04/captures/before_alignment_3_1.jpg';1;'Thu Oct 23, 2025 at 12:57:56';'Thu Oct 23, 2025 at 12:57:56'
'before_alignment_4_1.jpg';'JHAMAB00020-06_68f558f43f23e15e4e99bf9b_0_253_2025-10-23_16-54-04/captures/before_alignment_4_1.jpg';1;'Thu Oct 23, 2025 at 12:58:11';'Thu Oct 23, 2025 at 12:58:11'
'before_alignment_4_2.jpg';'JHAMAB00020-06_68f558f43f23e15e4e99bf9b_0_253_2025-10-23_16-54-04/captures/before_alignment_4_2.jpg';1;'Thu Oct 23, 2025 at 12:58:26';'Thu Oct 23, 2025 at 12:58:26'
'before_alignment_4_3.jpg';'JHAMAB00020-06_68f558f43f23e15e4e99bf9b_0_253_2025-10-23_16-54-04/captures/before_alignment_4_3.jpg';1;'Thu Oct 23, 2025 at 12:58:43';'Thu Oct 23, 2025 at 12:58:43'
'before_alignment_4_4.jpg';'JHAMAB00020-06_68f558f43f23e15e4e99bf9b_0_253_2025-10-23_16-54-04/captures/before_alignment_4_4.jpg';1;'Thu Oct 23, 2025 at 12:58:59';'Thu Oct 23, 2025 at 12:58:59'
'before_alignment_4_5.jpg';'JHAMAB00020-06_68f558f43f23e15e4e99bf9b_0_253_2025-10-23_16-54-04/captures/before_alignment_4_5.jpg';1;'Thu Oct 23, 2025 at 12:59:14';'Thu Oct 23, 2025 at 12:59:14'
'before_alignment_5_5.jpg';'JHAMAB00020-06_68f558f43f23e15e4e99bf9b_0_253_2025-10-23_16-54-04/captures/before_alignment_5_5.jpg';1;'Thu Oct 23, 2025 at 12:59:29';'Thu Oct 23, 2025 at 12:59:29'
'before_alignment_5_4.jpg';'JHAMAB00020-06_68f558f43f23e15e4e99bf9b_0_253_2025-10-23_16-54-04/captures/before_alignment_5_4.jpg';1;'Thu Oct 23, 2025 at 12:59:44';'Thu Oct 23, 2025 at 12:59:44'
'before_alignment_5_3.jpg';'JHAMAB00020-06_68f558f43f23e15e4e99bf9b_0_253_2025-10-23_16-54-04/captures/before_alignment_5_3.jpg';1;'Thu Oct 23, 2025 at 12:59:59';'Thu Oct 23, 2025 at 12:59:59'
'before_alignment_5_2.jpg';'JHAMAB00020-06_68f558f43f23e15e4e99bf9b_0_253_2025-10-23_16-54-04/captures/before_alignment_5_2.jpg';1;'Thu Oct 23, 2025 at 13:00:15';'Thu Oct 23, 2025 at 13:00:15'
'before_alignment_5_1.jpg';'JHAMAB00020-06_68f558f43f23e15e4e99bf9b_0_253_2025-10-23_16-54-04/captures/before_alignment_5_1.jpg';1;'Thu Oct 23, 2025 at 13:00:30';'Thu Oct 23, 2025 at 13:00:30'
'LMI_20251023_JHAMAB00020-06.csv';'JHAMAB00020-06_68f558f43f23e15e4e99bf9b_0_253_2025-10-23_16-54-04/data_files/LMI_20251023_JHAMAB00020-06.csv';1;'Thu Oct 23, 2025 at 13:00:37';'Thu Oct 23, 2025 at 13:00:37'
'after_alignment_1_5.jpg';'JHAMAB00021-03_68f5592a3f23e15e4e99bfb3_0_261_2025-10-23_18-04-03/captures/after_alignment_1_5.jpg';1;'Thu Oct 23, 2025 at 14:05:24';'Thu Oct 23, 2025 at 14:05:24'
'after_alignment_1_4.jpg';'JHAMAB00021-03_68f5592a3f23e15e4e99bfb3_0_261_2025-10-23_18-04-03/captures/after_alignment_1_4.jpg';1;'Thu Oct 23, 2025 at 14:05:24';'Thu Oct 23, 2025 at 14:05:24'
'after_alignment_1_3.jpg';'JHAMAB00021-03_68f5592a3f23e15e4e99bfb3_0_261_2025-10-23_18-04-03/captures/after_alignment_1_3.jpg';1;'Thu Oct 23, 2025 at 14:05:24';'Thu Oct 23, 2025 at 14:05:24'
'after_alignment_1_2.jpg';'JHAMAB00021-03_68f5592a3f23e15e4e99bfb3_0_261_2025-10-23_18-04-03/captures/after_alignment_1_2.jpg';1;'Thu Oct 23, 2025 at 14:05:24';'Thu Oct 23, 2025 at 14:05:24'
'before_alignment_2_1.jpg';'JHAMAB00021-03_68f5592a3f23e15e4e99bfb3_0_261_2025-10-23_18-04-03/captures/before_alignment_2_1.jpg';1;'Thu Oct 23, 2025 at 14:05:49';'Thu Oct 23, 2025 at 14:05:49'
'before_alignment_2_2.jpg';'JHAMAB00021-03_68f5592a3f23e15e4e99bfb3_0_261_2025-10-23_18-04-03/captures/before_alignment_2_2.jpg';1;'Thu Oct 23, 2025 at 14:06:05';'Thu Oct 23, 2025 at 14:06:05'
'before_alignment_2_3.jpg';'JHAMAB00021-03_68f5592a3f23e15e4e99bfb3_0_261_2025-10-23_18-04-03/captures/before_alignment_2_3.jpg';1;'Thu Oct 23, 2025 at 14:06:20';'Thu Oct 23, 2025 at 14:06:20'
'before_alignment_2_4.jpg';'JHAMAB00021-03_68f5592a3f23e15e4e99bfb3_0_261_2025-10-23_18-04-03/captures/before_alignment_2_4.jpg';1;'Thu Oct 23, 2025 at 14:06:35';'Thu Oct 23, 2025 at 14:06:35'
'before_alignment_2_5.jpg';'JHAMAB00021-03_68f5592a3f23e15e4e99bfb3_0_261_2025-10-23_18-04-03/captures/before_alignment_2_5.jpg';1;'Thu Oct 23, 2025 at 14:06:51';'Thu Oct 23, 2025 at 14:06:51'
'before_alignment_3_5.jpg';'JHAMAB00021-03_68f5592a3f23e15e4e99bfb3_0_261_2025-10-23_18-04-03/captures/before_alignment_3_5.jpg';1;'Thu Oct 23, 2025 at 14:07:05';'Thu Oct 23, 2025 at 14:07:05'
'before_alignment_3_4.jpg';'JHAMAB00021-03_68f5592a3f23e15e4e99bfb3_0_261_2025-10-23_18-04-03/captures/before_alignment_3_4.jpg';1;'Thu Oct 23, 2025 at 14:07:21';'Thu Oct 23, 2025 at 14:07:21'
'before_alignment_3_3.jpg';'JHAMAB00021-03_68f5592a3f23e15e4e99bfb3_0_261_2025-10-23_18-04-03/captures/before_alignment_3_3.jpg';1;'Thu Oct 23, 2025 at 14:07:36';'Thu Oct 23, 2025 at 14:07:36'
'before_alignment_3_2.jpg';'JHAMAB00021-03_68f5592a3f23e15e4e99bfb3_0_261_2025-10-23_18-04-03/captures/before_alignment_3_2.jpg';1;'Thu Oct 23, 2025 at 14:07:51';'Thu Oct 23, 2025 at 14:07:51'
'before_alignment_3_1.jpg';'JHAMAB00021-03_68f5592a3f23e15e4e99bfb3_0_261_2025-10-23_18-04-03/captures/before_alignment_3_1.jpg';1;'Thu Oct 23, 2025 at 14:08:18';'Thu Oct 23, 2025 at 14:08:18'
'after_alignment_4_1.jpg';'JHAMAB00021-03_68f5592a3f23e15e4e99bfb3_0_261_2025-10-23_18-04-03/captures/after_alignment_4_1.jpg';1;'Thu Oct 23, 2025 at 14:08:25';'Thu Oct 23, 2025 at 14:08:25'
'after_alignment_4_2.jpg';'JHAMAB00021-03_68f5592a3f23e15e4e99bfb3_0_261_2025-10-23_18-04-03/captures/after_alignment_4_2.jpg';1;'Thu Oct 23, 2025 at 14:08:41';'Thu Oct 23, 2025 at 14:08:41'
'after_alignment_4_3.jpg';'JHAMAB00021-03_68f5592a3f23e15e4e99bfb3_0_261_2025-10-23_18-04-03/captures/after_alignment_4_3.jpg';1;'Thu Oct 23, 2025 at 14:08:56';'Thu Oct 23, 2025 at 14:08:56'
'after_alignment_4_4.jpg';'JHAMAB00021-03_68f5592a3f23e15e4e99bfb3_0_261_2025-10-23_18-04-03/captures/after_alignment_4_4.jpg';1;'Thu Oct 23, 2025 at 14:09:11';'Thu Oct 23, 2025 at 14:09:11'
'after_alignment_4_5.jpg';'JHAMAB00021-03_68f5592a3f23e15e4e99bfb3_0_261_2025-10-23_18-04-03/captures/after_alignment_4_5.jpg';1;'Thu Oct 23, 2025 at 14:09:26';'Thu Oct 23, 2025 at 14:09:26'
'after_alignment_5_5.jpg';'JHAMAB00021-03_68f5592a3f23e15e4e99bfb3_0_261_2025-10-23_18-04-03/captures/after_alignment_5_5.jpg';1;'Thu Oct 23, 2025 at 14:09:41';'Thu Oct 23, 2025 at 14:09:41'
'after_alignment_5_4.jpg';'JHAMAB00021-03_68f5592a3f23e15e4e99bfb3_0_261_2025-10-23_18-04-03/captures/after_alignment_5_4.jpg';1;'Thu Oct 23, 2025 at 14:09:56';'Thu Oct 23, 2025 at 14:09:56'
'after_alignment_5_3.jpg';'JHAMAB00021-03_68f5592a3f23e15e4e99bfb3_0_261_2025-10-23_18-04-03/captures/after_alignment_5_3.jpg';1;'Thu Oct 23, 2025 at 14:10:12';'Thu Oct 23, 2025 at 14:10:12'
'after_alignment_5_2.jpg';'JHAMAB00021-03_68f5592a3f23e15e4e99bfb3_0_261_2025-10-23_18-04-03/captures/after_alignment_5_2.jpg';1;'Thu Oct 23, 2025 at 14:10:27';'Thu Oct 23, 2025 at 14:10:27'
'after_alignment_5_1.jpg';'JHAMAB00021-03_68f5592a3f23e15e4e99bfb3_0_261_2025-10-23_18-04-03/captures/after_alignment_5_1.jpg';1;'Thu Oct 23, 2025 at 14:10:42';'Thu Oct 23, 2025 at 14:10:42'
'before_alignment_1_5.jpg';'JHAMAB00021-04_68f5592a3f23e15e4e99bfb4_0_262_2025-10-23_18-15-25/captures/before_alignment_1_5.jpg';1;'Thu Oct 23, 2025 at 14:15:56';'Thu Oct 23, 2025 at 14:15:56'
'before_alignment_1_4.jpg';'JHAMAB00021-04_68f5592a3f23e15e4e99bfb4_0_262_2025-10-23_18-15-25/captures/before_alignment_1_4.jpg';1;'Thu Oct 23, 2025 at 14:16:06';'Thu Oct 23, 2025 at 14:16:06'
'before_alignment_1_3.jpg';'JHAMAB00021-04_68f5592a3f23e15e4e99bfb4_0_262_2025-10-23_18-15-25/captures/before_alignment_1_3.jpg';1;'Thu Oct 23, 2025 at 14:16:22';'Thu Oct 23, 2025 at 14:16:22'
'before_alignment_1_2.jpg';'JHAMAB00021-04_68f5592a3f23e15e4e99bfb4_0_262_2025-10-23_18-15-25/captures/before_alignment_1_2.jpg';1;'Thu Oct 23, 2025 at 14:16:39';'Thu Oct 23, 2025 at 14:16:39'
'before_alignment_1_1.jpg';'JHAMAB00021-04_68f5592a3f23e15e4e99bfb4_0_262_2025-10-23_18-15-25/captures/before_alignment_1_1.jpg';1;'Thu Oct 23, 2025 at 14:16:55';'Thu Oct 23, 2025 at 14:16:55'
'before_alignment_2_1.jpg';'JHAMAB00021-04_68f5592a3f23e15e4e99bfb4_0_262_2025-10-23_18-15-25/captures/before_alignment_2_1.jpg';1;'Thu Oct 23, 2025 at 14:17:10';'Thu Oct 23, 2025 at 14:17:10'
'before_alignment_2_2.jpg';'JHAMAB00021-04_68f5592a3f23e15e4e99bfb4_0_262_2025-10-23_18-15-25/captures/before_alignment_2_2.jpg';1;'Thu Oct 23, 2025 at 14:17:26';'Thu Oct 23, 2025 at 14:17:26'
'before_alignment_2_3.jpg';'JHAMAB00021-04_68f5592a3f23e15e4e99bfb4_0_262_2025-10-23_18-15-25/captures/before_alignment_2_3.jpg';1;'Thu Oct 23, 2025 at 14:17:44';'Thu Oct 23, 2025 at 14:17:44'
'before_alignment_2_4.jpg';'JHAMAB00021-04_68f5592a3f23e15e4e99bfb4_0_262_2025-10-23_18-15-25/captures/before_alignment_2_4.jpg';1;'Thu Oct 23, 2025 at 14:17:59';'Thu Oct 23, 2025 at 14:17:59'
'before_alignment_2_5.jpg';'JHAMAB00021-04_68f5592a3f23e15e4e99bfb4_0_262_2025-10-23_18-15-25/captures/before_alignment_2_5.jpg';1;'Thu Oct 23, 2025 at 14:18:14';'Thu Oct 23, 2025 at 14:18:14'
'before_alignment_3_5.jpg';'JHAMAB00021-04_68f5592a3f23e15e4e99bfb4_0_262_2025-10-23_18-15-25/captures/before_alignment_3_5.jpg';1;'Thu Oct 23, 2025 at 14:18:30';'Thu Oct 23, 2025 at 14:18:30'
'before_alignment_3_4.jpg';'JHAMAB00021-04_68f5592a3f23e15e4e99bfb4_0_262_2025-10-23_18-15-25/captures/before_alignment_3_4.jpg';1;'Thu Oct 23, 2025 at 14:18:45';'Thu Oct 23, 2025 at 14:18:45'
'before_alignment_3_3.jpg';'JHAMAB00021-04_68f5592a3f23e15e4e99bfb4_0_262_2025-10-23_18-15-25/captures/before_alignment_3_3.jpg';1;'Thu Oct 23, 2025 at 14:19:00';'Thu Oct 23, 2025 at 14:19:00'
'before_alignment_3_2.jpg';'JHAMAB00021-04_68f5592a3f23e15e4e99bfb4_0_262_2025-10-23_18-15-25/captures/before_alignment_3_2.jpg';1;'Thu Oct 23, 2025 at 14:19:15';'Thu Oct 23, 2025 at 14:19:15'
'before_alignment_3_1.jpg';'JHAMAB00021-04_68f5592a3f23e15e4e99bfb4_0_262_2025-10-23_18-15-25/captures/before_alignment_3_1.jpg';1;'Thu Oct 23, 2025 at 14:19:30';'Thu Oct 23, 2025 at 14:19:30'
'before_alignment_4_1.jpg';'JHAMAB00021-04_68f5592a3f23e15e4e99bfb4_0_262_2025-10-23_18-15-25/captures/before_alignment_4_1.jpg';1;'Thu Oct 23, 2025 at 14:19:45';'Thu Oct 23, 2025 at 14:19:45'
'before_alignment_4_2.jpg';'JHAMAB00021-04_68f5592a3f23e15e4e99bfb4_0_262_2025-10-23_18-15-25/captures/before_alignment_4_2.jpg';1;'Thu Oct 23, 2025 at 14:20:01';'Thu Oct 23, 2025 at 14:20:01'
'before_alignment_4_3.jpg';'JHAMAB00021-04_68f5592a3f23e15e4e99bfb4_0_262_2025-10-23_18-15-25/captures/before_alignment_4_3.jpg';1;'Thu Oct 23, 2025 at 14:20:15';'Thu Oct 23, 2025 at 14:20:15'
'before_alignment_4_4.jpg';'JHAMAB00021-04_68f5592a3f23e15e4e99bfb4_0_262_2025-10-23_18-15-25/captures/before_alignment_4_4.jpg';1;'Thu Oct 23, 2025 at 14:20:31';'Thu Oct 23, 2025 at 14:20:31'
'before_alignment_4_5.jpg';'JHAMAB00021-04_68f5592a3f23e15e4e99bfb4_0_262_2025-10-23_18-15-25/captures/before_alignment_4_5.jpg';1;'Thu Oct 23, 2025 at 14:20:46';'Thu Oct 23, 2025 at 14:20:46'
'before_alignment_5_5.jpg';'JHAMAB00021-04_68f5592a3f23e15e4e99bfb4_0_262_2025-10-23_18-15-25/captures/before_alignment_5_5.jpg';1;'Thu Oct 23, 2025 at 14:21:01';'Thu Oct 23, 2025 at 14:21:01'
'before_alignment_5_4.jpg';'JHAMAB00021-04_68f5592a3f23e15e4e99bfb4_0_262_2025-10-23_18-15-25/captures/before_alignment_5_4.jpg';1;'Thu Oct 23, 2025 at 14:21:16';'Thu Oct 23, 2025 at 14:21:16'
'before_alignment_5_3.jpg';'JHAMAB00021-04_68f5592a3f23e15e4e99bfb4_0_262_2025-10-23_18-15-25/captures/before_alignment_5_3.jpg';1;'Thu Oct 23, 2025 at 14:21:31';'Thu Oct 23, 2025 at 14:21:31'
'before_alignment_5_2.jpg';'JHAMAB00021-04_68f5592a3f23e15e4e99bfb4_0_262_2025-10-23_18-15-25/captures/before_alignment_5_2.jpg';1;'Thu Oct 23, 2025 at 14:21:47';'Thu Oct 23, 2025 at 14:21:47'
'before_alignment_5_1.jpg';'JHAMAB00021-04_68f5592a3f23e15e4e99bfb4_0_262_2025-10-23_18-15-25/captures/before_alignment_5_1.jpg';1;'Thu Oct 23, 2025 at 14:22:02';'Thu Oct 23, 2025 at 14:22:02'
'LMI_20251023_JHAMAB00021-04.csv';'JHAMAB00021-04_68f5592a3f23e15e4e99bfb4_0_262_2025-10-23_18-15-25/data_files/LMI_20251023_JHAMAB00021-04.csv';1;'Thu Oct 23, 2025 at 14:22:10';'Thu Oct 23, 2025 at 14:22:10'
'after_alignment_1_5.jpg';'JHAMAB00019-07_68f5589c5c4e7db49fe46b88_0_263_2025-10-23_18-27-16/captures/after_alignment_1_5.jpg';1;'Thu Oct 23, 2025 at 14:27:48';'Thu Oct 23, 2025 at 14:27:48'
'after_alignment_1_4.jpg';'JHAMAB00019-07_68f5589c5c4e7db49fe46b88_0_263_2025-10-23_18-27-16/captures/after_alignment_1_4.jpg';1;'Thu Oct 23, 2025 at 14:27:57';'Thu Oct 23, 2025 at 14:27:57'
'after_alignment_1_3.jpg';'JHAMAB00019-07_68f5589c5c4e7db49fe46b88_0_263_2025-10-23_18-27-16/captures/after_alignment_1_3.jpg';1;'Thu Oct 23, 2025 at 14:28:12';'Thu Oct 23, 2025 at 14:28:12'
'after_alignment_1_2.jpg';'JHAMAB00019-07_68f5589c5c4e7db49fe46b88_0_263_2025-10-23_18-27-16/captures/after_alignment_1_2.jpg';1;'Thu Oct 23, 2025 at 14:28:28';'Thu Oct 23, 2025 at 14:28:28'
'after_alignment_1_1.jpg';'JHAMAB00019-07_68f5589c5c4e7db49fe46b88_0_263_2025-10-23_18-27-16/captures/after_alignment_1_1.jpg';1;'Thu Oct 23, 2025 at 14:28:44';'Thu Oct 23, 2025 at 14:28:44'
'after_alignment_2_1.jpg';'JHAMAB00019-07_68f5589c5c4e7db49fe46b88_0_263_2025-10-23_18-27-16/captures/after_alignment_2_1.jpg';1;'Thu Oct 23, 2025 at 14:28:59';'Thu Oct 23, 2025 at 14:28:59'
'after_alignment_2_2.jpg';'JHAMAB00019-07_68f5589c5c4e7db49fe46b88_0_263_2025-10-23_18-27-16/captures/after_alignment_2_2.jpg';1;'Thu Oct 23, 2025 at 14:29:14';'Thu Oct 23, 2025 at 14:29:14'
'after_alignment_2_3.jpg';'JHAMAB00019-07_68f5589c5c4e7db49fe46b88_0_263_2025-10-23_18-27-16/captures/after_alignment_2_3.jpg';1;'Thu Oct 23, 2025 at 14:29:29';'Thu Oct 23, 2025 at 14:29:29'
'after_alignment_2_4.jpg';'JHAMAB00019-07_68f5589c5c4e7db49fe46b88_0_263_2025-10-23_18-27-16/captures/after_alignment_2_4.jpg';1;'Thu Oct 23, 2025 at 14:29:45';'Thu Oct 23, 2025 at 14:29:45'
'before_alignment_3_5.jpg';'JHAMAB00019-07_68f5589c5c4e7db49fe46b88_0_263_2025-10-23_18-27-16/captures/before_alignment_3_5.jpg';1;'Thu Oct 23, 2025 at 14:30:19';'Thu Oct 23, 2025 at 14:30:19'
'before_alignment_3_4.jpg';'JHAMAB00019-07_68f5589c5c4e7db49fe46b88_0_263_2025-10-23_18-27-16/captures/before_alignment_3_4.jpg';1;'Thu Oct 23, 2025 at 14:30:35';'Thu Oct 23, 2025 at 14:30:35'
'before_alignment_3_3.jpg';'JHAMAB00019-07_68f5589c5c4e7db49fe46b88_0_263_2025-10-23_18-27-16/captures/before_alignment_3_3.jpg';1;'Thu Oct 23, 2025 at 14:30:50';'Thu Oct 23, 2025 at 14:30:50'
'before_alignment_3_2.jpg';'JHAMAB00019-07_68f5589c5c4e7db49fe46b88_0_263_2025-10-23_18-27-16/captures/before_alignment_3_2.jpg';1;'Thu Oct 23, 2025 at 14:31:06';'Thu Oct 23, 2025 at 14:31:06'
'before_alignment_3_1.jpg';'JHAMAB00019-07_68f5589c5c4e7db49fe46b88_0_263_2025-10-23_18-27-16/captures/before_alignment_3_1.jpg';1;'Thu Oct 23, 2025 at 14:31:20';'Thu Oct 23, 2025 at 14:31:20'
'before_alignment_4_1.jpg';'JHAMAB00019-07_68f5589c5c4e7db49fe46b88_0_263_2025-10-23_18-27-16/captures/before_alignment_4_1.jpg';1;'Thu Oct 23, 2025 at 14:31:36';'Thu Oct 23, 2025 at 14:31:36'
'before_alignment_4_2.jpg';'JHAMAB00019-07_68f5589c5c4e7db49fe46b88_0_263_2025-10-23_18-27-16/captures/before_alignment_4_2.jpg';1;'Thu Oct 23, 2025 at 14:31:50';'Thu Oct 23, 2025 at 14:31:50'
'before_alignment_4_3.jpg';'JHAMAB00019-07_68f5589c5c4e7db49fe46b88_0_263_2025-10-23_18-27-16/captures/before_alignment_4_3.jpg';1;'Thu Oct 23, 2025 at 14:32:06';'Thu Oct 23, 2025 at 14:32:06'
'before_alignment_4_4.jpg';'JHAMAB00019-07_68f5589c5c4e7db49fe46b88_0_263_2025-10-23_18-27-16/captures/before_alignment_4_4.jpg';1;'Thu Oct 23, 2025 at 14:32:21';'Thu Oct 23, 2025 at 14:32:21'
'before_alignment_4_5.jpg';'JHAMAB00019-07_68f5589c5c4e7db49fe46b88_0_263_2025-10-23_18-27-16/captures/before_alignment_4_5.jpg';1;'Thu Oct 23, 2025 at 14:32:36';'Thu Oct 23, 2025 at 14:32:36'
'before_alignment_5_5.jpg';'JHAMAB00019-07_68f5589c5c4e7db49fe46b88_0_263_2025-10-23_18-27-16/captures/before_alignment_5_5.jpg';1;'Thu Oct 23, 2025 at 14:32:52';'Thu Oct 23, 2025 at 14:32:52'
'before_alignment_5_4.jpg';'JHAMAB00019-07_68f5589c5c4e7db49fe46b88_0_263_2025-10-23_18-27-16/captures/before_alignment_5_4.jpg';1;'Thu Oct 23, 2025 at 14:33:07';'Thu Oct 23, 2025 at 14:33:07'
'before_alignment_5_3.jpg';'JHAMAB00019-07_68f5589c5c4e7db49fe46b88_0_263_2025-10-23_18-27-16/captures/before_alignment_5_3.jpg';1;'Thu Oct 23, 2025 at 14:33:22';'Thu Oct 23, 2025 at 14:33:22'
'before_alignment_5_2.jpg';'JHAMAB00019-07_68f5589c5c4e7db49fe46b88_0_263_2025-10-23_18-27-16/captures/before_alignment_5_2.jpg';1;'Thu Oct 23, 2025 at 14:33:37';'Thu Oct 23, 2025 at 14:33:37'
'before_alignment_5_1.jpg';'JHAMAB00019-07_68f5589c5c4e7db49fe46b88_0_263_2025-10-23_18-27-16/captures/before_alignment_5_1.jpg';1;'Thu Oct 23, 2025 at 14:33:52';'Thu Oct 23, 2025 at 14:33:52'
'LMI_20251023_JHAMAB00019-07.csv';'JHAMAB00019-07_68f5589c5c4e7db49fe46b88_0_263_2025-10-23_18-27-16/data_files/LMI_20251023_JHAMAB00019-07.csv';1;'Thu Oct 23, 2025 at 14:34:00';'Thu Oct 23, 2025 at 14:34:00'
'after_alignment_1_5.jpg';'JHAMAB00019-08_68f5589c5c4e7db49fe46b89_0_264_2025-10-23_18-38-20/captures/after_alignment_1_5.jpg';1;'Thu Oct 23, 2025 at 14:38:53';'Thu Oct 23, 2025 at 14:38:53'
'after_alignment_1_4.jpg';'JHAMAB00019-08_68f5589c5c4e7db49fe46b89_0_264_2025-10-23_18-38-20/captures/after_alignment_1_4.jpg';1;'Thu Oct 23, 2025 at 14:39:00';'Thu Oct 23, 2025 at 14:39:00'
'after_alignment_1_3.jpg';'JHAMAB00019-08_68f5589c5c4e7db49fe46b89_0_264_2025-10-23_18-38-20/captures/after_alignment_1_3.jpg';1;'Thu Oct 23, 2025 at 14:39:16';'Thu Oct 23, 2025 at 14:39:16'
'after_alignment_1_2.jpg';'JHAMAB00019-08_68f5589c5c4e7db49fe46b89_0_264_2025-10-23_18-38-20/captures/after_alignment_1_2.jpg';1;'Thu Oct 23, 2025 at 14:39:31';'Thu Oct 23, 2025 at 14:39:31'
'after_alignment_1_1.jpg';'JHAMAB00019-08_68f5589c5c4e7db49fe46b89_0_264_2025-10-23_18-38-20/captures/after_alignment_1_1.jpg';1;'Thu Oct 23, 2025 at 14:39:46';'Thu Oct 23, 2025 at 14:39:46'
'before_alignment_2_2.jpg';'JHAMAB00019-08_68f5589c5c4e7db49fe46b89_0_264_2025-10-23_18-38-20/captures/before_alignment_2_2.jpg';1;'Thu Oct 23, 2025 at 14:40:21';'Thu Oct 23, 2025 at 14:40:21'
'before_alignment_2_3.jpg';'JHAMAB00019-08_68f5589c5c4e7db49fe46b89_0_264_2025-10-23_18-38-20/captures/before_alignment_2_3.jpg';1;'Thu Oct 23, 2025 at 14:40:36';'Thu Oct 23, 2025 at 14:40:36'
'before_alignment_2_4.jpg';'JHAMAB00019-08_68f5589c5c4e7db49fe46b89_0_264_2025-10-23_18-38-20/captures/before_alignment_2_4.jpg';1;'Thu Oct 23, 2025 at 14:40:51';'Thu Oct 23, 2025 at 14:40:51'
'before_alignment_2_5.jpg';'JHAMAB00019-08_68f5589c5c4e7db49fe46b89_0_264_2025-10-23_18-38-20/captures/before_alignment_2_5.jpg';1;'Thu Oct 23, 2025 at 14:41:06';'Thu Oct 23, 2025 at 14:41:06'
'before_alignment_3_5.jpg';'JHAMAB00019-08_68f5589c5c4e7db49fe46b89_0_264_2025-10-23_18-38-20/captures/before_alignment_3_5.jpg';1;'Thu Oct 23, 2025 at 14:41:21';'Thu Oct 23, 2025 at 14:41:21'
'before_alignment_3_4.jpg';'JHAMAB00019-08_68f5589c5c4e7db49fe46b89_0_264_2025-10-23_18-38-20/captures/before_alignment_3_4.jpg';1;'Thu Oct 23, 2025 at 14:41:36';'Thu Oct 23, 2025 at 14:41:36'
'before_alignment_3_3.jpg';'JHAMAB00019-08_68f5589c5c4e7db49fe46b89_0_264_2025-10-23_18-38-20/captures/before_alignment_3_3.jpg';1;'Thu Oct 23, 2025 at 14:41:52';'Thu Oct 23, 2025 at 14:41:52'
'before_alignment_3_2.jpg';'JHAMAB00019-08_68f5589c5c4e7db49fe46b89_0_264_2025-10-23_18-38-20/captures/before_alignment_3_2.jpg';1;'Thu Oct 23, 2025 at 14:42:07';'Thu Oct 23, 2025 at 14:42:07'
'before_alignment_3_1.jpg';'JHAMAB00019-08_68f5589c5c4e7db49fe46b89_0_264_2025-10-23_18-38-20/captures/before_alignment_3_1.jpg';1;'Thu Oct 23, 2025 at 14:42:22';'Thu Oct 23, 2025 at 14:42:22'
'before_alignment_4_1.jpg';'JHAMAB00019-08_68f5589c5c4e7db49fe46b89_0_264_2025-10-23_18-38-20/captures/before_alignment_4_1.jpg';1;'Thu Oct 23, 2025 at 14:42:37';'Thu Oct 23, 2025 at 14:42:37'
'before_alignment_4_2.jpg';'JHAMAB00019-08_68f5589c5c4e7db49fe46b89_0_264_2025-10-23_18-38-20/captures/before_alignment_4_2.jpg';1;'Thu Oct 23, 2025 at 14:42:52';'Thu Oct 23, 2025 at 14:42:52'
'before_alignment_4_3.jpg';'JHAMAB00019-08_68f5589c5c4e7db49fe46b89_0_264_2025-10-23_18-38-20/captures/before_alignment_4_3.jpg';1;'Thu Oct 23, 2025 at 14:43:07';'Thu Oct 23, 2025 at 14:43:07'
'before_alignment_4_4.jpg';'JHAMAB00019-08_68f5589c5c4e7db49fe46b89_0_264_2025-10-23_18-38-20/captures/before_alignment_4_4.jpg';1;'Thu Oct 23, 2025 at 14:43:22';'Thu Oct 23, 2025 at 14:43:22'
'before_alignment_4_5.jpg';'JHAMAB00019-08_68f5589c5c4e7db49fe46b89_0_264_2025-10-23_18-38-20/captures/before_alignment_4_5.jpg';1;'Thu Oct 23, 2025 at 14:43:38';'Thu Oct 23, 2025 at 14:43:38'
'before_alignment_5_5.jpg';'JHAMAB00019-08_68f5589c5c4e7db49fe46b89_0_264_2025-10-23_18-38-20/captures/before_alignment_5_5.jpg';1;'Thu Oct 23, 2025 at 14:43:53';'Thu Oct 23, 2025 at 14:43:53'
'before_alignment_5_4.jpg';'JHAMAB00019-08_68f5589c5c4e7db49fe46b89_0_264_2025-10-23_18-38-20/captures/before_alignment_5_4.jpg';1;'Thu Oct 23, 2025 at 14:44:09';'Thu Oct 23, 2025 at 14:44:09'
'before_alignment_5_3.jpg';'JHAMAB00019-08_68f5589c5c4e7db49fe46b89_0_264_2025-10-23_18-38-20/captures/before_alignment_5_3.jpg';1;'Thu Oct 23, 2025 at 14:44:23';'Thu Oct 23, 2025 at 14:44:23'
'before_alignment_5_2.jpg';'JHAMAB00019-08_68f5589c5c4e7db49fe46b89_0_264_2025-10-23_18-38-20/captures/before_alignment_5_2.jpg';1;'Thu Oct 23, 2025 at 14:44:40';'Thu Oct 23, 2025 at 14:44:40'
'before_alignment_5_1.jpg';'JHAMAB00019-08_68f5589c5c4e7db49fe46b89_0_264_2025-10-23_18-38-20/captures/before_alignment_5_1.jpg';1;'Thu Oct 23, 2025 at 14:44:56';'Thu Oct 23, 2025 at 14:44:56'
'LMI_20251023_JHAMAB00019-08.csv';'JHAMAB00019-08_68f5589c5c4e7db49fe46b89_0_264_2025-10-23_18-38-20/data_files/LMI_20251023_JHAMAB00019-08.csv';1;'Thu Oct 23, 2025 at 14:45:03';'Thu Oct 23, 2025 at 14:45:03'
'after_alignment_1_5.jpg';'JHAMAB00019-09_68f5589c5c4e7db49fe46b8a_0_265_2025-10-23_18-49-12/captures/after_alignment_1_5.jpg';1;'Thu Oct 23, 2025 at 14:49:42';'Thu Oct 23, 2025 at 14:49:42'
'after_alignment_1_4.jpg';'JHAMAB00019-09_68f5589c5c4e7db49fe46b8a_0_265_2025-10-23_18-49-12/captures/after_alignment_1_4.jpg';1;'Thu Oct 23, 2025 at 14:49:52';'Thu Oct 23, 2025 at 14:49:52'
'after_alignment_1_3.jpg';'JHAMAB00019-09_68f5589c5c4e7db49fe46b8a_0_265_2025-10-23_18-49-12/captures/after_alignment_1_3.jpg';1;'Thu Oct 23, 2025 at 14:50:07';'Thu Oct 23, 2025 at 14:50:07'
'after_alignment_1_2.jpg';'JHAMAB00019-09_68f5589c5c4e7db49fe46b8a_0_265_2025-10-23_18-49-12/captures/after_alignment_1_2.jpg';1;'Thu Oct 23, 2025 at 14:50:22';'Thu Oct 23, 2025 at 14:50:22'
'before_alignment_2_1.jpg';'JHAMAB00019-09_68f5589c5c4e7db49fe46b8a_0_265_2025-10-23_18-49-12/captures/before_alignment_2_1.jpg';1;'Thu Oct 23, 2025 at 14:50:57';'Thu Oct 23, 2025 at 14:50:57'
'before_alignment_2_2.jpg';'JHAMAB00019-09_68f5589c5c4e7db49fe46b8a_0_265_2025-10-23_18-49-12/captures/before_alignment_2_2.jpg';1;'Thu Oct 23, 2025 at 14:51:24';'Thu Oct 23, 2025 at 14:51:24'
'after_alignment_2_3.jpg';'JHAMAB00019-09_68f5589c5c4e7db49fe46b8a_0_265_2025-10-23_18-49-12/captures/after_alignment_2_3.jpg';1;'Thu Oct 23, 2025 at 14:51:32';'Thu Oct 23, 2025 at 14:51:32'
'after_alignment_2_4.jpg';'JHAMAB00019-09_68f5589c5c4e7db49fe46b8a_0_265_2025-10-23_18-49-12/captures/after_alignment_2_4.jpg';1;'Thu Oct 23, 2025 at 14:51:48';'Thu Oct 23, 2025 at 14:51:48'
'after_alignment_2_5.jpg';'JHAMAB00019-09_68f5589c5c4e7db49fe46b8a_0_265_2025-10-23_18-49-12/captures/after_alignment_2_5.jpg';1;'Thu Oct 23, 2025 at 14:52:03';'Thu Oct 23, 2025 at 14:52:03'
'after_alignment_3_5.jpg';'JHAMAB00019-09_68f5589c5c4e7db49fe46b8a_0_265_2025-10-23_18-49-12/captures/after_alignment_3_5.jpg';1;'Thu Oct 23, 2025 at 14:52:18';'Thu Oct 23, 2025 at 14:52:18'
'after_alignment_3_4.jpg';'JHAMAB00019-09_68f5589c5c4e7db49fe46b8a_0_265_2025-10-23_18-49-12/captures/after_alignment_3_4.jpg';1;'Thu Oct 23, 2025 at 14:52:34';'Thu Oct 23, 2025 at 14:52:34'
'after_alignment_3_3.jpg';'JHAMAB00019-09_68f5589c5c4e7db49fe46b8a_0_265_2025-10-23_18-49-12/captures/after_alignment_3_3.jpg';1;'Thu Oct 23, 2025 at 14:52:49';'Thu Oct 23, 2025 at 14:52:49'
'after_alignment_3_2.jpg';'JHAMAB00019-09_68f5589c5c4e7db49fe46b8a_0_265_2025-10-23_18-49-12/captures/after_alignment_3_2.jpg';1;'Thu Oct 23, 2025 at 14:53:04';'Thu Oct 23, 2025 at 14:53:04'
'after_alignment_3_1.jpg';'JHAMAB00019-09_68f5589c5c4e7db49fe46b8a_0_265_2025-10-23_18-49-12/captures/after_alignment_3_1.jpg';1;'Thu Oct 23, 2025 at 14:53:20';'Thu Oct 23, 2025 at 14:53:20'
'after_alignment_4_1.jpg';'JHAMAB00019-09_68f5589c5c4e7db49fe46b8a_0_265_2025-10-23_18-49-12/captures/after_alignment_4_1.jpg';1;'Thu Oct 23, 2025 at 14:53:36';'Thu Oct 23, 2025 at 14:53:36'
'after_alignment_4_2.jpg';'JHAMAB00019-09_68f5589c5c4e7db49fe46b8a_0_265_2025-10-23_18-49-12/captures/after_alignment_4_2.jpg';1;'Thu Oct 23, 2025 at 14:53:50';'Thu Oct 23, 2025 at 14:53:50'
'after_alignment_4_3.jpg';'JHAMAB00019-09_68f5589c5c4e7db49fe46b8a_0_265_2025-10-23_18-49-12/captures/after_alignment_4_3.jpg';1;'Thu Oct 23, 2025 at 14:54:06';'Thu Oct 23, 2025 at 14:54:06'
'after_alignment_4_4.jpg';'JHAMAB00019-09_68f5589c5c4e7db49fe46b8a_0_265_2025-10-23_18-49-12/captures/after_alignment_4_4.jpg';1;'Thu Oct 23, 2025 at 14:54:21';'Thu Oct 23, 2025 at 14:54:21'
'after_alignment_4_5.jpg';'JHAMAB00019-09_68f5589c5c4e7db49fe46b8a_0_265_2025-10-23_18-49-12/captures/after_alignment_4_5.jpg';1;'Thu Oct 23, 2025 at 14:54:36';'Thu Oct 23, 2025 at 14:54:36'
'after_alignment_5_5.jpg';'JHAMAB00019-09_68f5589c5c4e7db49fe46b8a_0_265_2025-10-23_18-49-12/captures/after_alignment_5_5.jpg';1;'Thu Oct 23, 2025 at 14:54:51';'Thu Oct 23, 2025 at 14:54:51'
'after_alignment_5_4.jpg';'JHAMAB00019-09_68f5589c5c4e7db49fe46b8a_0_265_2025-10-23_18-49-12/captures/after_alignment_5_4.jpg';1;'Thu Oct 23, 2025 at 14:55:06';'Thu Oct 23, 2025 at 14:55:06'
'after_alignment_5_3.jpg';'JHAMAB00019-09_68f5589c5c4e7db49fe46b8a_0_265_2025-10-23_18-49-12/captures/after_alignment_5_3.jpg';1;'Thu Oct 23, 2025 at 14:55:22';'Thu Oct 23, 2025 at 14:55:22'
'after_alignment_5_2.jpg';'JHAMAB00019-09_68f5589c5c4e7db49fe46b8a_0_265_2025-10-23_18-49-12/captures/after_alignment_5_2.jpg';1;'Thu Oct 23, 2025 at 14:55:37';'Thu Oct 23, 2025 at 14:55:37'
'after_alignment_5_1.jpg';'JHAMAB00019-09_68f5589c5c4e7db49fe46b8a_0_265_2025-10-23_18-49-12/captures/after_alignment_5_1.jpg';1;'Thu Oct 23, 2025 at 14:55:52';'Thu Oct 23, 2025 at 14:55:52'
'before_alignment_1_5.jpg';'JHAMAB00020-07_68f558f43f23e15e4e99bf9c_0_266_2025-10-23_19-01-46/captures/before_alignment_1_5.jpg';1;'Thu Oct 23, 2025 at 15:02:11';'Thu Oct 23, 2025 at 15:02:11'
'before_alignment_1_4.jpg';'JHAMAB00020-07_68f558f43f23e15e4e99bf9c_0_266_2025-10-23_19-01-46/captures/before_alignment_1_4.jpg';1;'Thu Oct 23, 2025 at 15:02:26';'Thu Oct 23, 2025 at 15:02:26'
'before_alignment_1_3.jpg';'JHAMAB00020-07_68f558f43f23e15e4e99bf9c_0_266_2025-10-23_19-01-46/captures/before_alignment_1_3.jpg';1;'Thu Oct 23, 2025 at 15:02:41';'Thu Oct 23, 2025 at 15:02:41'
'before_alignment_1_2.jpg';'JHAMAB00020-07_68f558f43f23e15e4e99bf9c_0_266_2025-10-23_19-01-46/captures/before_alignment_1_2.jpg';1;'Thu Oct 23, 2025 at 15:02:56';'Thu Oct 23, 2025 at 15:02:56'
'before_alignment_1_1.jpg';'JHAMAB00020-07_68f558f43f23e15e4e99bf9c_0_266_2025-10-23_19-01-46/captures/before_alignment_1_1.jpg';1;'Thu Oct 23, 2025 at 15:03:11';'Thu Oct 23, 2025 at 15:03:11'
'before_alignment_2_1.jpg';'JHAMAB00020-07_68f558f43f23e15e4e99bf9c_0_266_2025-10-23_19-01-46/captures/before_alignment_2_1.jpg';1;'Thu Oct 23, 2025 at 15:03:26';'Thu Oct 23, 2025 at 15:03:26'
'before_alignment_2_2.jpg';'JHAMAB00020-07_68f558f43f23e15e4e99bf9c_0_266_2025-10-23_19-01-46/captures/before_alignment_2_2.jpg';1;'Thu Oct 23, 2025 at 15:03:41';'Thu Oct 23, 2025 at 15:03:41'
'before_alignment_2_3.jpg';'JHAMAB00020-07_68f558f43f23e15e4e99bf9c_0_266_2025-10-23_19-01-46/captures/before_alignment_2_3.jpg';1;'Thu Oct 23, 2025 at 15:03:57';'Thu Oct 23, 2025 at 15:03:57'
'before_alignment_2_4.jpg';'JHAMAB00020-07_68f558f43f23e15e4e99bf9c_0_266_2025-10-23_19-01-46/captures/before_alignment_2_4.jpg';1;'Thu Oct 23, 2025 at 15:04:12';'Thu Oct 23, 2025 at 15:04:12'
'before_alignment_2_5.jpg';'JHAMAB00020-07_68f558f43f23e15e4e99bf9c_0_266_2025-10-23_19-01-46/captures/before_alignment_2_5.jpg';1;'Thu Oct 23, 2025 at 15:04:27';'Thu Oct 23, 2025 at 15:04:27'
'before_alignment_3_5.jpg';'JHAMAB00020-07_68f558f43f23e15e4e99bf9c_0_266_2025-10-23_19-01-46/captures/before_alignment_3_5.jpg';1;'Thu Oct 23, 2025 at 15:04:43';'Thu Oct 23, 2025 at 15:04:43'
'before_alignment_3_4.jpg';'JHAMAB00020-07_68f558f43f23e15e4e99bf9c_0_266_2025-10-23_19-01-46/captures/before_alignment_3_4.jpg';1;'Thu Oct 23, 2025 at 15:04:57';'Thu Oct 23, 2025 at 15:04:57'
'before_alignment_3_3.jpg';'JHAMAB00020-07_68f558f43f23e15e4e99bf9c_0_266_2025-10-23_19-01-46/captures/before_alignment_3_3.jpg';1;'Thu Oct 23, 2025 at 15:05:13';'Thu Oct 23, 2025 at 15:05:13'
'before_alignment_3_2.jpg';'JHAMAB00020-07_68f558f43f23e15e4e99bf9c_0_266_2025-10-23_19-01-46/captures/before_alignment_3_2.jpg';1;'Thu Oct 23, 2025 at 15:05:28';'Thu Oct 23, 2025 at 15:05:28'
'before_alignment_3_1.jpg';'JHAMAB00020-07_68f558f43f23e15e4e99bf9c_0_266_2025-10-23_19-01-46/captures/before_alignment_3_1.jpg';1;'Thu Oct 23, 2025 at 15:05:43';'Thu Oct 23, 2025 at 15:05:43'
'before_alignment_4_1.jpg';'JHAMAB00020-07_68f558f43f23e15e4e99bf9c_0_266_2025-10-23_19-01-46/captures/before_alignment_4_1.jpg';1;'Thu Oct 23, 2025 at 15:05:58';'Thu Oct 23, 2025 at 15:05:58'
'before_alignment_4_2.jpg';'JHAMAB00020-07_68f558f43f23e15e4e99bf9c_0_266_2025-10-23_19-01-46/captures/before_alignment_4_2.jpg';1;'Thu Oct 23, 2025 at 15:06:13';'Thu Oct 23, 2025 at 15:06:13'
'before_alignment_4_3.jpg';'JHAMAB00020-07_68f558f43f23e15e4e99bf9c_0_266_2025-10-23_19-01-46/captures/before_alignment_4_3.jpg';1;'Thu Oct 23, 2025 at 15:06:29';'Thu Oct 23, 2025 at 15:06:29'
'before_alignment_4_4.jpg';'JHAMAB00020-07_68f558f43f23e15e4e99bf9c_0_266_2025-10-23_19-01-46/captures/before_alignment_4_4.jpg';1;'Thu Oct 23, 2025 at 15:06:43';'Thu Oct 23, 2025 at 15:06:43'
'before_alignment_4_5.jpg';'JHAMAB00020-07_68f558f43f23e15e4e99bf9c_0_266_2025-10-23_19-01-46/captures/before_alignment_4_5.jpg';1;'Thu Oct 23, 2025 at 15:06:58';'Thu Oct 23, 2025 at 15:06:58'
'before_alignment_5_5.jpg';'JHAMAB00020-07_68f558f43f23e15e4e99bf9c_0_266_2025-10-23_19-01-46/captures/before_alignment_5_5.jpg';1;'Thu Oct 23, 2025 at 15:07:14';'Thu Oct 23, 2025 at 15:07:14'
'before_alignment_5_4.jpg';'JHAMAB00020-07_68f558f43f23e15e4e99bf9c_0_266_2025-10-23_19-01-46/captures/before_alignment_5_4.jpg';1;'Thu Oct 23, 2025 at 15:07:29';'Thu Oct 23, 2025 at 15:07:29'
'before_alignment_5_3.jpg';'JHAMAB00020-07_68f558f43f23e15e4e99bf9c_0_266_2025-10-23_19-01-46/captures/before_alignment_5_3.jpg';1;'Thu Oct 23, 2025 at 15:07:44';'Thu Oct 23, 2025 at 15:07:44'
'before_alignment_5_2.jpg';'JHAMAB00020-07_68f558f43f23e15e4e99bf9c_0_266_2025-10-23_19-01-46/captures/before_alignment_5_2.jpg';1;'Thu Oct 23, 2025 at 15:07:59';'Thu Oct 23, 2025 at 15:07:59'
'before_alignment_5_1.jpg';'JHAMAB00020-07_68f558f43f23e15e4e99bf9c_0_266_2025-10-23_19-01-46/captures/before_alignment_5_1.jpg';1;'Thu Oct 23, 2025 at 15:08:14';'Thu Oct 23, 2025 at 15:08:14'
'LMI_20251023_JHAMAB00020-07.csv';'JHAMAB00020-07_68f558f43f23e15e4e99bf9c_0_266_2025-10-23_19-01-46/data_files/LMI_20251023_JHAMAB00020-07.csv';1;'Thu Oct 23, 2025 at 15:08:14';'Thu Oct 23, 2025 at 15:08:14'
'after_alignment_1_5.jpg';'JHAMAB00020-08_68f558f43f23e15e4e99bf9d_0_267_2025-10-23_19-12-14/captures/after_alignment_1_5.jpg';1;'Thu Oct 23, 2025 at 15:12:41';'Thu Oct 23, 2025 at 15:12:41'
'after_alignment_1_4.jpg';'JHAMAB00020-08_68f558f43f23e15e4e99bf9d_0_267_2025-10-23_19-12-14/captures/after_alignment_1_4.jpg';1;'Thu Oct 23, 2025 at 15:12:48';'Thu Oct 23, 2025 at 15:12:48'
'after_alignment_1_3.jpg';'JHAMAB00020-08_68f558f43f23e15e4e99bf9d_0_267_2025-10-23_19-12-14/captures/after_alignment_1_3.jpg';1;'Thu Oct 23, 2025 at 15:13:03';'Thu Oct 23, 2025 at 15:13:03'
'after_alignment_1_2.jpg';'JHAMAB00020-08_68f558f43f23e15e4e99bf9d_0_267_2025-10-23_19-12-14/captures/after_alignment_1_2.jpg';1;'Thu Oct 23, 2025 at 15:13:18';'Thu Oct 23, 2025 at 15:13:18'
'after_alignment_1_1.jpg';'JHAMAB00020-08_68f558f43f23e15e4e99bf9d_0_267_2025-10-23_19-12-14/captures/after_alignment_1_1.jpg';1;'Thu Oct 23, 2025 at 15:13:34';'Thu Oct 23, 2025 at 15:13:34'
'after_alignment_2_1.jpg';'JHAMAB00020-08_68f558f43f23e15e4e99bf9d_0_267_2025-10-23_19-12-14/captures/after_alignment_2_1.jpg';1;'Thu Oct 23, 2025 at 15:13:50';'Thu Oct 23, 2025 at 15:13:50'
'after_alignment_2_2.jpg';'JHAMAB00020-08_68f558f43f23e15e4e99bf9d_0_267_2025-10-23_19-12-14/captures/after_alignment_2_2.jpg';1;'Thu Oct 23, 2025 at 15:14:05';'Thu Oct 23, 2025 at 15:14:05'
'after_alignment_2_3.jpg';'JHAMAB00020-08_68f558f43f23e15e4e99bf9d_0_267_2025-10-23_19-12-14/captures/after_alignment_2_3.jpg';1;'Thu Oct 23, 2025 at 15:14:20';'Thu Oct 23, 2025 at 15:14:20'
'after_alignment_2_4.jpg';'JHAMAB00020-08_68f558f43f23e15e4e99bf9d_0_267_2025-10-23_19-12-14/captures/after_alignment_2_4.jpg';1;'Thu Oct 23, 2025 at 15:14:36';'Thu Oct 23, 2025 at 15:14:36'
'after_alignment_2_5.jpg';'JHAMAB00020-08_68f558f43f23e15e4e99bf9d_0_267_2025-10-23_19-12-14/captures/after_alignment_2_5.jpg';1;'Thu Oct 23, 2025 at 15:14:51';'Thu Oct 23, 2025 at 15:14:51'
'after_alignment_3_5.jpg';'JHAMAB00020-08_68f558f43f23e15e4e99bf9d_0_267_2025-10-23_19-12-14/captures/after_alignment_3_5.jpg';1;'Thu Oct 23, 2025 at 15:15:06';'Thu Oct 23, 2025 at 15:15:06'
'after_alignment_3_4.jpg';'JHAMAB00020-08_68f558f43f23e15e4e99bf9d_0_267_2025-10-23_19-12-14/captures/after_alignment_3_4.jpg';1;'Thu Oct 23, 2025 at 15:15:22';'Thu Oct 23, 2025 at 15:15:22'
'after_alignment_3_3.jpg';'JHAMAB00020-08_68f558f43f23e15e4e99bf9d_0_267_2025-10-23_19-12-14/captures/after_alignment_3_3.jpg';1;'Thu Oct 23, 2025 at 15:15:37';'Thu Oct 23, 2025 at 15:15:37'
'after_alignment_3_2.jpg';'JHAMAB00020-08_68f558f43f23e15e4e99bf9d_0_267_2025-10-23_19-12-14/captures/after_alignment_3_2.jpg';1;'Thu Oct 23, 2025 at 15:15:52';'Thu Oct 23, 2025 at 15:15:52'
'after_alignment_3_1.jpg';'JHAMAB00020-08_68f558f43f23e15e4e99bf9d_0_267_2025-10-23_19-12-14/captures/after_alignment_3_1.jpg';1;'Thu Oct 23, 2025 at 15:16:08';'Thu Oct 23, 2025 at 15:16:08'
'after_alignment_4_1.jpg';'JHAMAB00020-08_68f558f43f23e15e4e99bf9d_0_267_2025-10-23_19-12-14/captures/after_alignment_4_1.jpg';1;'Thu Oct 23, 2025 at 15:16:24';'Thu Oct 23, 2025 at 15:16:24'
'after_alignment_4_2.jpg';'JHAMAB00020-08_68f558f43f23e15e4e99bf9d_0_267_2025-10-23_19-12-14/captures/after_alignment_4_2.jpg';1;'Thu Oct 23, 2025 at 15:16:39';'Thu Oct 23, 2025 at 15:16:39'
'after_alignment_4_3.jpg';'JHAMAB00020-08_68f558f43f23e15e4e99bf9d_0_267_2025-10-23_19-12-14/captures/after_alignment_4_3.jpg';1;'Thu Oct 23, 2025 at 15:16:47';'Thu Oct 23, 2025 at 15:16:47'
'after_alignment_4_4.jpg';'JHAMAB00020-08_68f558f43f23e15e4e99bf9d_0_267_2025-10-23_19-12-14/captures/after_alignment_4_4.jpg';1;'Thu Oct 23, 2025 at 15:17:02';'Thu Oct 23, 2025 at 15:17:02'
'after_alignment_4_5.jpg';'JHAMAB00020-08_68f558f43f23e15e4e99bf9d_0_267_2025-10-23_19-12-14/captures/after_alignment_4_5.jpg';1;'Thu Oct 23, 2025 at 15:17:10';'Thu Oct 23, 2025 at 15:17:10'
'after_alignment_5_5.jpg';'JHAMAB00020-08_68f558f43f23e15e4e99bf9d_0_267_2025-10-23_19-12-14/captures/after_alignment_5_5.jpg';1;'Thu Oct 23, 2025 at 15:17:27';'Thu Oct 23, 2025 at 15:17:27'
'after_alignment_5_4.jpg';'JHAMAB00020-08_68f558f43f23e15e4e99bf9d_0_267_2025-10-23_19-12-14/captures/after_alignment_5_4.jpg';1;'Thu Oct 23, 2025 at 15:17:42';'Thu Oct 23, 2025 at 15:17:42'
'after_alignment_5_3.jpg';'JHAMAB00020-08_68f558f43f23e15e4e99bf9d_0_267_2025-10-23_19-12-14/captures/after_alignment_5_3.jpg';1;'Thu Oct 23, 2025 at 15:17:57';'Thu Oct 23, 2025 at 15:17:57'
'after_alignment_5_2.jpg';'JHAMAB00020-08_68f558f43f23e15e4e99bf9d_0_267_2025-10-23_19-12-14/captures/after_alignment_5_2.jpg';1;'Thu Oct 23, 2025 at 15:18:12';'Thu Oct 23, 2025 at 15:18:12'
'after_alignment_5_1.jpg';'JHAMAB00020-08_68f558f43f23e15e4e99bf9d_0_267_2025-10-23_19-12-14/captures/after_alignment_5_1.jpg';1;'Thu Oct 23, 2025 at 15:18:20';'Thu Oct 23, 2025 at 15:18:20'
'before_alignment_1_5.jpg';'JHAMAB00020-09_68f558f43f23e15e4e99bf9e_0_268_2025-10-23_19-22-37/captures/before_alignment_1_5.jpg';1;'Thu Oct 23, 2025 at 15:23:07';'Thu Oct 23, 2025 at 15:23:07'
'before_alignment_1_4.jpg';'JHAMAB00020-09_68f558f43f23e15e4e99bf9e_0_268_2025-10-23_19-22-37/captures/before_alignment_1_4.jpg';1;'Thu Oct 23, 2025 at 15:23:17';'Thu Oct 23, 2025 at 15:23:17'
'before_alignment_1_3.jpg';'JHAMAB00020-09_68f558f43f23e15e4e99bf9e_0_268_2025-10-23_19-22-37/captures/before_alignment_1_3.jpg';1;'Thu Oct 23, 2025 at 15:23:32';'Thu Oct 23, 2025 at 15:23:32'
'before_alignment_1_2.jpg';'JHAMAB00020-09_68f558f43f23e15e4e99bf9e_0_268_2025-10-23_19-22-37/captures/before_alignment_1_2.jpg';1;'Thu Oct 23, 2025 at 15:23:49';'Thu Oct 23, 2025 at 15:23:49'
'before_alignment_1_1.jpg';'JHAMAB00020-09_68f558f43f23e15e4e99bf9e_0_268_2025-10-23_19-22-37/captures/before_alignment_1_1.jpg';1;'Thu Oct 23, 2025 at 15:24:04';'Thu Oct 23, 2025 at 15:24:04'
'before_alignment_2_1.jpg';'JHAMAB00020-09_68f558f43f23e15e4e99bf9e_0_268_2025-10-23_19-22-37/captures/before_alignment_2_1.jpg';1;'Thu Oct 23, 2025 at 15:24:20';'Thu Oct 23, 2025 at 15:24:20'
'before_alignment_2_2.jpg';'JHAMAB00020-09_68f558f43f23e15e4e99bf9e_0_268_2025-10-23_19-22-37/captures/before_alignment_2_2.jpg';1;'Thu Oct 23, 2025 at 15:24:35';'Thu Oct 23, 2025 at 15:24:35'
'before_alignment_2_3.jpg';'JHAMAB00020-09_68f558f43f23e15e4e99bf9e_0_268_2025-10-23_19-22-37/captures/before_alignment_2_3.jpg';1;'Thu Oct 23, 2025 at 15:24:51';'Thu Oct 23, 2025 at 15:24:51'
'before_alignment_2_4.jpg';'JHAMAB00020-09_68f558f43f23e15e4e99bf9e_0_268_2025-10-23_19-22-37/captures/before_alignment_2_4.jpg';1;'Thu Oct 23, 2025 at 15:25:06';'Thu Oct 23, 2025 at 15:25:06'
'before_alignment_2_5.jpg';'JHAMAB00020-09_68f558f43f23e15e4e99bf9e_0_268_2025-10-23_19-22-37/captures/before_alignment_2_5.jpg';1;'Thu Oct 23, 2025 at 15:25:21';'Thu Oct 23, 2025 at 15:25:21'
'before_alignment_3_5.jpg';'JHAMAB00020-09_68f558f43f23e15e4e99bf9e_0_268_2025-10-23_19-22-37/captures/before_alignment_3_5.jpg';1;'Thu Oct 23, 2025 at 15:25:36';'Thu Oct 23, 2025 at 15:25:36'
'before_alignment_3_4.jpg';'JHAMAB00020-09_68f558f43f23e15e4e99bf9e_0_268_2025-10-23_19-22-37/captures/before_alignment_3_4.jpg';1;'Thu Oct 23, 2025 at 15:25:52';'Thu Oct 23, 2025 at 15:25:52'
'before_alignment_3_3.jpg';'JHAMAB00020-09_68f558f43f23e15e4e99bf9e_0_268_2025-10-23_19-22-37/captures/before_alignment_3_3.jpg';1;'Thu Oct 23, 2025 at 15:26:08';'Thu Oct 23, 2025 at 15:26:08'
'before_alignment_3_2.jpg';'JHAMAB00020-09_68f558f43f23e15e4e99bf9e_0_268_2025-10-23_19-22-37/captures/before_alignment_3_2.jpg';1;'Thu Oct 23, 2025 at 15:26:22';'Thu Oct 23, 2025 at 15:26:22'
'before_alignment_3_1.jpg';'JHAMAB00020-09_68f558f43f23e15e4e99bf9e_0_268_2025-10-23_19-22-37/captures/before_alignment_3_1.jpg';1;'Thu Oct 23, 2025 at 15:26:38';'Thu Oct 23, 2025 at 15:26:38'
'before_alignment_4_1.jpg';'JHAMAB00020-09_68f558f43f23e15e4e99bf9e_0_268_2025-10-23_19-22-37/captures/before_alignment_4_1.jpg';1;'Thu Oct 23, 2025 at 15:26:53';'Thu Oct 23, 2025 at 15:26:53'
'before_alignment_4_2.jpg';'JHAMAB00020-09_68f558f43f23e15e4e99bf9e_0_268_2025-10-23_19-22-37/captures/before_alignment_4_2.jpg';1;'Thu Oct 23, 2025 at 15:27:08';'Thu Oct 23, 2025 at 15:27:08'
'before_alignment_4_3.jpg';'JHAMAB00020-09_68f558f43f23e15e4e99bf9e_0_268_2025-10-23_19-22-37/captures/before_alignment_4_3.jpg';1;'Thu Oct 23, 2025 at 15:27:23';'Thu Oct 23, 2025 at 15:27:23'
'before_alignment_4_4.jpg';'JHAMAB00020-09_68f558f43f23e15e4e99bf9e_0_268_2025-10-23_19-22-37/captures/before_alignment_4_4.jpg';1;'Thu Oct 23, 2025 at 15:27:31';'Thu Oct 23, 2025 at 15:27:31'
'before_alignment_4_5.jpg';'JHAMAB00020-09_68f558f43f23e15e4e99bf9e_0_268_2025-10-23_19-22-37/captures/before_alignment_4_5.jpg';1;'Thu Oct 23, 2025 at 15:27:39';'Thu Oct 23, 2025 at 15:27:39'
'before_alignment_5_5.jpg';'JHAMAB00020-09_68f558f43f23e15e4e99bf9e_0_268_2025-10-23_19-22-37/captures/before_alignment_5_5.jpg';1;'Thu Oct 23, 2025 at 15:27:55';'Thu Oct 23, 2025 at 15:27:55'
'before_alignment_5_4.jpg';'JHAMAB00020-09_68f558f43f23e15e4e99bf9e_0_268_2025-10-23_19-22-37/captures/before_alignment_5_4.jpg';1;'Thu Oct 23, 2025 at 15:28:09';'Thu Oct 23, 2025 at 15:28:09'
'before_alignment_5_3.jpg';'JHAMAB00020-09_68f558f43f23e15e4e99bf9e_0_268_2025-10-23_19-22-37/captures/before_alignment_5_3.jpg';1;'Thu Oct 23, 2025 at 15:28:25';'Thu Oct 23, 2025 at 15:28:25'
'before_alignment_5_2.jpg';'JHAMAB00020-09_68f558f43f23e15e4e99bf9e_0_268_2025-10-23_19-22-37/captures/before_alignment_5_2.jpg';1;'Thu Oct 23, 2025 at 15:28:40';'Thu Oct 23, 2025 at 15:28:40'
'before_alignment_5_1.jpg';'JHAMAB00020-09_68f558f43f23e15e4e99bf9e_0_268_2025-10-23_19-22-37/captures/before_alignment_5_1.jpg';1;'Thu Oct 23, 2025 at 15:28:55';'Thu Oct 23, 2025 at 15:28:55'
'LMI_20251023_JHAMAB00020-09.csv';'JHAMAB00020-09_68f558f43f23e15e4e99bf9e_0_268_2025-10-23_19-22-37/data_files/LMI_20251023_JHAMAB00020-09.csv';1;'Thu Oct 23, 2025 at 15:29:03';'Thu Oct 23, 2025 at 15:29:03'
'after_alignment_1_5.jpg';'JHAMAB00021-05_68f5592a3f23e15e4e99bfb5_0_269_2025-10-23_19-34-08/captures/after_alignment_1_5.jpg';1;'Thu Oct 23, 2025 at 15:34:41';'Thu Oct 23, 2025 at 15:34:41'
'after_alignment_1_4.jpg';'JHAMAB00021-05_68f5592a3f23e15e4e99bfb5_0_269_2025-10-23_19-34-08/captures/after_alignment_1_4.jpg';1;'Thu Oct 23, 2025 at 15:34:48';'Thu Oct 23, 2025 at 15:34:48'
'after_alignment_1_3.jpg';'JHAMAB00021-05_68f5592a3f23e15e4e99bfb5_0_269_2025-10-23_19-34-08/captures/after_alignment_1_3.jpg';1;'Thu Oct 23, 2025 at 15:35:03';'Thu Oct 23, 2025 at 15:35:03'
'after_alignment_1_2.jpg';'JHAMAB00021-05_68f5592a3f23e15e4e99bfb5_0_269_2025-10-23_19-34-08/captures/after_alignment_1_2.jpg';1;'Thu Oct 23, 2025 at 15:35:18';'Thu Oct 23, 2025 at 15:35:18'
'after_alignment_1_1.jpg';'JHAMAB00021-05_68f5592a3f23e15e4e99bfb5_0_269_2025-10-23_19-34-08/captures/after_alignment_1_1.jpg';1;'Thu Oct 23, 2025 at 15:35:32';'Thu Oct 23, 2025 at 15:35:32'
'after_alignment_2_1.jpg';'JHAMAB00021-05_68f5592a3f23e15e4e99bfb5_0_269_2025-10-23_19-34-08/captures/after_alignment_2_1.jpg';1;'Thu Oct 23, 2025 at 15:35:48';'Thu Oct 23, 2025 at 15:35:48'
'after_alignment_2_2.jpg';'JHAMAB00021-05_68f5592a3f23e15e4e99bfb5_0_269_2025-10-23_19-34-08/captures/after_alignment_2_2.jpg';1;'Thu Oct 23, 2025 at 15:36:02';'Thu Oct 23, 2025 at 15:36:02'
'after_alignment_2_3.jpg';'JHAMAB00021-05_68f5592a3f23e15e4e99bfb5_0_269_2025-10-23_19-34-08/captures/after_alignment_2_3.jpg';1;'Thu Oct 23, 2025 at 15:36:18';'Thu Oct 23, 2025 at 15:36:18'
'after_alignment_2_4.jpg';'JHAMAB00021-05_68f5592a3f23e15e4e99bfb5_0_269_2025-10-23_19-34-08/captures/after_alignment_2_4.jpg';1;'Thu Oct 23, 2025 at 15:36:33';'Thu Oct 23, 2025 at 15:36:33'
'after_alignment_2_5.jpg';'JHAMAB00021-05_68f5592a3f23e15e4e99bfb5_0_269_2025-10-23_19-34-08/captures/after_alignment_2_5.jpg';1;'Thu Oct 23, 2025 at 15:36:48';'Thu Oct 23, 2025 at 15:36:48'
'after_alignment_3_5.jpg';'JHAMAB00021-05_68f5592a3f23e15e4e99bfb5_0_269_2025-10-23_19-34-08/captures/after_alignment_3_5.jpg';1;'Thu Oct 23, 2025 at 15:37:03';'Thu Oct 23, 2025 at 15:37:03'
'after_alignment_3_4.jpg';'JHAMAB00021-05_68f5592a3f23e15e4e99bfb5_0_269_2025-10-23_19-34-08/captures/after_alignment_3_4.jpg';1;'Thu Oct 23, 2025 at 15:37:18';'Thu Oct 23, 2025 at 15:37:18'
'after_alignment_3_3.jpg';'JHAMAB00021-05_68f5592a3f23e15e4e99bfb5_0_269_2025-10-23_19-34-08/captures/after_alignment_3_3.jpg';1;'Thu Oct 23, 2025 at 15:37:34';'Thu Oct 23, 2025 at 15:37:34'
'after_alignment_3_2.jpg';'JHAMAB00021-05_68f5592a3f23e15e4e99bfb5_0_269_2025-10-23_19-34-08/captures/after_alignment_3_2.jpg';1;'Thu Oct 23, 2025 at 15:37:49';'Thu Oct 23, 2025 at 15:37:49'
'after_alignment_3_1.jpg';'JHAMAB00021-05_68f5592a3f23e15e4e99bfb5_0_269_2025-10-23_19-34-08/captures/after_alignment_3_1.jpg';1;'Thu Oct 23, 2025 at 15:38:04';'Thu Oct 23, 2025 at 15:38:04'
'after_alignment_4_1.jpg';'JHAMAB00021-05_68f5592a3f23e15e4e99bfb5_0_269_2025-10-23_19-34-08/captures/after_alignment_4_1.jpg';1;'Thu Oct 23, 2025 at 15:38:19';'Thu Oct 23, 2025 at 15:38:19'
'after_alignment_4_2.jpg';'JHAMAB00021-05_68f5592a3f23e15e4e99bfb5_0_269_2025-10-23_19-34-08/captures/after_alignment_4_2.jpg';1;'Thu Oct 23, 2025 at 15:38:34';'Thu Oct 23, 2025 at 15:38:34'
'after_alignment_4_3.jpg';'JHAMAB00021-05_68f5592a3f23e15e4e99bfb5_0_269_2025-10-23_19-34-08/captures/after_alignment_4_3.jpg';1;'Thu Oct 23, 2025 at 15:38:49';'Thu Oct 23, 2025 at 15:38:49'
'after_alignment_4_4.jpg';'JHAMAB00021-05_68f5592a3f23e15e4e99bfb5_0_269_2025-10-23_19-34-08/captures/after_alignment_4_4.jpg';1;'Thu Oct 23, 2025 at 15:39:05';'Thu Oct 23, 2025 at 15:39:05'
'after_alignment_4_5.jpg';'JHAMAB00021-05_68f5592a3f23e15e4e99bfb5_0_269_2025-10-23_19-34-08/captures/after_alignment_4_5.jpg';1;'Thu Oct 23, 2025 at 15:39:19';'Thu Oct 23, 2025 at 15:39:19'
'after_alignment_5_5.jpg';'JHAMAB00021-05_68f5592a3f23e15e4e99bfb5_0_269_2025-10-23_19-34-08/captures/after_alignment_5_5.jpg';1;'Thu Oct 23, 2025 at 15:39:35';'Thu Oct 23, 2025 at 15:39:35'
'after_alignment_5_4.jpg';'JHAMAB00021-05_68f5592a3f23e15e4e99bfb5_0_269_2025-10-23_19-34-08/captures/after_alignment_5_4.jpg';1;'Thu Oct 23, 2025 at 15:39:50';'Thu Oct 23, 2025 at 15:39:50'
'after_alignment_5_3.jpg';'JHAMAB00021-05_68f5592a3f23e15e4e99bfb5_0_269_2025-10-23_19-34-08/captures/after_alignment_5_3.jpg';1;'Thu Oct 23, 2025 at 15:40:05';'Thu Oct 23, 2025 at 15:40:05'
'after_alignment_5_2.jpg';'JHAMAB00021-05_68f5592a3f23e15e4e99bfb5_0_269_2025-10-23_19-34-08/captures/after_alignment_5_2.jpg';1;'Thu Oct 23, 2025 at 15:40:20';'Thu Oct 23, 2025 at 15:40:20'
'after_alignment_5_1.jpg';'JHAMAB00021-05_68f5592a3f23e15e4e99bfb5_0_269_2025-10-23_19-34-08/captures/after_alignment_5_1.jpg';1;'Thu Oct 23, 2025 at 15:40:35';'Thu Oct 23, 2025 at 15:40:35'
'before_alignment_1_5.jpg';'JHAMAB00021-06_68f5592a3f23e15e4e99bfb6_0_270_2025-10-23_19-44-35/captures/before_alignment_1_5.jpg';1;'Thu Oct 23, 2025 at 15:45:09';'Thu Oct 23, 2025 at 15:45:09'
'before_alignment_1_4.jpg';'JHAMAB00021-06_68f5592a3f23e15e4e99bfb6_0_270_2025-10-23_19-44-35/captures/before_alignment_1_4.jpg';1;'Thu Oct 23, 2025 at 15:45:16';'Thu Oct 23, 2025 at 15:45:16'
'before_alignment_1_3.jpg';'JHAMAB00021-06_68f5592a3f23e15e4e99bfb6_0_270_2025-10-23_19-44-35/captures/before_alignment_1_3.jpg';1;'Thu Oct 23, 2025 at 15:45:31';'Thu Oct 23, 2025 at 15:45:31'
'before_alignment_1_2.jpg';'JHAMAB00021-06_68f5592a3f23e15e4e99bfb6_0_270_2025-10-23_19-44-35/captures/before_alignment_1_2.jpg';1;'Thu Oct 23, 2025 at 15:45:46';'Thu Oct 23, 2025 at 15:45:46'
'before_alignment_1_1.jpg';'JHAMAB00021-06_68f5592a3f23e15e4e99bfb6_0_270_2025-10-23_19-44-35/captures/before_alignment_1_1.jpg';1;'Thu Oct 23, 2025 at 15:46:02';'Thu Oct 23, 2025 at 15:46:02'
'before_alignment_2_1.jpg';'JHAMAB00021-06_68f5592a3f23e15e4e99bfb6_0_270_2025-10-23_19-44-35/captures/before_alignment_2_1.jpg';1;'Thu Oct 23, 2025 at 15:46:17';'Thu Oct 23, 2025 at 15:46:17'
'before_alignment_2_2.jpg';'JHAMAB00021-06_68f5592a3f23e15e4e99bfb6_0_270_2025-10-23_19-44-35/captures/before_alignment_2_2.jpg';1;'Thu Oct 23, 2025 at 15:46:43';'Thu Oct 23, 2025 at 15:46:43'
'after_alignment_2_3.jpg';'JHAMAB00021-06_68f5592a3f23e15e4e99bfb6_0_270_2025-10-23_19-44-35/captures/after_alignment_2_3.jpg';1;'Thu Oct 23, 2025 at 15:46:51';'Thu Oct 23, 2025 at 15:46:51'
'after_alignment_2_4.jpg';'JHAMAB00021-06_68f5592a3f23e15e4e99bfb6_0_270_2025-10-23_19-44-35/captures/after_alignment_2_4.jpg';1;'Thu Oct 23, 2025 at 15:47:07';'Thu Oct 23, 2025 at 15:47:07'
'after_alignment_2_5.jpg';'JHAMAB00021-06_68f5592a3f23e15e4e99bfb6_0_270_2025-10-23_19-44-35/captures/after_alignment_2_5.jpg';1;'Thu Oct 23, 2025 at 15:47:22';'Thu Oct 23, 2025 at 15:47:22'
'after_alignment_3_5.jpg';'JHAMAB00021-06_68f5592a3f23e15e4e99bfb6_0_270_2025-10-23_19-44-35/captures/after_alignment_3_5.jpg';1;'Thu Oct 23, 2025 at 15:47:37';'Thu Oct 23, 2025 at 15:47:37'
'after_alignment_3_4.jpg';'JHAMAB00021-06_68f5592a3f23e15e4e99bfb6_0_270_2025-10-23_19-44-35/captures/after_alignment_3_4.jpg';1;'Thu Oct 23, 2025 at 15:47:52';'Thu Oct 23, 2025 at 15:47:52'
'after_alignment_3_3.jpg';'JHAMAB00021-06_68f5592a3f23e15e4e99bfb6_0_270_2025-10-23_19-44-35/captures/after_alignment_3_3.jpg';1;'Thu Oct 23, 2025 at 15:48:08';'Thu Oct 23, 2025 at 15:48:08'
'before_alignment_3_1.jpg';'JHAMAB00021-06_68f5592a3f23e15e4e99bfb6_0_270_2025-10-23_19-44-35/captures/before_alignment_3_1.jpg';1;'Thu Oct 23, 2025 at 15:48:42';'Thu Oct 23, 2025 at 15:48:42'
'before_alignment_4_1.jpg';'JHAMAB00021-06_68f5592a3f23e15e4e99bfb6_0_270_2025-10-23_19-44-35/captures/before_alignment_4_1.jpg';1;'Thu Oct 23, 2025 at 15:48:57';'Thu Oct 23, 2025 at 15:48:57'
'before_alignment_4_2.jpg';'JHAMAB00021-06_68f5592a3f23e15e4e99bfb6_0_270_2025-10-23_19-44-35/captures/before_alignment_4_2.jpg';1;'Thu Oct 23, 2025 at 15:49:13';'Thu Oct 23, 2025 at 15:49:13'
'before_alignment_4_3.jpg';'JHAMAB00021-06_68f5592a3f23e15e4e99bfb6_0_270_2025-10-23_19-44-35/captures/before_alignment_4_3.jpg';1;'Thu Oct 23, 2025 at 15:49:40';'Thu Oct 23, 2025 at 15:49:40'
'after_alignment_4_4.jpg';'JHAMAB00021-06_68f5592a3f23e15e4e99bfb6_0_270_2025-10-23_19-44-35/captures/after_alignment_4_4.jpg';1;'Thu Oct 23, 2025 at 15:49:47';'Thu Oct 23, 2025 at 15:49:47'
'after_alignment_4_5.jpg';'JHAMAB00021-06_68f5592a3f23e15e4e99bfb6_0_270_2025-10-23_19-44-35/captures/after_alignment_4_5.jpg';1;'Thu Oct 23, 2025 at 15:50:02';'Thu Oct 23, 2025 at 15:50:02'
'after_alignment_5_5.jpg';'JHAMAB00021-06_68f5592a3f23e15e4e99bfb6_0_270_2025-10-23_19-44-35/captures/after_alignment_5_5.jpg';1;'Thu Oct 23, 2025 at 15:50:18';'Thu Oct 23, 2025 at 15:50:18'
'after_alignment_5_4.jpg';'JHAMAB00021-06_68f5592a3f23e15e4e99bfb6_0_270_2025-10-23_19-44-35/captures/after_alignment_5_4.jpg';1;'Thu Oct 23, 2025 at 15:50:34';'Thu Oct 23, 2025 at 15:50:34'
'after_alignment_5_3.jpg';'JHAMAB00021-06_68f5592a3f23e15e4e99bfb6_0_270_2025-10-23_19-44-35/captures/after_alignment_5_3.jpg';1;'Thu Oct 23, 2025 at 15:50:49';'Thu Oct 23, 2025 at 15:50:49'
'before_alignment_5_1.jpg';'JHAMAB00021-06_68f5592a3f23e15e4e99bfb6_0_270_2025-10-23_19-44-35/captures/before_alignment_5_1.jpg';1;'Thu Oct 23, 2025 at 15:51:23';'Thu Oct 23, 2025 at 15:51:23'
'LMI_20251023_JHAMAB00021-06.csv';'JHAMAB00021-06_68f5592a3f23e15e4e99bfb6_0_270_2025-10-23_19-44-35/data_files/LMI_20251023_JHAMAB00021-06.csv';1;'Thu Oct 23, 2025 at 15:51:30';'Thu Oct 23, 2025 at 15:51:30'
'after_alignment_1_5.jpg';'JHAMAB00019-10_68f5589c5c4e7db49fe46b8b_0_271_2025-10-23_19-55-19/captures/after_alignment_1_5.jpg';1;'Thu Oct 23, 2025 at 15:55:44';'Thu Oct 23, 2025 at 15:55:44'
'after_alignment_1_4.jpg';'JHAMAB00019-10_68f5589c5c4e7db49fe46b8b_0_271_2025-10-23_19-55-19/captures/after_alignment_1_4.jpg';1;'Thu Oct 23, 2025 at 15:56:00';'Thu Oct 23, 2025 at 15:56:00'
'after_alignment_1_3.jpg';'JHAMAB00019-10_68f5589c5c4e7db49fe46b8b_0_271_2025-10-23_19-55-19/captures/after_alignment_1_3.jpg';1;'Thu Oct 23, 2025 at 15:56:15';'Thu Oct 23, 2025 at 15:56:15'
'after_alignment_1_2.jpg';'JHAMAB00019-10_68f5589c5c4e7db49fe46b8b_0_271_2025-10-23_19-55-19/captures/after_alignment_1_2.jpg';1;'Thu Oct 23, 2025 at 15:56:30';'Thu Oct 23, 2025 at 15:56:30'
'after_alignment_1_1.jpg';'JHAMAB00019-10_68f5589c5c4e7db49fe46b8b_0_271_2025-10-23_19-55-19/captures/after_alignment_1_1.jpg';1;'Thu Oct 23, 2025 at 15:56:46';'Thu Oct 23, 2025 at 15:56:46'
'after_alignment_2_1.jpg';'JHAMAB00019-10_68f5589c5c4e7db49fe46b8b_0_271_2025-10-23_19-55-19/captures/after_alignment_2_1.jpg';1;'Thu Oct 23, 2025 at 15:57:02';'Thu Oct 23, 2025 at 15:57:02'
'after_alignment_2_2.jpg';'JHAMAB00019-10_68f5589c5c4e7db49fe46b8b_0_271_2025-10-23_19-55-19/captures/after_alignment_2_2.jpg';1;'Thu Oct 23, 2025 at 15:57:17';'Thu Oct 23, 2025 at 15:57:17'
'after_alignment_2_3.jpg';'JHAMAB00019-10_68f5589c5c4e7db49fe46b8b_0_271_2025-10-23_19-55-19/captures/after_alignment_2_3.jpg';1;'Thu Oct 23, 2025 at 15:57:32';'Thu Oct 23, 2025 at 15:57:32'
'after_alignment_2_4.jpg';'JHAMAB00019-10_68f5589c5c4e7db49fe46b8b_0_271_2025-10-23_19-55-19/captures/after_alignment_2_4.jpg';1;'Thu Oct 23, 2025 at 15:57:47';'Thu Oct 23, 2025 at 15:57:47'
'after_alignment_2_5.jpg';'JHAMAB00019-10_68f5589c5c4e7db49fe46b8b_0_271_2025-10-23_19-55-19/captures/after_alignment_2_5.jpg';1;'Thu Oct 23, 2025 at 15:58:03';'Thu Oct 23, 2025 at 15:58:03'
'after_alignment_3_5.jpg';'JHAMAB00019-10_68f5589c5c4e7db49fe46b8b_0_271_2025-10-23_19-55-19/captures/after_alignment_3_5.jpg';1;'Thu Oct 23, 2025 at 15:58:18';'Thu Oct 23, 2025 at 15:58:18'
'after_alignment_3_4.jpg';'JHAMAB00019-10_68f5589c5c4e7db49fe46b8b_0_271_2025-10-23_19-55-19/captures/after_alignment_3_4.jpg';1;'Thu Oct 23, 2025 at 15:58:33';'Thu Oct 23, 2025 at 15:58:33'
'after_alignment_3_3.jpg';'JHAMAB00019-10_68f5589c5c4e7db49fe46b8b_0_271_2025-10-23_19-55-19/captures/after_alignment_3_3.jpg';1;'Thu Oct 23, 2025 at 15:58:49';'Thu Oct 23, 2025 at 15:58:49'
'after_alignment_3_2.jpg';'JHAMAB00019-10_68f5589c5c4e7db49fe46b8b_0_271_2025-10-23_19-55-19/captures/after_alignment_3_2.jpg';1;'Thu Oct 23, 2025 at 15:59:04';'Thu Oct 23, 2025 at 15:59:04'
'after_alignment_3_1.jpg';'JHAMAB00019-10_68f5589c5c4e7db49fe46b8b_0_271_2025-10-23_19-55-19/captures/after_alignment_3_1.jpg';1;'Thu Oct 23, 2025 at 15:59:19';'Thu Oct 23, 2025 at 15:59:19'
'after_alignment_4_1.jpg';'JHAMAB00019-10_68f5589c5c4e7db49fe46b8b_0_271_2025-10-23_19-55-19/captures/after_alignment_4_1.jpg';1;'Thu Oct 23, 2025 at 15:59:34';'Thu Oct 23, 2025 at 15:59:34'
'after_alignment_4_2.jpg';'JHAMAB00019-10_68f5589c5c4e7db49fe46b8b_0_271_2025-10-23_19-55-19/captures/after_alignment_4_2.jpg';1;'Thu Oct 23, 2025 at 15:59:49';'Thu Oct 23, 2025 at 15:59:49'
'after_alignment_4_3.jpg';'JHAMAB00019-10_68f5589c5c4e7db49fe46b8b_0_271_2025-10-23_19-55-19/captures/after_alignment_4_3.jpg';1;'Thu Oct 23, 2025 at 16:00:04';'Thu Oct 23, 2025 at 16:00:04'
'after_alignment_4_4.jpg';'JHAMAB00019-10_68f5589c5c4e7db49fe46b8b_0_271_2025-10-23_19-55-19/captures/after_alignment_4_4.jpg';1;'Thu Oct 23, 2025 at 16:00:20';'Thu Oct 23, 2025 at 16:00:20'
'after_alignment_4_5.jpg';'JHAMAB00019-10_68f5589c5c4e7db49fe46b8b_0_271_2025-10-23_19-55-19/captures/after_alignment_4_5.jpg';1;'Thu Oct 23, 2025 at 16:00:35';'Thu Oct 23, 2025 at 16:00:35'
'after_alignment_5_5.jpg';'JHAMAB00019-10_68f5589c5c4e7db49fe46b8b_0_271_2025-10-23_19-55-19/captures/after_alignment_5_5.jpg';1;'Thu Oct 23, 2025 at 16:00:50';'Thu Oct 23, 2025 at 16:00:50'
'after_alignment_5_4.jpg';'JHAMAB00019-10_68f5589c5c4e7db49fe46b8b_0_271_2025-10-23_19-55-19/captures/after_alignment_5_4.jpg';1;'Thu Oct 23, 2025 at 16:01:05';'Thu Oct 23, 2025 at 16:01:05'
'after_alignment_5_3.jpg';'JHAMAB00019-10_68f5589c5c4e7db49fe46b8b_0_271_2025-10-23_19-55-19/captures/after_alignment_5_3.jpg';1;'Thu Oct 23, 2025 at 16:01:21';'Thu Oct 23, 2025 at 16:01:21'
'after_alignment_5_2.jpg';'JHAMAB00019-10_68f5589c5c4e7db49fe46b8b_0_271_2025-10-23_19-55-19/captures/after_alignment_5_2.jpg';1;'Thu Oct 23, 2025 at 16:01:37';'Thu Oct 23, 2025 at 16:01:37'
'after_alignment_5_1.jpg';'JHAMAB00019-10_68f5589c5c4e7db49fe46b8b_0_271_2025-10-23_19-55-19/captures/after_alignment_5_1.jpg';1;'Thu Oct 23, 2025 at 16:01:52';'Thu Oct 23, 2025 at 16:01:52'
'before_alignment_1_5.jpg';'JHAMAB00019-11_68f5589c5c4e7db49fe46b8c_0_272_2025-10-23_20-06-41/captures/before_alignment_1_5.jpg';1;'Thu Oct 23, 2025 at 16:07:06';'Thu Oct 23, 2025 at 16:07:06'
'before_alignment_1_4.jpg';'JHAMAB00019-11_68f5589c5c4e7db49fe46b8c_0_272_2025-10-23_20-06-41/captures/before_alignment_1_4.jpg';1;'Thu Oct 23, 2025 at 16:07:20';'Thu Oct 23, 2025 at 16:07:20'
'before_alignment_1_3.jpg';'JHAMAB00019-11_68f5589c5c4e7db49fe46b8c_0_272_2025-10-23_20-06-41/captures/before_alignment_1_3.jpg';1;'Thu Oct 23, 2025 at 16:07:35';'Thu Oct 23, 2025 at 16:07:35'
'before_alignment_1_2.jpg';'JHAMAB00019-11_68f5589c5c4e7db49fe46b8c_0_272_2025-10-23_20-06-41/captures/before_alignment_1_2.jpg';1;'Thu Oct 23, 2025 at 16:07:51';'Thu Oct 23, 2025 at 16:07:51'
'before_alignment_1_1.jpg';'JHAMAB00019-11_68f5589c5c4e7db49fe46b8c_0_272_2025-10-23_20-06-41/captures/before_alignment_1_1.jpg';1;'Thu Oct 23, 2025 at 16:08:06';'Thu Oct 23, 2025 at 16:08:06'
'before_alignment_2_1.jpg';'JHAMAB00019-11_68f5589c5c4e7db49fe46b8c_0_272_2025-10-23_20-06-41/captures/before_alignment_2_1.jpg';1;'Thu Oct 23, 2025 at 16:08:21';'Thu Oct 23, 2025 at 16:08:21'
'before_alignment_2_2.jpg';'JHAMAB00019-11_68f5589c5c4e7db49fe46b8c_0_272_2025-10-23_20-06-41/captures/before_alignment_2_2.jpg';1;'Thu Oct 23, 2025 at 16:08:36';'Thu Oct 23, 2025 at 16:08:36'
'before_alignment_2_3.jpg';'JHAMAB00019-11_68f5589c5c4e7db49fe46b8c_0_272_2025-10-23_20-06-41/captures/before_alignment_2_3.jpg';1;'Thu Oct 23, 2025 at 16:08:52';'Thu Oct 23, 2025 at 16:08:52'
'before_alignment_2_4.jpg';'JHAMAB00019-11_68f5589c5c4e7db49fe46b8c_0_272_2025-10-23_20-06-41/captures/before_alignment_2_4.jpg';1;'Thu Oct 23, 2025 at 16:09:08';'Thu Oct 23, 2025 at 16:09:08'
'before_alignment_2_5.jpg';'JHAMAB00019-11_68f5589c5c4e7db49fe46b8c_0_272_2025-10-23_20-06-41/captures/before_alignment_2_5.jpg';1;'Thu Oct 23, 2025 at 16:09:23';'Thu Oct 23, 2025 at 16:09:23'
'before_alignment_3_5.jpg';'JHAMAB00019-11_68f5589c5c4e7db49fe46b8c_0_272_2025-10-23_20-06-41/captures/before_alignment_3_5.jpg';1;'Thu Oct 23, 2025 at 16:09:38';'Thu Oct 23, 2025 at 16:09:38'
'before_alignment_3_4.jpg';'JHAMAB00019-11_68f5589c5c4e7db49fe46b8c_0_272_2025-10-23_20-06-41/captures/before_alignment_3_4.jpg';1;'Thu Oct 23, 2025 at 16:09:53';'Thu Oct 23, 2025 at 16:09:53'
'before_alignment_3_3.jpg';'JHAMAB00019-11_68f5589c5c4e7db49fe46b8c_0_272_2025-10-23_20-06-41/captures/before_alignment_3_3.jpg';1;'Thu Oct 23, 2025 at 16:10:08';'Thu Oct 23, 2025 at 16:10:08'
'before_alignment_3_2.jpg';'JHAMAB00019-11_68f5589c5c4e7db49fe46b8c_0_272_2025-10-23_20-06-41/captures/before_alignment_3_2.jpg';1;'Thu Oct 23, 2025 at 16:10:23';'Thu Oct 23, 2025 at 16:10:23'
'before_alignment_3_1.jpg';'JHAMAB00019-11_68f5589c5c4e7db49fe46b8c_0_272_2025-10-23_20-06-41/captures/before_alignment_3_1.jpg';1;'Thu Oct 23, 2025 at 16:10:38';'Thu Oct 23, 2025 at 16:10:38'
'before_alignment_4_1.jpg';'JHAMAB00019-11_68f5589c5c4e7db49fe46b8c_0_272_2025-10-23_20-06-41/captures/before_alignment_4_1.jpg';1;'Thu Oct 23, 2025 at 16:10:53';'Thu Oct 23, 2025 at 16:10:53'
'before_alignment_4_2.jpg';'JHAMAB00019-11_68f5589c5c4e7db49fe46b8c_0_272_2025-10-23_20-06-41/captures/before_alignment_4_2.jpg';1;'Thu Oct 23, 2025 at 16:11:09';'Thu Oct 23, 2025 at 16:11:09'
'before_alignment_4_3.jpg';'JHAMAB00019-11_68f5589c5c4e7db49fe46b8c_0_272_2025-10-23_20-06-41/captures/before_alignment_4_3.jpg';1;'Thu Oct 23, 2025 at 16:11:25';'Thu Oct 23, 2025 at 16:11:25'
'before_alignment_4_4.jpg';'JHAMAB00019-11_68f5589c5c4e7db49fe46b8c_0_272_2025-10-23_20-06-41/captures/before_alignment_4_4.jpg';1;'Thu Oct 23, 2025 at 16:11:40';'Thu Oct 23, 2025 at 16:11:40'
'before_alignment_4_5.jpg';'JHAMAB00019-11_68f5589c5c4e7db49fe46b8c_0_272_2025-10-23_20-06-41/captures/before_alignment_4_5.jpg';1;'Thu Oct 23, 2025 at 16:11:55';'Thu Oct 23, 2025 at 16:11:55'
'before_alignment_5_5.jpg';'JHAMAB00019-11_68f5589c5c4e7db49fe46b8c_0_272_2025-10-23_20-06-41/captures/before_alignment_5_5.jpg';1;'Thu Oct 23, 2025 at 16:12:10';'Thu Oct 23, 2025 at 16:12:10'
'before_alignment_5_4.jpg';'JHAMAB00019-11_68f5589c5c4e7db49fe46b8c_0_272_2025-10-23_20-06-41/captures/before_alignment_5_4.jpg';1;'Thu Oct 23, 2025 at 16:12:25';'Thu Oct 23, 2025 at 16:12:25'
'before_alignment_5_3.jpg';'JHAMAB00019-11_68f5589c5c4e7db49fe46b8c_0_272_2025-10-23_20-06-41/captures/before_alignment_5_3.jpg';1;'Thu Oct 23, 2025 at 16:12:40';'Thu Oct 23, 2025 at 16:12:40'
'before_alignment_5_2.jpg';'JHAMAB00019-11_68f5589c5c4e7db49fe46b8c_0_272_2025-10-23_20-06-41/captures/before_alignment_5_2.jpg';1;'Thu Oct 23, 2025 at 16:12:55';'Thu Oct 23, 2025 at 16:12:55'
'before_alignment_5_1.jpg';'JHAMAB00019-11_68f5589c5c4e7db49fe46b8c_0_272_2025-10-23_20-06-41/captures/before_alignment_5_1.jpg';1;'Thu Oct 23, 2025 at 16:13:10';'Thu Oct 23, 2025 at 16:13:10'
'LMI_20251023_JHAMAB00019-11.csv';'JHAMAB00019-11_68f5589c5c4e7db49fe46b8c_0_272_2025-10-23_20-06-41/data_files/LMI_20251023_JHAMAB00019-11.csv';1;'Thu Oct 23, 2025 at 16:13:17';'Thu Oct 23, 2025 at 16:13:17'
'after_alignment_1_5.jpg';'JHAMAB00019-12_68f5589c5c4e7db49fe46b8d_0_273_2025-10-23_20-16-39/captures/after_alignment_1_5.jpg';1;'Thu Oct 23, 2025 at 16:17:09';'Thu Oct 23, 2025 at 16:17:09'
'after_alignment_1_4.jpg';'JHAMAB00019-12_68f5589c5c4e7db49fe46b8d_0_273_2025-10-23_20-16-39/captures/after_alignment_1_4.jpg';1;'Thu Oct 23, 2025 at 16:17:19';'Thu Oct 23, 2025 at 16:17:19'
'after_alignment_1_3.jpg';'JHAMAB00019-12_68f5589c5c4e7db49fe46b8d_0_273_2025-10-23_20-16-39/captures/after_alignment_1_3.jpg';1;'Thu Oct 23, 2025 at 16:17:34';'Thu Oct 23, 2025 at 16:17:34'
'after_alignment_1_2.jpg';'JHAMAB00019-12_68f5589c5c4e7db49fe46b8d_0_273_2025-10-23_20-16-39/captures/after_alignment_1_2.jpg';1;'Thu Oct 23, 2025 at 16:17:49';'Thu Oct 23, 2025 at 16:17:49'
'after_alignment_1_1.jpg';'JHAMAB00019-12_68f5589c5c4e7db49fe46b8d_0_273_2025-10-23_20-16-39/captures/after_alignment_1_1.jpg';1;'Thu Oct 23, 2025 at 16:18:04';'Thu Oct 23, 2025 at 16:18:04'
'after_alignment_2_1.jpg';'JHAMAB00019-12_68f5589c5c4e7db49fe46b8d_0_273_2025-10-23_20-16-39/captures/after_alignment_2_1.jpg';1;'Thu Oct 23, 2025 at 16:18:19';'Thu Oct 23, 2025 at 16:18:19'
'after_alignment_2_2.jpg';'JHAMAB00019-12_68f5589c5c4e7db49fe46b8d_0_273_2025-10-23_20-16-39/captures/after_alignment_2_2.jpg';1;'Thu Oct 23, 2025 at 16:18:34';'Thu Oct 23, 2025 at 16:18:34'
'after_alignment_2_3.jpg';'JHAMAB00019-12_68f5589c5c4e7db49fe46b8d_0_273_2025-10-23_20-16-39/captures/after_alignment_2_3.jpg';1;'Thu Oct 23, 2025 at 16:18:49';'Thu Oct 23, 2025 at 16:18:49'
'after_alignment_2_4.jpg';'JHAMAB00019-12_68f5589c5c4e7db49fe46b8d_0_273_2025-10-23_20-16-39/captures/after_alignment_2_4.jpg';1;'Thu Oct 23, 2025 at 16:19:05';'Thu Oct 23, 2025 at 16:19:05'
'after_alignment_2_5.jpg';'JHAMAB00019-12_68f5589c5c4e7db49fe46b8d_0_273_2025-10-23_20-16-39/captures/after_alignment_2_5.jpg';1;'Thu Oct 23, 2025 at 16:19:20';'Thu Oct 23, 2025 at 16:19:20'
'after_alignment_3_5.jpg';'JHAMAB00019-12_68f5589c5c4e7db49fe46b8d_0_273_2025-10-23_20-16-39/captures/after_alignment_3_5.jpg';1;'Thu Oct 23, 2025 at 16:19:35';'Thu Oct 23, 2025 at 16:19:35'
'after_alignment_3_4.jpg';'JHAMAB00019-12_68f5589c5c4e7db49fe46b8d_0_273_2025-10-23_20-16-39/captures/after_alignment_3_4.jpg';1;'Thu Oct 23, 2025 at 16:19:50';'Thu Oct 23, 2025 at 16:19:50'
'after_alignment_3_3.jpg';'JHAMAB00019-12_68f5589c5c4e7db49fe46b8d_0_273_2025-10-23_20-16-39/captures/after_alignment_3_3.jpg';1;'Thu Oct 23, 2025 at 16:20:06';'Thu Oct 23, 2025 at 16:20:06'
'after_alignment_3_2.jpg';'JHAMAB00019-12_68f5589c5c4e7db49fe46b8d_0_273_2025-10-23_20-16-39/captures/after_alignment_3_2.jpg';1;'Thu Oct 23, 2025 at 16:20:20';'Thu Oct 23, 2025 at 16:20:20'
'after_alignment_3_1.jpg';'JHAMAB00019-12_68f5589c5c4e7db49fe46b8d_0_273_2025-10-23_20-16-39/captures/after_alignment_3_1.jpg';1;'Thu Oct 23, 2025 at 16:20:36';'Thu Oct 23, 2025 at 16:20:36'
'after_alignment_4_1.jpg';'JHAMAB00019-12_68f5589c5c4e7db49fe46b8d_0_273_2025-10-23_20-16-39/captures/after_alignment_4_1.jpg';1;'Thu Oct 23, 2025 at 16:20:51';'Thu Oct 23, 2025 at 16:20:51'
'after_alignment_4_2.jpg';'JHAMAB00019-12_68f5589c5c4e7db49fe46b8d_0_273_2025-10-23_20-16-39/captures/after_alignment_4_2.jpg';1;'Thu Oct 23, 2025 at 16:21:06';'Thu Oct 23, 2025 at 16:21:06'
'after_alignment_4_3.jpg';'JHAMAB00019-12_68f5589c5c4e7db49fe46b8d_0_273_2025-10-23_20-16-39/captures/after_alignment_4_3.jpg';1;'Thu Oct 23, 2025 at 16:21:21';'Thu Oct 23, 2025 at 16:21:21'
'after_alignment_4_4.jpg';'JHAMAB00019-12_68f5589c5c4e7db49fe46b8d_0_273_2025-10-23_20-16-39/captures/after_alignment_4_4.jpg';1;'Thu Oct 23, 2025 at 16:21:36';'Thu Oct 23, 2025 at 16:21:36'
'after_alignment_4_5.jpg';'JHAMAB00019-12_68f5589c5c4e7db49fe46b8d_0_273_2025-10-23_20-16-39/captures/after_alignment_4_5.jpg';1;'Thu Oct 23, 2025 at 16:21:51';'Thu Oct 23, 2025 at 16:21:51'
'after_alignment_5_5.jpg';'JHAMAB00019-12_68f5589c5c4e7db49fe46b8d_0_273_2025-10-23_20-16-39/captures/after_alignment_5_5.jpg';1;'Thu Oct 23, 2025 at 16:22:06';'Thu Oct 23, 2025 at 16:22:06'
'after_alignment_5_4.jpg';'JHAMAB00019-12_68f5589c5c4e7db49fe46b8d_0_273_2025-10-23_20-16-39/captures/after_alignment_5_4.jpg';1;'Thu Oct 23, 2025 at 16:22:21';'Thu Oct 23, 2025 at 16:22:21'
'after_alignment_5_3.jpg';'JHAMAB00019-12_68f5589c5c4e7db49fe46b8d_0_273_2025-10-23_20-16-39/captures/after_alignment_5_3.jpg';1;'Thu Oct 23, 2025 at 16:22:36';'Thu Oct 23, 2025 at 16:22:36'
'after_alignment_5_2.jpg';'JHAMAB00019-12_68f5589c5c4e7db49fe46b8d_0_273_2025-10-23_20-16-39/captures/after_alignment_5_2.jpg';1;'Thu Oct 23, 2025 at 16:22:52';'Thu Oct 23, 2025 at 16:22:52'
'after_alignment_5_1.jpg';'JHAMAB00019-12_68f5589c5c4e7db49fe46b8d_0_273_2025-10-23_20-16-39/captures/after_alignment_5_1.jpg';1;'Thu Oct 23, 2025 at 16:23:06';'Thu Oct 23, 2025 at 16:23:06'
'before_alignment_1_5.jpg';'JHAMAB00020-10_68f558f43f23e15e4e99bf9f_0_274_2025-10-23_20-28-15/captures/before_alignment_1_5.jpg';1;'Thu Oct 23, 2025 at 16:28:36';'Thu Oct 23, 2025 at 16:28:36'
'after_alignment_1_5.jpg';'JHAMAB00020-10_68f558f43f23e15e4e99bf9f_0_274_2025-10-23_20-31-42/captures/after_alignment_1_5.jpg';1;'Thu Oct 23, 2025 at 16:32:17';'Thu Oct 23, 2025 at 16:32:17'
'after_alignment_1_4.jpg';'JHAMAB00020-10_68f558f43f23e15e4e99bf9f_0_274_2025-10-23_20-31-42/captures/after_alignment_1_4.jpg';1;'Thu Oct 23, 2025 at 16:32:22';'Thu Oct 23, 2025 at 16:32:22'
'after_alignment_1_3.jpg';'JHAMAB00020-10_68f558f43f23e15e4e99bf9f_0_274_2025-10-23_20-31-42/captures/after_alignment_1_3.jpg';1;'Thu Oct 23, 2025 at 16:32:37';'Thu Oct 23, 2025 at 16:32:37'
'after_alignment_1_2.jpg';'JHAMAB00020-10_68f558f43f23e15e4e99bf9f_0_274_2025-10-23_20-31-42/captures/after_alignment_1_2.jpg';1;'Thu Oct 23, 2025 at 16:32:52';'Thu Oct 23, 2025 at 16:32:52'
'after_alignment_1_1.jpg';'JHAMAB00020-10_68f558f43f23e15e4e99bf9f_0_274_2025-10-23_20-31-42/captures/after_alignment_1_1.jpg';1;'Thu Oct 23, 2025 at 16:33:07';'Thu Oct 23, 2025 at 16:33:07'
'after_alignment_2_1.jpg';'JHAMAB00020-10_68f558f43f23e15e4e99bf9f_0_274_2025-10-23_20-31-42/captures/after_alignment_2_1.jpg';1;'Thu Oct 23, 2025 at 16:33:23';'Thu Oct 23, 2025 at 16:33:23'
'after_alignment_2_2.jpg';'JHAMAB00020-10_68f558f43f23e15e4e99bf9f_0_274_2025-10-23_20-31-42/captures/after_alignment_2_2.jpg';1;'Thu Oct 23, 2025 at 16:33:30';'Thu Oct 23, 2025 at 16:33:30'
'after_alignment_2_3.jpg';'JHAMAB00020-10_68f558f43f23e15e4e99bf9f_0_274_2025-10-23_20-31-42/captures/after_alignment_2_3.jpg';1;'Thu Oct 23, 2025 at 16:33:45';'Thu Oct 23, 2025 at 16:33:45'
'after_alignment_2_4.jpg';'JHAMAB00020-10_68f558f43f23e15e4e99bf9f_0_274_2025-10-23_20-31-42/captures/after_alignment_2_4.jpg';1;'Thu Oct 23, 2025 at 16:34:00';'Thu Oct 23, 2025 at 16:34:00'
'after_alignment_2_5.jpg';'JHAMAB00020-10_68f558f43f23e15e4e99bf9f_0_274_2025-10-23_20-31-42/captures/after_alignment_2_5.jpg';1;'Thu Oct 23, 2025 at 16:34:15';'Thu Oct 23, 2025 at 16:34:15'
'after_alignment_3_5.jpg';'JHAMAB00020-10_68f558f43f23e15e4e99bf9f_0_274_2025-10-23_20-31-42/captures/after_alignment_3_5.jpg';1;'Thu Oct 23, 2025 at 16:34:31';'Thu Oct 23, 2025 at 16:34:31'
'after_alignment_3_4.jpg';'JHAMAB00020-10_68f558f43f23e15e4e99bf9f_0_274_2025-10-23_20-31-42/captures/after_alignment_3_4.jpg';1;'Thu Oct 23, 2025 at 16:34:45';'Thu Oct 23, 2025 at 16:34:45'
'after_alignment_3_3.jpg';'JHAMAB00020-10_68f558f43f23e15e4e99bf9f_0_274_2025-10-23_20-31-42/captures/after_alignment_3_3.jpg';1;'Thu Oct 23, 2025 at 16:35:01';'Thu Oct 23, 2025 at 16:35:01'
'after_alignment_3_2.jpg';'JHAMAB00020-10_68f558f43f23e15e4e99bf9f_0_274_2025-10-23_20-31-42/captures/after_alignment_3_2.jpg';1;'Thu Oct 23, 2025 at 16:35:16';'Thu Oct 23, 2025 at 16:35:16'
'after_alignment_3_1.jpg';'JHAMAB00020-10_68f558f43f23e15e4e99bf9f_0_274_2025-10-23_20-31-42/captures/after_alignment_3_1.jpg';1;'Thu Oct 23, 2025 at 16:35:31';'Thu Oct 23, 2025 at 16:35:31'
'after_alignment_4_1.jpg';'JHAMAB00020-10_68f558f43f23e15e4e99bf9f_0_274_2025-10-23_20-31-42/captures/after_alignment_4_1.jpg';1;'Thu Oct 23, 2025 at 16:35:47';'Thu Oct 23, 2025 at 16:35:47'
'after_alignment_4_2.jpg';'JHAMAB00020-10_68f558f43f23e15e4e99bf9f_0_274_2025-10-23_20-31-42/captures/after_alignment_4_2.jpg';1;'Thu Oct 23, 2025 at 16:36:02';'Thu Oct 23, 2025 at 16:36:02'
'after_alignment_4_3.jpg';'JHAMAB00020-10_68f558f43f23e15e4e99bf9f_0_274_2025-10-23_20-31-42/captures/after_alignment_4_3.jpg';1;'Thu Oct 23, 2025 at 16:36:17';'Thu Oct 23, 2025 at 16:36:17'
'after_alignment_4_4.jpg';'JHAMAB00020-10_68f558f43f23e15e4e99bf9f_0_274_2025-10-23_20-31-42/captures/after_alignment_4_4.jpg';1;'Thu Oct 23, 2025 at 16:36:31';'Thu Oct 23, 2025 at 16:36:31'
'after_alignment_4_5.jpg';'JHAMAB00020-10_68f558f43f23e15e4e99bf9f_0_274_2025-10-23_20-31-42/captures/after_alignment_4_5.jpg';1;'Thu Oct 23, 2025 at 16:36:47';'Thu Oct 23, 2025 at 16:36:47'
'after_alignment_5_5.jpg';'JHAMAB00020-10_68f558f43f23e15e4e99bf9f_0_274_2025-10-23_20-31-42/captures/after_alignment_5_5.jpg';1;'Thu Oct 23, 2025 at 16:37:02';'Thu Oct 23, 2025 at 16:37:02'
'after_alignment_5_4.jpg';'JHAMAB00020-10_68f558f43f23e15e4e99bf9f_0_274_2025-10-23_20-31-42/captures/after_alignment_5_4.jpg';1;'Thu Oct 23, 2025 at 16:37:18';'Thu Oct 23, 2025 at 16:37:18'
'after_alignment_5_3.jpg';'JHAMAB00020-10_68f558f43f23e15e4e99bf9f_0_274_2025-10-23_20-31-42/captures/after_alignment_5_3.jpg';1;'Thu Oct 23, 2025 at 16:37:33';'Thu Oct 23, 2025 at 16:37:33'
'after_alignment_5_2.jpg';'JHAMAB00020-10_68f558f43f23e15e4e99bf9f_0_274_2025-10-23_20-31-42/captures/after_alignment_5_2.jpg';1;'Thu Oct 23, 2025 at 16:37:48';'Thu Oct 23, 2025 at 16:37:48'
'after_alignment_5_1.jpg';'JHAMAB00020-10_68f558f43f23e15e4e99bf9f_0_274_2025-10-23_20-31-42/captures/after_alignment_5_1.jpg';1;'Thu Oct 23, 2025 at 16:38:03';'Thu Oct 23, 2025 at 16:38:03'
'before_alignment_1_5.jpg';'JHAMAB00020-11_68f558f43f23e15e4e99bfa0_0_275_2025-10-23_20-43-03/captures/before_alignment_1_5.jpg';1;'Thu Oct 23, 2025 at 16:43:33';'Thu Oct 23, 2025 at 16:43:33'
'before_alignment_1_4.jpg';'JHAMAB00020-11_68f558f43f23e15e4e99bfa0_0_275_2025-10-23_20-43-03/captures/before_alignment_1_4.jpg';1;'Thu Oct 23, 2025 at 16:43:43';'Thu Oct 23, 2025 at 16:43:43'
'before_alignment_1_3.jpg';'JHAMAB00020-11_68f558f43f23e15e4e99bfa0_0_275_2025-10-23_20-43-03/captures/before_alignment_1_3.jpg';1;'Thu Oct 23, 2025 at 16:43:58';'Thu Oct 23, 2025 at 16:43:58'
'before_alignment_1_2.jpg';'JHAMAB00020-11_68f558f43f23e15e4e99bfa0_0_275_2025-10-23_20-43-03/captures/before_alignment_1_2.jpg';1;'Thu Oct 23, 2025 at 16:44:13';'Thu Oct 23, 2025 at 16:44:13'
'before_alignment_1_1.jpg';'JHAMAB00020-11_68f558f43f23e15e4e99bfa0_0_275_2025-10-23_20-43-03/captures/before_alignment_1_1.jpg';1;'Thu Oct 23, 2025 at 16:44:28';'Thu Oct 23, 2025 at 16:44:28'
'before_alignment_2_1.jpg';'JHAMAB00020-11_68f558f43f23e15e4e99bfa0_0_275_2025-10-23_20-43-03/captures/before_alignment_2_1.jpg';1;'Thu Oct 23, 2025 at 16:44:44';'Thu Oct 23, 2025 at 16:44:44'
'before_alignment_2_2.jpg';'JHAMAB00020-11_68f558f43f23e15e4e99bfa0_0_275_2025-10-23_20-43-03/captures/before_alignment_2_2.jpg';1;'Thu Oct 23, 2025 at 16:44:59';'Thu Oct 23, 2025 at 16:44:59'
'before_alignment_2_3.jpg';'JHAMAB00020-11_68f558f43f23e15e4e99bfa0_0_275_2025-10-23_20-43-03/captures/before_alignment_2_3.jpg';1;'Thu Oct 23, 2025 at 16:45:14';'Thu Oct 23, 2025 at 16:45:14'
'before_alignment_2_4.jpg';'JHAMAB00020-11_68f558f43f23e15e4e99bfa0_0_275_2025-10-23_20-43-03/captures/before_alignment_2_4.jpg';1;'Thu Oct 23, 2025 at 16:45:29';'Thu Oct 23, 2025 at 16:45:29'
'before_alignment_2_5.jpg';'JHAMAB00020-11_68f558f43f23e15e4e99bfa0_0_275_2025-10-23_20-43-03/captures/before_alignment_2_5.jpg';1;'Thu Oct 23, 2025 at 16:45:46';'Thu Oct 23, 2025 at 16:45:46'
'before_alignment_3_5.jpg';'JHAMAB00020-11_68f558f43f23e15e4e99bfa0_0_275_2025-10-23_20-43-03/captures/before_alignment_3_5.jpg';1;'Thu Oct 23, 2025 at 16:46:01';'Thu Oct 23, 2025 at 16:46:01'
'before_alignment_3_4.jpg';'JHAMAB00020-11_68f558f43f23e15e4e99bfa0_0_275_2025-10-23_20-43-03/captures/before_alignment_3_4.jpg';1;'Thu Oct 23, 2025 at 16:46:15';'Thu Oct 23, 2025 at 16:46:15'
'before_alignment_3_3.jpg';'JHAMAB00020-11_68f558f43f23e15e4e99bfa0_0_275_2025-10-23_20-43-03/captures/before_alignment_3_3.jpg';1;'Thu Oct 23, 2025 at 16:46:31';'Thu Oct 23, 2025 at 16:46:31'
'before_alignment_3_2.jpg';'JHAMAB00020-11_68f558f43f23e15e4e99bfa0_0_275_2025-10-23_20-43-03/captures/before_alignment_3_2.jpg';1;'Thu Oct 23, 2025 at 16:46:46';'Thu Oct 23, 2025 at 16:46:46'
'before_alignment_3_1.jpg';'JHAMAB00020-11_68f558f43f23e15e4e99bfa0_0_275_2025-10-23_20-43-03/captures/before_alignment_3_1.jpg';1;'Thu Oct 23, 2025 at 16:47:01';'Thu Oct 23, 2025 at 16:47:01'
'before_alignment_4_1.jpg';'JHAMAB00020-11_68f558f43f23e15e4e99bfa0_0_275_2025-10-23_20-43-03/captures/before_alignment_4_1.jpg';1;'Thu Oct 23, 2025 at 16:47:16';'Thu Oct 23, 2025 at 16:47:16'
'before_alignment_4_2.jpg';'JHAMAB00020-11_68f558f43f23e15e4e99bfa0_0_275_2025-10-23_20-43-03/captures/before_alignment_4_2.jpg';1;'Thu Oct 23, 2025 at 16:47:31';'Thu Oct 23, 2025 at 16:47:31'
'before_alignment_4_3.jpg';'JHAMAB00020-11_68f558f43f23e15e4e99bfa0_0_275_2025-10-23_20-43-03/captures/before_alignment_4_3.jpg';1;'Thu Oct 23, 2025 at 16:47:46';'Thu Oct 23, 2025 at 16:47:46'
'before_alignment_4_4.jpg';'JHAMAB00020-11_68f558f43f23e15e4e99bfa0_0_275_2025-10-23_20-43-03/captures/before_alignment_4_4.jpg';1;'Thu Oct 23, 2025 at 16:48:01';'Thu Oct 23, 2025 at 16:48:01'
'before_alignment_4_5.jpg';'JHAMAB00020-11_68f558f43f23e15e4e99bfa0_0_275_2025-10-23_20-43-03/captures/before_alignment_4_5.jpg';1;'Thu Oct 23, 2025 at 16:48:17';'Thu Oct 23, 2025 at 16:48:17'
'before_alignment_5_5.jpg';'JHAMAB00020-11_68f558f43f23e15e4e99bfa0_0_275_2025-10-23_20-43-03/captures/before_alignment_5_5.jpg';1;'Thu Oct 23, 2025 at 16:48:32';'Thu Oct 23, 2025 at 16:48:32'
'before_alignment_5_4.jpg';'JHAMAB00020-11_68f558f43f23e15e4e99bfa0_0_275_2025-10-23_20-43-03/captures/before_alignment_5_4.jpg';1;'Thu Oct 23, 2025 at 16:48:47';'Thu Oct 23, 2025 at 16:48:47'
'before_alignment_5_3.jpg';'JHAMAB00020-11_68f558f43f23e15e4e99bfa0_0_275_2025-10-23_20-43-03/captures/before_alignment_5_3.jpg';1;'Thu Oct 23, 2025 at 16:49:02';'Thu Oct 23, 2025 at 16:49:02'
'before_alignment_5_2.jpg';'JHAMAB00020-11_68f558f43f23e15e4e99bfa0_0_275_2025-10-23_20-43-03/captures/before_alignment_5_2.jpg';1;'Thu Oct 23, 2025 at 16:49:17';'Thu Oct 23, 2025 at 16:49:17'
'before_alignment_5_1.jpg';'JHAMAB00020-11_68f558f43f23e15e4e99bfa0_0_275_2025-10-23_20-43-03/captures/before_alignment_5_1.jpg';1;'Thu Oct 23, 2025 at 16:49:32';'Thu Oct 23, 2025 at 16:49:32'
'LMI_20251023_JHAMAB00020-11.csv';'JHAMAB00020-11_68f558f43f23e15e4e99bfa0_0_275_2025-10-23_20-43-03/data_files/LMI_20251023_JHAMAB00020-11.csv';1;'Thu Oct 23, 2025 at 16:49:32';'Thu Oct 23, 2025 at 16:49:32'
'before_alignment_1_4.jpg';'JHAMAB00020-12_68f558f43f23e15e4e99bfa1_0_276_2025-10-23_20-53-49/captures/before_alignment_1_4.jpg';1;'Thu Oct 23, 2025 at 16:54:44';'Thu Oct 23, 2025 at 16:54:44'
'before_alignment_1_2.jpg';'JHAMAB00020-12_68f558f43f23e15e4e99bfa1_0_276_2025-10-23_20-53-49/captures/before_alignment_1_2.jpg';1;'Thu Oct 23, 2025 at 16:55:23';'Thu Oct 23, 2025 at 16:55:23'
'before_alignment_2_1.jpg';'JHAMAB00020-12_68f558f43f23e15e4e99bfa1_0_276_2025-10-23_20-53-49/captures/before_alignment_2_1.jpg';1;'Thu Oct 23, 2025 at 16:56:01';'Thu Oct 23, 2025 at 16:56:01'
'before_alignment_2_3.jpg';'JHAMAB00020-12_68f558f43f23e15e4e99bfa1_0_276_2025-10-23_20-53-49/captures/before_alignment_2_3.jpg';1;'Thu Oct 23, 2025 at 16:56:39';'Thu Oct 23, 2025 at 16:56:39'
'before_alignment_2_5.jpg';'JHAMAB00020-12_68f558f43f23e15e4e99bfa1_0_276_2025-10-23_20-53-49/captures/before_alignment_2_5.jpg';1;'Thu Oct 23, 2025 at 16:57:17';'Thu Oct 23, 2025 at 16:57:17'
'before_alignment_3_4.jpg';'JHAMAB00020-12_68f558f43f23e15e4e99bfa1_0_276_2025-10-23_20-53-49/captures/before_alignment_3_4.jpg';1;'Thu Oct 23, 2025 at 16:57:56';'Thu Oct 23, 2025 at 16:57:56'
'before_alignment_3_2.jpg';'JHAMAB00020-12_68f558f43f23e15e4e99bfa1_0_276_2025-10-23_20-53-49/captures/before_alignment_3_2.jpg';1;'Thu Oct 23, 2025 at 16:58:34';'Thu Oct 23, 2025 at 16:58:34'
'before_alignment_4_1.jpg';'JHAMAB00020-12_68f558f43f23e15e4e99bfa1_0_276_2025-10-23_20-53-49/captures/before_alignment_4_1.jpg';1;'Thu Oct 23, 2025 at 16:59:13';'Thu Oct 23, 2025 at 16:59:13'
'before_alignment_4_3.jpg';'JHAMAB00020-12_68f558f43f23e15e4e99bfa1_0_276_2025-10-23_20-53-49/captures/before_alignment_4_3.jpg';1;'Thu Oct 23, 2025 at 16:59:51';'Thu Oct 23, 2025 at 16:59:51'
'before_alignment_4_5.jpg';'JHAMAB00020-12_68f558f43f23e15e4e99bfa1_0_276_2025-10-23_20-53-49/captures/before_alignment_4_5.jpg';1;'Thu Oct 23, 2025 at 17:00:29';'Thu Oct 23, 2025 at 17:00:29'
'before_alignment_5_4.jpg';'JHAMAB00020-12_68f558f43f23e15e4e99bfa1_0_276_2025-10-23_20-53-49/captures/before_alignment_5_4.jpg';1;'Thu Oct 23, 2025 at 17:01:07';'Thu Oct 23, 2025 at 17:01:07'
'before_alignment_5_2.jpg';'JHAMAB00020-12_68f558f43f23e15e4e99bfa1_0_276_2025-10-23_20-53-49/captures/before_alignment_5_2.jpg';1;'Thu Oct 23, 2025 at 17:01:47';'Thu Oct 23, 2025 at 17:01:47'
'LMI_20251023_JHAMAB00020-12.csv';'JHAMAB00020-12_68f558f43f23e15e4e99bfa1_0_276_2025-10-23_20-53-49/data_files/LMI_20251023_JHAMAB00020-12.csv';1;'Thu Oct 23, 2025 at 17:02:06';'Thu Oct 23, 2025 at 17:02:06'
'after_alignment_1_5.jpg';'JHAMAB00020-12_68f558f43f23e15e4e99bfa1_0_277_2025-10-23_21-07-15/captures/after_alignment_1_5.jpg';1;'Thu Oct 23, 2025 at 17:07:44';'Thu Oct 23, 2025 at 17:07:44'
'after_alignment_1_4.jpg';'JHAMAB00020-12_68f558f43f23e15e4e99bfa1_0_277_2025-10-23_21-07-15/captures/after_alignment_1_4.jpg';1;'Thu Oct 23, 2025 at 17:07:44';'Thu Oct 23, 2025 at 17:07:44'
'after_alignment_1_3.jpg';'JHAMAB00020-12_68f558f43f23e15e4e99bfa1_0_277_2025-10-23_21-07-15/captures/after_alignment_1_3.jpg';1;'Thu Oct 23, 2025 at 17:07:52';'Thu Oct 23, 2025 at 17:07:52'
'after_alignment_1_2.jpg';'JHAMAB00020-12_68f558f43f23e15e4e99bfa1_0_277_2025-10-23_21-07-15/captures/after_alignment_1_2.jpg';1;'Thu Oct 23, 2025 at 17:08:08';'Thu Oct 23, 2025 at 17:08:08'
'after_alignment_1_1.jpg';'JHAMAB00020-12_68f558f43f23e15e4e99bfa1_0_277_2025-10-23_21-07-15/captures/after_alignment_1_1.jpg';1;'Thu Oct 23, 2025 at 17:08:22';'Thu Oct 23, 2025 at 17:08:22'
'before_alignment_2_3.jpg';'JHAMAB00020-12_68f558f43f23e15e4e99bfa1_0_277_2025-10-23_21-07-15/captures/before_alignment_2_3.jpg';1;'Thu Oct 23, 2025 at 17:09:16';'Thu Oct 23, 2025 at 17:09:16'
'before_alignment_2_4.jpg';'JHAMAB00020-12_68f558f43f23e15e4e99bfa1_0_277_2025-10-23_21-07-15/captures/before_alignment_2_4.jpg';1;'Thu Oct 23, 2025 at 17:09:24';'Thu Oct 23, 2025 at 17:09:24'
'before_alignment_2_5.jpg';'JHAMAB00020-12_68f558f43f23e15e4e99bfa1_0_277_2025-10-23_21-07-15/captures/before_alignment_2_5.jpg';1;'Thu Oct 23, 2025 at 17:09:39';'Thu Oct 23, 2025 at 17:09:39'
'before_alignment_3_5.jpg';'JHAMAB00020-12_68f558f43f23e15e4e99bfa1_0_277_2025-10-23_21-07-15/captures/before_alignment_3_5.jpg';1;'Thu Oct 23, 2025 at 17:09:55';'Thu Oct 23, 2025 at 17:09:55'
'before_alignment_3_4.jpg';'JHAMAB00020-12_68f558f43f23e15e4e99bfa1_0_277_2025-10-23_21-07-15/captures/before_alignment_3_4.jpg';1;'Thu Oct 23, 2025 at 17:10:11';'Thu Oct 23, 2025 at 17:10:11'
'before_alignment_3_3.jpg';'JHAMAB00020-12_68f558f43f23e15e4e99bfa1_0_277_2025-10-23_21-07-15/captures/before_alignment_3_3.jpg';1;'Thu Oct 23, 2025 at 17:10:38';'Thu Oct 23, 2025 at 17:10:38'
'after_alignment_3_2.jpg';'JHAMAB00020-12_68f558f43f23e15e4e99bfa1_0_277_2025-10-23_21-07-15/captures/after_alignment_3_2.jpg';1;'Thu Oct 23, 2025 at 17:10:47';'Thu Oct 23, 2025 at 17:10:47'
'after_alignment_3_1.jpg';'JHAMAB00020-12_68f558f43f23e15e4e99bfa1_0_277_2025-10-23_21-07-15/captures/after_alignment_3_1.jpg';1;'Thu Oct 23, 2025 at 17:11:03';'Thu Oct 23, 2025 at 17:11:03'
'after_alignment_4_1.jpg';'JHAMAB00020-12_68f558f43f23e15e4e99bfa1_0_277_2025-10-23_21-07-15/captures/after_alignment_4_1.jpg';1;'Thu Oct 23, 2025 at 17:11:18';'Thu Oct 23, 2025 at 17:11:18'
'after_alignment_4_2.jpg';'JHAMAB00020-12_68f558f43f23e15e4e99bfa1_0_277_2025-10-23_21-07-15/captures/after_alignment_4_2.jpg';1;'Thu Oct 23, 2025 at 17:11:33';'Thu Oct 23, 2025 at 17:11:33'
'after_alignment_4_3.jpg';'JHAMAB00020-12_68f558f43f23e15e4e99bfa1_0_277_2025-10-23_21-07-15/captures/after_alignment_4_3.jpg';1;'Thu Oct 23, 2025 at 17:11:48';'Thu Oct 23, 2025 at 17:11:48'
'after_alignment_4_4.jpg';'JHAMAB00020-12_68f558f43f23e15e4e99bfa1_0_277_2025-10-23_21-07-15/captures/after_alignment_4_4.jpg';1;'Thu Oct 23, 2025 at 17:11:56';'Thu Oct 23, 2025 at 17:11:56'
'after_alignment_4_5.jpg';'JHAMAB00020-12_68f558f43f23e15e4e99bfa1_0_277_2025-10-23_21-07-15/captures/after_alignment_4_5.jpg';1;'Thu Oct 23, 2025 at 17:12:11';'Thu Oct 23, 2025 at 17:12:11'
'after_alignment_5_5.jpg';'JHAMAB00020-12_68f558f43f23e15e4e99bfa1_0_277_2025-10-23_21-07-15/captures/after_alignment_5_5.jpg';1;'Thu Oct 23, 2025 at 17:12:26';'Thu Oct 23, 2025 at 17:12:26'
'after_alignment_5_4.jpg';'JHAMAB00020-12_68f558f43f23e15e4e99bfa1_0_277_2025-10-23_21-07-15/captures/after_alignment_5_4.jpg';1;'Thu Oct 23, 2025 at 17:12:42';'Thu Oct 23, 2025 at 17:12:42'
'after_alignment_5_3.jpg';'JHAMAB00020-12_68f558f43f23e15e4e99bfa1_0_277_2025-10-23_21-07-15/captures/after_alignment_5_3.jpg';1;'Thu Oct 23, 2025 at 17:12:54';'Thu Oct 23, 2025 at 17:12:54'
'after_alignment_5_2.jpg';'JHAMAB00020-12_68f558f43f23e15e4e99bfa1_0_277_2025-10-23_21-07-15/captures/after_alignment_5_2.jpg';1;'Thu Oct 23, 2025 at 17:13:09';'Thu Oct 23, 2025 at 17:13:09'
'after_alignment_5_1.jpg';'JHAMAB00020-12_68f558f43f23e15e4e99bfa1_0_277_2025-10-23_21-07-15/captures/after_alignment_5_1.jpg';1;'Thu Oct 23, 2025 at 17:13:25';'Thu Oct 23, 2025 at 17:13:25'
'before_alignment_1_5.jpg';'JHAMAB00021-07_68f5592a3f23e15e4e99bfb7_0_278_2025-10-23_21-17-35/captures/before_alignment_1_5.jpg';1;'Thu Oct 23, 2025 at 17:17:58';'Thu Oct 23, 2025 at 17:17:58'
'before_alignment_1_4.jpg';'JHAMAB00021-07_68f5592a3f23e15e4e99bfb7_0_278_2025-10-23_21-17-35/captures/before_alignment_1_4.jpg';1;'Thu Oct 23, 2025 at 17:18:12';'Thu Oct 23, 2025 at 17:18:12'
'before_alignment_1_3.jpg';'JHAMAB00021-07_68f5592a3f23e15e4e99bfb7_0_278_2025-10-23_21-17-35/captures/before_alignment_1_3.jpg';1;'Thu Oct 23, 2025 at 17:18:28';'Thu Oct 23, 2025 at 17:18:28'
'before_alignment_1_2.jpg';'JHAMAB00021-07_68f5592a3f23e15e4e99bfb7_0_278_2025-10-23_21-17-35/captures/before_alignment_1_2.jpg';1;'Thu Oct 23, 2025 at 17:18:43';'Thu Oct 23, 2025 at 17:18:43'
'before_alignment_1_1.jpg';'JHAMAB00021-07_68f5592a3f23e15e4e99bfb7_0_278_2025-10-23_21-17-35/captures/before_alignment_1_1.jpg';1;'Thu Oct 23, 2025 at 17:18:58';'Thu Oct 23, 2025 at 17:18:58'
'before_alignment_2_1.jpg';'JHAMAB00021-07_68f5592a3f23e15e4e99bfb7_0_278_2025-10-23_21-17-35/captures/before_alignment_2_1.jpg';1;'Thu Oct 23, 2025 at 17:19:13';'Thu Oct 23, 2025 at 17:19:13'
'before_alignment_2_2.jpg';'JHAMAB00021-07_68f5592a3f23e15e4e99bfb7_0_278_2025-10-23_21-17-35/captures/before_alignment_2_2.jpg';1;'Thu Oct 23, 2025 at 17:19:35';'Thu Oct 23, 2025 at 17:19:35'
'before_alignment_2_3.jpg';'JHAMAB00021-07_68f5592a3f23e15e4e99bfb7_0_278_2025-10-23_21-17-35/captures/before_alignment_2_3.jpg';1;'Thu Oct 23, 2025 at 17:19:51';'Thu Oct 23, 2025 at 17:19:51'
'before_alignment_2_4.jpg';'JHAMAB00021-07_68f5592a3f23e15e4e99bfb7_0_278_2025-10-23_21-17-35/captures/before_alignment_2_4.jpg';1;'Thu Oct 23, 2025 at 17:20:05';'Thu Oct 23, 2025 at 17:20:05'
'before_alignment_2_5.jpg';'JHAMAB00021-07_68f5592a3f23e15e4e99bfb7_0_278_2025-10-23_21-17-35/captures/before_alignment_2_5.jpg';1;'Thu Oct 23, 2025 at 17:20:21';'Thu Oct 23, 2025 at 17:20:21'
'before_alignment_3_5.jpg';'JHAMAB00021-07_68f5592a3f23e15e4e99bfb7_0_278_2025-10-23_21-17-35/captures/before_alignment_3_5.jpg';1;'Thu Oct 23, 2025 at 17:20:36';'Thu Oct 23, 2025 at 17:20:36'
'before_alignment_3_4.jpg';'JHAMAB00021-07_68f5592a3f23e15e4e99bfb7_0_278_2025-10-23_21-17-35/captures/before_alignment_3_4.jpg';1;'Thu Oct 23, 2025 at 17:20:51';'Thu Oct 23, 2025 at 17:20:51'
'before_alignment_3_3.jpg';'JHAMAB00021-07_68f5592a3f23e15e4e99bfb7_0_278_2025-10-23_21-17-35/captures/before_alignment_3_3.jpg';1;'Thu Oct 23, 2025 at 17:21:07';'Thu Oct 23, 2025 at 17:21:07'
'before_alignment_3_2.jpg';'JHAMAB00021-07_68f5592a3f23e15e4e99bfb7_0_278_2025-10-23_21-17-35/captures/before_alignment_3_2.jpg';1;'Thu Oct 23, 2025 at 17:21:21';'Thu Oct 23, 2025 at 17:21:21'
'before_alignment_3_1.jpg';'JHAMAB00021-07_68f5592a3f23e15e4e99bfb7_0_278_2025-10-23_21-17-35/captures/before_alignment_3_1.jpg';1;'Thu Oct 23, 2025 at 17:21:37';'Thu Oct 23, 2025 at 17:21:37'
'before_alignment_4_1.jpg';'JHAMAB00021-07_68f5592a3f23e15e4e99bfb7_0_278_2025-10-23_21-17-35/captures/before_alignment_4_1.jpg';1;'Thu Oct 23, 2025 at 17:21:52';'Thu Oct 23, 2025 at 17:21:52'
'before_alignment_4_2.jpg';'JHAMAB00021-07_68f5592a3f23e15e4e99bfb7_0_278_2025-10-23_21-17-35/captures/before_alignment_4_2.jpg';1;'Thu Oct 23, 2025 at 17:22:07';'Thu Oct 23, 2025 at 17:22:07'
'before_alignment_4_3.jpg';'JHAMAB00021-07_68f5592a3f23e15e4e99bfb7_0_278_2025-10-23_21-17-35/captures/before_alignment_4_3.jpg';1;'Thu Oct 23, 2025 at 17:22:22';'Thu Oct 23, 2025 at 17:22:22'
'before_alignment_4_4.jpg';'JHAMAB00021-07_68f5592a3f23e15e4e99bfb7_0_278_2025-10-23_21-17-35/captures/before_alignment_4_4.jpg';1;'Thu Oct 23, 2025 at 17:22:38';'Thu Oct 23, 2025 at 17:22:38'
'before_alignment_4_5.jpg';'JHAMAB00021-07_68f5592a3f23e15e4e99bfb7_0_278_2025-10-23_21-17-35/captures/before_alignment_4_5.jpg';1;'Thu Oct 23, 2025 at 17:22:53';'Thu Oct 23, 2025 at 17:22:53'
'before_alignment_5_5.jpg';'JHAMAB00021-07_68f5592a3f23e15e4e99bfb7_0_278_2025-10-23_21-17-35/captures/before_alignment_5_5.jpg';1;'Thu Oct 23, 2025 at 17:23:08';'Thu Oct 23, 2025 at 17:23:08'
'before_alignment_5_4.jpg';'JHAMAB00021-07_68f5592a3f23e15e4e99bfb7_0_278_2025-10-23_21-17-35/captures/before_alignment_5_4.jpg';1;'Thu Oct 23, 2025 at 17:23:23';'Thu Oct 23, 2025 at 17:23:23'
'before_alignment_5_3.jpg';'JHAMAB00021-07_68f5592a3f23e15e4e99bfb7_0_278_2025-10-23_21-17-35/captures/before_alignment_5_3.jpg';1;'Thu Oct 23, 2025 at 17:23:39';'Thu Oct 23, 2025 at 17:23:39'
'before_alignment_5_2.jpg';'JHAMAB00021-07_68f5592a3f23e15e4e99bfb7_0_278_2025-10-23_21-17-35/captures/before_alignment_5_2.jpg';1;'Thu Oct 23, 2025 at 17:23:53';'Thu Oct 23, 2025 at 17:23:53'
'before_alignment_5_1.jpg';'JHAMAB00021-07_68f5592a3f23e15e4e99bfb7_0_278_2025-10-23_21-17-35/captures/before_alignment_5_1.jpg';1;'Thu Oct 23, 2025 at 17:24:09';'Thu Oct 23, 2025 at 17:24:09'
'LMI_20251023_JHAMAB00021-07.csv';'JHAMAB00021-07_68f5592a3f23e15e4e99bfb7_0_278_2025-10-23_21-17-35/data_files/LMI_20251023_JHAMAB00021-07.csv';1;'Thu Oct 23, 2025 at 17:24:16';'Thu Oct 23, 2025 at 17:24:16'
'after_alignment_1_5.jpg';'JHAMAB00021-08_68f5592a3f23e15e4e99bfb8_0_279_2025-10-23_21-28-14/captures/after_alignment_1_5.jpg';1;'Thu Oct 23, 2025 at 17:28:43';'Thu Oct 23, 2025 at 17:28:43'
'after_alignment_1_4.jpg';'JHAMAB00021-08_68f5592a3f23e15e4e99bfb8_0_279_2025-10-23_21-28-14/captures/after_alignment_1_4.jpg';1;'Thu Oct 23, 2025 at 17:28:53';'Thu Oct 23, 2025 at 17:28:53'
'after_alignment_1_3.jpg';'JHAMAB00021-08_68f5592a3f23e15e4e99bfb8_0_279_2025-10-23_21-28-14/captures/after_alignment_1_3.jpg';1;'Thu Oct 23, 2025 at 17:29:09';'Thu Oct 23, 2025 at 17:29:09'
'after_alignment_1_2.jpg';'JHAMAB00021-08_68f5592a3f23e15e4e99bfb8_0_279_2025-10-23_21-28-14/captures/after_alignment_1_2.jpg';1;'Thu Oct 23, 2025 at 17:29:24';'Thu Oct 23, 2025 at 17:29:24'
'after_alignment_1_1.jpg';'JHAMAB00021-08_68f5592a3f23e15e4e99bfb8_0_279_2025-10-23_21-28-14/captures/after_alignment_1_1.jpg';1;'Thu Oct 23, 2025 at 17:29:39';'Thu Oct 23, 2025 at 17:29:39'
'after_alignment_2_1.jpg';'JHAMAB00021-08_68f5592a3f23e15e4e99bfb8_0_279_2025-10-23_21-28-14/captures/after_alignment_2_1.jpg';1;'Thu Oct 23, 2025 at 17:29:54';'Thu Oct 23, 2025 at 17:29:54'
'after_alignment_2_2.jpg';'JHAMAB00021-08_68f5592a3f23e15e4e99bfb8_0_279_2025-10-23_21-28-14/captures/after_alignment_2_2.jpg';1;'Thu Oct 23, 2025 at 17:30:09';'Thu Oct 23, 2025 at 17:30:09'
'after_alignment_2_3.jpg';'JHAMAB00021-08_68f5592a3f23e15e4e99bfb8_0_279_2025-10-23_21-28-14/captures/after_alignment_2_3.jpg';1;'Thu Oct 23, 2025 at 17:30:25';'Thu Oct 23, 2025 at 17:30:25'
'after_alignment_2_4.jpg';'JHAMAB00021-08_68f5592a3f23e15e4e99bfb8_0_279_2025-10-23_21-28-14/captures/after_alignment_2_4.jpg';1;'Thu Oct 23, 2025 at 17:30:39';'Thu Oct 23, 2025 at 17:30:39'
'after_alignment_2_5.jpg';'JHAMAB00021-08_68f5592a3f23e15e4e99bfb8_0_279_2025-10-23_21-28-14/captures/after_alignment_2_5.jpg';1;'Thu Oct 23, 2025 at 17:30:54';'Thu Oct 23, 2025 at 17:30:54'
'after_alignment_3_5.jpg';'JHAMAB00021-08_68f5592a3f23e15e4e99bfb8_0_279_2025-10-23_21-28-14/captures/after_alignment_3_5.jpg';1;'Thu Oct 23, 2025 at 17:31:10';'Thu Oct 23, 2025 at 17:31:10'
'after_alignment_3_4.jpg';'JHAMAB00021-08_68f5592a3f23e15e4e99bfb8_0_279_2025-10-23_21-28-14/captures/after_alignment_3_4.jpg';1;'Thu Oct 23, 2025 at 17:31:25';'Thu Oct 23, 2025 at 17:31:25'
'after_alignment_3_3.jpg';'JHAMAB00021-08_68f5592a3f23e15e4e99bfb8_0_279_2025-10-23_21-28-14/captures/after_alignment_3_3.jpg';1;'Thu Oct 23, 2025 at 17:31:41';'Thu Oct 23, 2025 at 17:31:41'
'after_alignment_3_2.jpg';'JHAMAB00021-08_68f5592a3f23e15e4e99bfb8_0_279_2025-10-23_21-28-14/captures/after_alignment_3_2.jpg';1;'Thu Oct 23, 2025 at 17:31:56';'Thu Oct 23, 2025 at 17:31:56'
'after_alignment_3_1.jpg';'JHAMAB00021-08_68f5592a3f23e15e4e99bfb8_0_279_2025-10-23_21-28-14/captures/after_alignment_3_1.jpg';1;'Thu Oct 23, 2025 at 17:32:11';'Thu Oct 23, 2025 at 17:32:11'
'after_alignment_4_1.jpg';'JHAMAB00021-08_68f5592a3f23e15e4e99bfb8_0_279_2025-10-23_21-28-14/captures/after_alignment_4_1.jpg';1;'Thu Oct 23, 2025 at 17:32:27';'Thu Oct 23, 2025 at 17:32:27'
'after_alignment_4_2.jpg';'JHAMAB00021-08_68f5592a3f23e15e4e99bfb8_0_279_2025-10-23_21-28-14/captures/after_alignment_4_2.jpg';1;'Thu Oct 23, 2025 at 17:32:42';'Thu Oct 23, 2025 at 17:32:42'
'after_alignment_4_3.jpg';'JHAMAB00021-08_68f5592a3f23e15e4e99bfb8_0_279_2025-10-23_21-28-14/captures/after_alignment_4_3.jpg';1;'Thu Oct 23, 2025 at 17:32:57';'Thu Oct 23, 2025 at 17:32:57'
'after_alignment_4_4.jpg';'JHAMAB00021-08_68f5592a3f23e15e4e99bfb8_0_279_2025-10-23_21-28-14/captures/after_alignment_4_4.jpg';1;'Thu Oct 23, 2025 at 17:33:12';'Thu Oct 23, 2025 at 17:33:12'
'after_alignment_4_5.jpg';'JHAMAB00021-08_68f5592a3f23e15e4e99bfb8_0_279_2025-10-23_21-28-14/captures/after_alignment_4_5.jpg';1;'Thu Oct 23, 2025 at 17:33:28';'Thu Oct 23, 2025 at 17:33:28'
'after_alignment_5_5.jpg';'JHAMAB00021-08_68f5592a3f23e15e4e99bfb8_0_279_2025-10-23_21-28-14/captures/after_alignment_5_5.jpg';1;'Thu Oct 23, 2025 at 17:33:44';'Thu Oct 23, 2025 at 17:33:44'
'after_alignment_5_4.jpg';'JHAMAB00021-08_68f5592a3f23e15e4e99bfb8_0_279_2025-10-23_21-28-14/captures/after_alignment_5_4.jpg';1;'Thu Oct 23, 2025 at 17:33:59';'Thu Oct 23, 2025 at 17:33:59'
'after_alignment_5_3.jpg';'JHAMAB00021-08_68f5592a3f23e15e4e99bfb8_0_279_2025-10-23_21-28-14/captures/after_alignment_5_3.jpg';1;'Thu Oct 23, 2025 at 17:34:14';'Thu Oct 23, 2025 at 17:34:14'
'after_alignment_5_2.jpg';'JHAMAB00021-08_68f5592a3f23e15e4e99bfb8_0_279_2025-10-23_21-28-14/captures/after_alignment_5_2.jpg';1;'Thu Oct 23, 2025 at 17:34:29';'Thu Oct 23, 2025 at 17:34:29'
'LMI_20251023_JHAMAB00021-08.csv';'JHAMAB00021-08_68f5592a3f23e15e4e99bfb8_0_279_2025-10-23_21-28-14/data_files/LMI_20251023_JHAMAB00021-08.csv';1;'Thu Oct 23, 2025 at 17:34:56';'Thu Oct 23, 2025 at 17:34:56'
'after_alignment_1_5.jpg';'JHAMAB00019-13_68f5589c5c4e7db49fe46b8e_0_280_2025-10-23_21-40-32/captures/after_alignment_1_5.jpg';1;'Thu Oct 23, 2025 at 17:41:08';'Thu Oct 23, 2025 at 17:41:08'
'after_alignment_1_4.jpg';'JHAMAB00019-13_68f5589c5c4e7db49fe46b8e_0_280_2025-10-23_21-40-32/captures/after_alignment_1_4.jpg';1;'Thu Oct 23, 2025 at 17:41:11';'Thu Oct 23, 2025 at 17:41:11'
'after_alignment_1_3.jpg';'JHAMAB00019-13_68f5589c5c4e7db49fe46b8e_0_280_2025-10-23_21-40-32/captures/after_alignment_1_3.jpg';1;'Thu Oct 23, 2025 at 17:41:26';'Thu Oct 23, 2025 at 17:41:26'
'after_alignment_1_2.jpg';'JHAMAB00019-13_68f5589c5c4e7db49fe46b8e_0_280_2025-10-23_21-40-32/captures/after_alignment_1_2.jpg';1;'Thu Oct 23, 2025 at 17:41:42';'Thu Oct 23, 2025 at 17:41:42'
'after_alignment_1_1.jpg';'JHAMAB00019-13_68f5589c5c4e7db49fe46b8e_0_280_2025-10-23_21-40-32/captures/after_alignment_1_1.jpg';1;'Thu Oct 23, 2025 at 17:41:58';'Thu Oct 23, 2025 at 17:41:58'
'after_alignment_2_1.jpg';'JHAMAB00019-13_68f5589c5c4e7db49fe46b8e_0_280_2025-10-23_21-40-32/captures/after_alignment_2_1.jpg';1;'Thu Oct 23, 2025 at 17:42:13';'Thu Oct 23, 2025 at 17:42:13'
'after_alignment_2_2.jpg';'JHAMAB00019-13_68f5589c5c4e7db49fe46b8e_0_280_2025-10-23_21-40-32/captures/after_alignment_2_2.jpg';1;'Thu Oct 23, 2025 at 17:42:28';'Thu Oct 23, 2025 at 17:42:28'
'before_alignment_2_4.jpg';'JHAMAB00019-13_68f5589c5c4e7db49fe46b8e_0_280_2025-10-23_21-40-32/captures/before_alignment_2_4.jpg';1;'Thu Oct 23, 2025 at 17:43:02';'Thu Oct 23, 2025 at 17:43:02'
'before_alignment_2_5.jpg';'JHAMAB00019-13_68f5589c5c4e7db49fe46b8e_0_280_2025-10-23_21-40-32/captures/before_alignment_2_5.jpg';1;'Thu Oct 23, 2025 at 17:43:17';'Thu Oct 23, 2025 at 17:43:17'
'before_alignment_3_5.jpg';'JHAMAB00019-13_68f5589c5c4e7db49fe46b8e_0_280_2025-10-23_21-40-32/captures/before_alignment_3_5.jpg';1;'Thu Oct 23, 2025 at 17:43:35';'Thu Oct 23, 2025 at 17:43:35'
'before_alignment_3_4.jpg';'JHAMAB00019-13_68f5589c5c4e7db49fe46b8e_0_280_2025-10-23_21-40-32/captures/before_alignment_3_4.jpg';1;'Thu Oct 23, 2025 at 17:43:50';'Thu Oct 23, 2025 at 17:43:50'
'before_alignment_3_3.jpg';'JHAMAB00019-13_68f5589c5c4e7db49fe46b8e_0_280_2025-10-23_21-40-32/captures/before_alignment_3_3.jpg';1;'Thu Oct 23, 2025 at 17:44:11';'Thu Oct 23, 2025 at 17:44:11'
'before_alignment_3_2.jpg';'JHAMAB00019-13_68f5589c5c4e7db49fe46b8e_0_280_2025-10-23_21-40-32/captures/before_alignment_3_2.jpg';1;'Thu Oct 23, 2025 at 17:44:28';'Thu Oct 23, 2025 at 17:44:28'
'before_alignment_3_1.jpg';'JHAMAB00019-13_68f5589c5c4e7db49fe46b8e_0_280_2025-10-23_21-40-32/captures/before_alignment_3_1.jpg';1;'Thu Oct 23, 2025 at 17:44:44';'Thu Oct 23, 2025 at 17:44:44'
'before_alignment_4_1.jpg';'JHAMAB00019-13_68f5589c5c4e7db49fe46b8e_0_280_2025-10-23_21-40-32/captures/before_alignment_4_1.jpg';1;'Thu Oct 23, 2025 at 17:44:59';'Thu Oct 23, 2025 at 17:44:59'
'before_alignment_4_2.jpg';'JHAMAB00019-13_68f5589c5c4e7db49fe46b8e_0_280_2025-10-23_21-40-32/captures/before_alignment_4_2.jpg';1;'Thu Oct 23, 2025 at 17:45:14';'Thu Oct 23, 2025 at 17:45:14'
'before_alignment_4_3.jpg';'JHAMAB00019-13_68f5589c5c4e7db49fe46b8e_0_280_2025-10-23_21-40-32/captures/before_alignment_4_3.jpg';1;'Thu Oct 23, 2025 at 17:45:31';'Thu Oct 23, 2025 at 17:45:31'
'before_alignment_4_4.jpg';'JHAMAB00019-13_68f5589c5c4e7db49fe46b8e_0_280_2025-10-23_21-40-32/captures/before_alignment_4_4.jpg';1;'Thu Oct 23, 2025 at 17:45:46';'Thu Oct 23, 2025 at 17:45:46'
'before_alignment_4_5.jpg';'JHAMAB00019-13_68f5589c5c4e7db49fe46b8e_0_280_2025-10-23_21-40-32/captures/before_alignment_4_5.jpg';1;'Thu Oct 23, 2025 at 17:46:02';'Thu Oct 23, 2025 at 17:46:02'
'before_alignment_5_5.jpg';'JHAMAB00019-13_68f5589c5c4e7db49fe46b8e_0_280_2025-10-23_21-40-32/captures/before_alignment_5_5.jpg';1;'Thu Oct 23, 2025 at 17:46:17';'Thu Oct 23, 2025 at 17:46:17'
'before_alignment_5_4.jpg';'JHAMAB00019-13_68f5589c5c4e7db49fe46b8e_0_280_2025-10-23_21-40-32/captures/before_alignment_5_4.jpg';1;'Thu Oct 23, 2025 at 17:46:32';'Thu Oct 23, 2025 at 17:46:32'
'before_alignment_5_3.jpg';'JHAMAB00019-13_68f5589c5c4e7db49fe46b8e_0_280_2025-10-23_21-40-32/captures/before_alignment_5_3.jpg';1;'Thu Oct 23, 2025 at 17:46:48';'Thu Oct 23, 2025 at 17:46:48'
'before_alignment_5_2.jpg';'JHAMAB00019-13_68f5589c5c4e7db49fe46b8e_0_280_2025-10-23_21-40-32/captures/before_alignment_5_2.jpg';1;'Thu Oct 23, 2025 at 17:47:02';'Thu Oct 23, 2025 at 17:47:02'
'before_alignment_5_1.jpg';'JHAMAB00019-13_68f5589c5c4e7db49fe46b8e_0_280_2025-10-23_21-40-32/captures/before_alignment_5_1.jpg';1;'Thu Oct 23, 2025 at 17:47:18';'Thu Oct 23, 2025 at 17:47:18'
'LMI_20251023_JHAMAB00019-13.csv';'JHAMAB00019-13_68f5589c5c4e7db49fe46b8e_0_280_2025-10-23_21-40-32/data_files/LMI_20251023_JHAMAB00019-13.csv';1;'Thu Oct 23, 2025 at 17:47:25';'Thu Oct 23, 2025 at 17:47:25'
'after_alignment_1_5.jpg';'JHAMAB00019-14_68f5589c5c4e7db49fe46b8f_0_281_2025-10-23_21-51-32/captures/after_alignment_1_5.jpg';1;'Thu Oct 23, 2025 at 17:52:04';'Thu Oct 23, 2025 at 17:52:04'
'after_alignment_1_4.jpg';'JHAMAB00019-14_68f5589c5c4e7db49fe46b8f_0_281_2025-10-23_21-51-32/captures/after_alignment_1_4.jpg';1;'Thu Oct 23, 2025 at 17:52:11';'Thu Oct 23, 2025 at 17:52:11'
'after_alignment_1_3.jpg';'JHAMAB00019-14_68f5589c5c4e7db49fe46b8f_0_281_2025-10-23_21-51-32/captures/after_alignment_1_3.jpg';1;'Thu Oct 23, 2025 at 17:52:26';'Thu Oct 23, 2025 at 17:52:26'
'after_alignment_1_2.jpg';'JHAMAB00019-14_68f5589c5c4e7db49fe46b8f_0_281_2025-10-23_21-51-32/captures/after_alignment_1_2.jpg';1;'Thu Oct 23, 2025 at 17:52:41';'Thu Oct 23, 2025 at 17:52:41'
'after_alignment_1_1.jpg';'JHAMAB00019-14_68f5589c5c4e7db49fe46b8f_0_281_2025-10-23_21-51-32/captures/after_alignment_1_1.jpg';1;'Thu Oct 23, 2025 at 17:52:57';'Thu Oct 23, 2025 at 17:52:57'
'after_alignment_2_1.jpg';'JHAMAB00019-14_68f5589c5c4e7db49fe46b8f_0_281_2025-10-23_21-51-32/captures/after_alignment_2_1.jpg';1;'Thu Oct 23, 2025 at 17:53:12';'Thu Oct 23, 2025 at 17:53:12'
'after_alignment_2_2.jpg';'JHAMAB00019-14_68f5589c5c4e7db49fe46b8f_0_281_2025-10-23_21-51-32/captures/after_alignment_2_2.jpg';1;'Thu Oct 23, 2025 at 17:53:27';'Thu Oct 23, 2025 at 17:53:27'
'after_alignment_2_3.jpg';'JHAMAB00019-14_68f5589c5c4e7db49fe46b8f_0_281_2025-10-23_21-51-32/captures/after_alignment_2_3.jpg';1;'Thu Oct 23, 2025 at 17:53:42';'Thu Oct 23, 2025 at 17:53:42'
'after_alignment_2_4.jpg';'JHAMAB00019-14_68f5589c5c4e7db49fe46b8f_0_281_2025-10-23_21-51-32/captures/after_alignment_2_4.jpg';1;'Thu Oct 23, 2025 at 17:53:58';'Thu Oct 23, 2025 at 17:53:58'
'after_alignment_2_5.jpg';'JHAMAB00019-14_68f5589c5c4e7db49fe46b8f_0_281_2025-10-23_21-51-32/captures/after_alignment_2_5.jpg';1;'Thu Oct 23, 2025 at 17:54:13';'Thu Oct 23, 2025 at 17:54:13'
'after_alignment_3_5.jpg';'JHAMAB00019-14_68f5589c5c4e7db49fe46b8f_0_281_2025-10-23_21-51-32/captures/after_alignment_3_5.jpg';1;'Thu Oct 23, 2025 at 17:54:28';'Thu Oct 23, 2025 at 17:54:28'
'after_alignment_3_4.jpg';'JHAMAB00019-14_68f5589c5c4e7db49fe46b8f_0_281_2025-10-23_21-51-32/captures/after_alignment_3_4.jpg';1;'Thu Oct 23, 2025 at 17:54:44';'Thu Oct 23, 2025 at 17:54:44'
'after_alignment_3_3.jpg';'JHAMAB00019-14_68f5589c5c4e7db49fe46b8f_0_281_2025-10-23_21-51-32/captures/after_alignment_3_3.jpg';1;'Thu Oct 23, 2025 at 17:54:59';'Thu Oct 23, 2025 at 17:54:59'
'after_alignment_3_2.jpg';'JHAMAB00019-14_68f5589c5c4e7db49fe46b8f_0_281_2025-10-23_21-51-32/captures/after_alignment_3_2.jpg';1;'Thu Oct 23, 2025 at 17:55:15';'Thu Oct 23, 2025 at 17:55:15'
'after_alignment_3_1.jpg';'JHAMAB00019-14_68f5589c5c4e7db49fe46b8f_0_281_2025-10-23_21-51-32/captures/after_alignment_3_1.jpg';1;'Thu Oct 23, 2025 at 17:55:29';'Thu Oct 23, 2025 at 17:55:29'
'after_alignment_4_1.jpg';'JHAMAB00019-14_68f5589c5c4e7db49fe46b8f_0_281_2025-10-23_21-51-32/captures/after_alignment_4_1.jpg';1;'Thu Oct 23, 2025 at 17:55:45';'Thu Oct 23, 2025 at 17:55:45'
'after_alignment_4_2.jpg';'JHAMAB00019-14_68f5589c5c4e7db49fe46b8f_0_281_2025-10-23_21-51-32/captures/after_alignment_4_2.jpg';1;'Thu Oct 23, 2025 at 17:56:00';'Thu Oct 23, 2025 at 17:56:00'
'after_alignment_4_3.jpg';'JHAMAB00019-14_68f5589c5c4e7db49fe46b8f_0_281_2025-10-23_21-51-32/captures/after_alignment_4_3.jpg';1;'Thu Oct 23, 2025 at 17:56:15';'Thu Oct 23, 2025 at 17:56:15'
'after_alignment_4_4.jpg';'JHAMAB00019-14_68f5589c5c4e7db49fe46b8f_0_281_2025-10-23_21-51-32/captures/after_alignment_4_4.jpg';1;'Thu Oct 23, 2025 at 17:56:31';'Thu Oct 23, 2025 at 17:56:31'
'before_alignment_5_5.jpg';'JHAMAB00019-14_68f5589c5c4e7db49fe46b8f_0_281_2025-10-23_21-51-32/captures/before_alignment_5_5.jpg';1;'Thu Oct 23, 2025 at 17:57:06';'Thu Oct 23, 2025 at 17:57:06'
'before_alignment_5_4.jpg';'JHAMAB00019-14_68f5589c5c4e7db49fe46b8f_0_281_2025-10-23_21-51-32/captures/before_alignment_5_4.jpg';1;'Thu Oct 23, 2025 at 17:57:22';'Thu Oct 23, 2025 at 17:57:22'
'before_alignment_5_3.jpg';'JHAMAB00019-14_68f5589c5c4e7db49fe46b8f_0_281_2025-10-23_21-51-32/captures/before_alignment_5_3.jpg';1;'Thu Oct 23, 2025 at 17:57:36';'Thu Oct 23, 2025 at 17:57:36'
'before_alignment_5_2.jpg';'JHAMAB00019-14_68f5589c5c4e7db49fe46b8f_0_281_2025-10-23_21-51-32/captures/before_alignment_5_2.jpg';1;'Thu Oct 23, 2025 at 17:57:51';'Thu Oct 23, 2025 at 17:57:51'
'before_alignment_5_1.jpg';'JHAMAB00019-14_68f5589c5c4e7db49fe46b8f_0_281_2025-10-23_21-51-32/captures/before_alignment_5_1.jpg';1;'Thu Oct 23, 2025 at 17:58:06';'Thu Oct 23, 2025 at 17:58:06'
'LMI_20251023_JHAMAB00019-14.csv';'JHAMAB00019-14_68f5589c5c4e7db49fe46b8f_0_281_2025-10-23_21-51-32/data_files/LMI_20251023_JHAMAB00019-14.csv';1;'Thu Oct 23, 2025 at 17:58:14';'Thu Oct 23, 2025 at 17:58:14'
'after_alignment_1_5.jpg';'JHAMAB00019-15_68f5589c5c4e7db49fe46b90_0_282_2025-10-23_22-03-12/captures/after_alignment_1_5.jpg';1;'Thu Oct 23, 2025 at 18:03:36';'Thu Oct 23, 2025 at 18:03:36'
'after_alignment_1_4.jpg';'JHAMAB00019-15_68f5589c5c4e7db49fe46b90_0_282_2025-10-23_22-03-12/captures/after_alignment_1_4.jpg';1;'Thu Oct 23, 2025 at 18:03:52';'Thu Oct 23, 2025 at 18:03:52'
'after_alignment_1_3.jpg';'JHAMAB00019-15_68f5589c5c4e7db49fe46b90_0_282_2025-10-23_22-03-12/captures/after_alignment_1_3.jpg';1;'Thu Oct 23, 2025 at 18:04:07';'Thu Oct 23, 2025 at 18:04:07'
'after_alignment_1_2.jpg';'JHAMAB00019-15_68f5589c5c4e7db49fe46b90_0_282_2025-10-23_22-03-12/captures/after_alignment_1_2.jpg';1;'Thu Oct 23, 2025 at 18:04:22';'Thu Oct 23, 2025 at 18:04:22'
'after_alignment_1_1.jpg';'JHAMAB00019-15_68f5589c5c4e7db49fe46b90_0_282_2025-10-23_22-03-12/captures/after_alignment_1_1.jpg';1;'Thu Oct 23, 2025 at 18:04:38';'Thu Oct 23, 2025 at 18:04:38'
'before_alignment_2_2.jpg';'JHAMAB00019-15_68f5589c5c4e7db49fe46b90_0_282_2025-10-23_22-03-12/captures/before_alignment_2_2.jpg';1;'Thu Oct 23, 2025 at 18:05:13';'Thu Oct 23, 2025 at 18:05:13'
'before_alignment_2_3.jpg';'JHAMAB00019-15_68f5589c5c4e7db49fe46b90_0_282_2025-10-23_22-03-12/captures/before_alignment_2_3.jpg';1;'Thu Oct 23, 2025 at 18:05:29';'Thu Oct 23, 2025 at 18:05:29'
'before_alignment_2_4.jpg';'JHAMAB00019-15_68f5589c5c4e7db49fe46b90_0_282_2025-10-23_22-03-12/captures/before_alignment_2_4.jpg';1;'Thu Oct 23, 2025 at 18:05:44';'Thu Oct 23, 2025 at 18:05:44'
'before_alignment_2_5.jpg';'JHAMAB00019-15_68f5589c5c4e7db49fe46b90_0_282_2025-10-23_22-03-12/captures/before_alignment_2_5.jpg';1;'Thu Oct 23, 2025 at 18:06:00';'Thu Oct 23, 2025 at 18:06:00'
'before_alignment_3_5.jpg';'JHAMAB00019-15_68f5589c5c4e7db49fe46b90_0_282_2025-10-23_22-03-12/captures/before_alignment_3_5.jpg';1;'Thu Oct 23, 2025 at 18:06:15';'Thu Oct 23, 2025 at 18:06:15'
'before_alignment_3_4.jpg';'JHAMAB00019-15_68f5589c5c4e7db49fe46b90_0_282_2025-10-23_22-03-12/captures/before_alignment_3_4.jpg';1;'Thu Oct 23, 2025 at 18:06:30';'Thu Oct 23, 2025 at 18:06:30'
'before_alignment_3_3.jpg';'JHAMAB00019-15_68f5589c5c4e7db49fe46b90_0_282_2025-10-23_22-03-12/captures/before_alignment_3_3.jpg';1;'Thu Oct 23, 2025 at 18:06:48';'Thu Oct 23, 2025 at 18:06:48'
'before_alignment_3_2.jpg';'JHAMAB00019-15_68f5589c5c4e7db49fe46b90_0_282_2025-10-23_22-03-12/captures/before_alignment_3_2.jpg';1;'Thu Oct 23, 2025 at 18:07:02';'Thu Oct 23, 2025 at 18:07:02'
'before_alignment_3_1.jpg';'JHAMAB00019-15_68f5589c5c4e7db49fe46b90_0_282_2025-10-23_22-03-12/captures/before_alignment_3_1.jpg';1;'Thu Oct 23, 2025 at 18:07:18';'Thu Oct 23, 2025 at 18:07:18'
'before_alignment_4_1.jpg';'JHAMAB00019-15_68f5589c5c4e7db49fe46b90_0_282_2025-10-23_22-03-12/captures/before_alignment_4_1.jpg';1;'Thu Oct 23, 2025 at 18:07:33';'Thu Oct 23, 2025 at 18:07:33'
'before_alignment_4_2.jpg';'JHAMAB00019-15_68f5589c5c4e7db49fe46b90_0_282_2025-10-23_22-03-12/captures/before_alignment_4_2.jpg';1;'Thu Oct 23, 2025 at 18:07:48';'Thu Oct 23, 2025 at 18:07:48'
'before_alignment_4_3.jpg';'JHAMAB00019-15_68f5589c5c4e7db49fe46b90_0_282_2025-10-23_22-03-12/captures/before_alignment_4_3.jpg';1;'Thu Oct 23, 2025 at 18:08:04';'Thu Oct 23, 2025 at 18:08:04'
'before_alignment_4_4.jpg';'JHAMAB00019-15_68f5589c5c4e7db49fe46b90_0_282_2025-10-23_22-03-12/captures/before_alignment_4_4.jpg';1;'Thu Oct 23, 2025 at 18:08:19';'Thu Oct 23, 2025 at 18:08:19'
'before_alignment_4_5.jpg';'JHAMAB00019-15_68f5589c5c4e7db49fe46b90_0_282_2025-10-23_22-03-12/captures/before_alignment_4_5.jpg';1;'Thu Oct 23, 2025 at 18:08:34';'Thu Oct 23, 2025 at 18:08:34'
'before_alignment_5_5.jpg';'JHAMAB00019-15_68f5589c5c4e7db49fe46b90_0_282_2025-10-23_22-03-12/captures/before_alignment_5_5.jpg';1;'Thu Oct 23, 2025 at 18:08:50';'Thu Oct 23, 2025 at 18:08:50'
'before_alignment_5_4.jpg';'JHAMAB00019-15_68f5589c5c4e7db49fe46b90_0_282_2025-10-23_22-03-12/captures/before_alignment_5_4.jpg';1;'Thu Oct 23, 2025 at 18:09:05';'Thu Oct 23, 2025 at 18:09:05'
'before_alignment_5_3.jpg';'JHAMAB00019-15_68f5589c5c4e7db49fe46b90_0_282_2025-10-23_22-03-12/captures/before_alignment_5_3.jpg';1;'Thu Oct 23, 2025 at 18:09:20';'Thu Oct 23, 2025 at 18:09:20'
'before_alignment_5_2.jpg';'JHAMAB00019-15_68f5589c5c4e7db49fe46b90_0_282_2025-10-23_22-03-12/captures/before_alignment_5_2.jpg';1;'Thu Oct 23, 2025 at 18:09:36';'Thu Oct 23, 2025 at 18:09:36'
'before_alignment_5_1.jpg';'JHAMAB00019-15_68f5589c5c4e7db49fe46b90_0_282_2025-10-23_22-03-12/captures/before_alignment_5_1.jpg';1;'Thu Oct 23, 2025 at 18:09:50';'Thu Oct 23, 2025 at 18:09:50'
'LMI_20251023_JHAMAB00019-15.csv';'JHAMAB00019-15_68f5589c5c4e7db49fe46b90_0_282_2025-10-23_22-03-12/data_files/LMI_20251023_JHAMAB00019-15.csv';1;'Thu Oct 23, 2025 at 18:09:58';'Thu Oct 23, 2025 at 18:09:58'
'after_alignment_1_5.jpg';'JHAMAB00020-13_68f558f43f23e15e4e99bfa2_0_283_2025-10-23_22-14-32/captures/after_alignment_1_5.jpg';1;'Thu Oct 23, 2025 at 18:15:05';'Thu Oct 23, 2025 at 18:15:05'
'after_alignment_1_4.jpg';'JHAMAB00020-13_68f558f43f23e15e4e99bfa2_0_283_2025-10-23_22-14-32/captures/after_alignment_1_4.jpg';1;'Thu Oct 23, 2025 at 18:15:16';'Thu Oct 23, 2025 at 18:15:16'
'after_alignment_1_3.jpg';'JHAMAB00020-13_68f558f43f23e15e4e99bfa2_0_283_2025-10-23_22-14-32/captures/after_alignment_1_3.jpg';1;'Thu Oct 23, 2025 at 18:15:31';'Thu Oct 23, 2025 at 18:15:31'
'after_alignment_1_2.jpg';'JHAMAB00020-13_68f558f43f23e15e4e99bfa2_0_283_2025-10-23_22-14-32/captures/after_alignment_1_2.jpg';1;'Thu Oct 23, 2025 at 18:15:46';'Thu Oct 23, 2025 at 18:15:46'
'after_alignment_1_1.jpg';'JHAMAB00020-13_68f558f43f23e15e4e99bfa2_0_283_2025-10-23_22-14-32/captures/after_alignment_1_1.jpg';1;'Thu Oct 23, 2025 at 18:16:01';'Thu Oct 23, 2025 at 18:16:01'
'before_alignment_2_2.jpg';'JHAMAB00020-13_68f558f43f23e15e4e99bfa2_0_283_2025-10-23_22-14-32/captures/before_alignment_2_2.jpg';1;'Thu Oct 23, 2025 at 18:16:32';'Thu Oct 23, 2025 at 18:16:32'
'before_alignment_2_3.jpg';'JHAMAB00020-13_68f558f43f23e15e4e99bfa2_0_283_2025-10-23_22-14-32/captures/before_alignment_2_3.jpg';1;'Thu Oct 23, 2025 at 18:16:40';'Thu Oct 23, 2025 at 18:16:40'
'before_alignment_2_4.jpg';'JHAMAB00020-13_68f558f43f23e15e4e99bfa2_0_283_2025-10-23_22-14-32/captures/before_alignment_2_4.jpg';1;'Thu Oct 23, 2025 at 18:16:56';'Thu Oct 23, 2025 at 18:16:56'
'before_alignment_2_5.jpg';'JHAMAB00020-13_68f558f43f23e15e4e99bfa2_0_283_2025-10-23_22-14-32/captures/before_alignment_2_5.jpg';1;'Thu Oct 23, 2025 at 18:17:11';'Thu Oct 23, 2025 at 18:17:11'
'before_alignment_3_5.jpg';'JHAMAB00020-13_68f558f43f23e15e4e99bfa2_0_283_2025-10-23_22-14-32/captures/before_alignment_3_5.jpg';1;'Thu Oct 23, 2025 at 18:17:38';'Thu Oct 23, 2025 at 18:17:38'
'after_alignment_3_4.jpg';'JHAMAB00020-13_68f558f43f23e15e4e99bfa2_0_283_2025-10-23_22-14-32/captures/after_alignment_3_4.jpg';1;'Thu Oct 23, 2025 at 18:17:45';'Thu Oct 23, 2025 at 18:17:45'
'after_alignment_3_3.jpg';'JHAMAB00020-13_68f558f43f23e15e4e99bfa2_0_283_2025-10-23_22-14-32/captures/after_alignment_3_3.jpg';1;'Thu Oct 23, 2025 at 18:18:01';'Thu Oct 23, 2025 at 18:18:01'
'before_alignment_3_1.jpg';'JHAMAB00020-13_68f558f43f23e15e4e99bfa2_0_283_2025-10-23_22-14-32/captures/before_alignment_3_1.jpg';1;'Thu Oct 23, 2025 at 18:18:36';'Thu Oct 23, 2025 at 18:18:36'
'before_alignment_4_1.jpg';'JHAMAB00020-13_68f558f43f23e15e4e99bfa2_0_283_2025-10-23_22-14-32/captures/before_alignment_4_1.jpg';1;'Thu Oct 23, 2025 at 18:18:58';'Thu Oct 23, 2025 at 18:18:58'
'before_alignment_4_2.jpg';'JHAMAB00020-13_68f558f43f23e15e4e99bfa2_0_283_2025-10-23_22-14-32/captures/before_alignment_4_2.jpg';1;'Thu Oct 23, 2025 at 18:19:25';'Thu Oct 23, 2025 at 18:19:25'
'after_alignment_4_3.jpg';'JHAMAB00020-13_68f558f43f23e15e4e99bfa2_0_283_2025-10-23_22-14-32/captures/after_alignment_4_3.jpg';1;'Thu Oct 23, 2025 at 18:19:33';'Thu Oct 23, 2025 at 18:19:33'
'after_alignment_4_4.jpg';'JHAMAB00020-13_68f558f43f23e15e4e99bfa2_0_283_2025-10-23_22-14-32/captures/after_alignment_4_4.jpg';1;'Thu Oct 23, 2025 at 18:19:41';'Thu Oct 23, 2025 at 18:19:41'
'after_alignment_4_5.jpg';'JHAMAB00020-13_68f558f43f23e15e4e99bfa2_0_283_2025-10-23_22-14-32/captures/after_alignment_4_5.jpg';1;'Thu Oct 23, 2025 at 18:20:07';'Thu Oct 23, 2025 at 18:20:07'
'after_alignment_5_5.jpg';'JHAMAB00020-13_68f558f43f23e15e4e99bfa2_0_283_2025-10-23_22-14-32/captures/after_alignment_5_5.jpg';1;'Thu Oct 23, 2025 at 18:20:23';'Thu Oct 23, 2025 at 18:20:23'
'before_alignment_5_3.jpg';'JHAMAB00020-13_68f558f43f23e15e4e99bfa2_0_283_2025-10-23_22-14-32/captures/before_alignment_5_3.jpg';1;'Thu Oct 23, 2025 at 18:20:57';'Thu Oct 23, 2025 at 18:20:57'
'before_alignment_5_2.jpg';'JHAMAB00020-13_68f558f43f23e15e4e99bfa2_0_283_2025-10-23_22-14-32/captures/before_alignment_5_2.jpg';1;'Thu Oct 23, 2025 at 18:21:12';'Thu Oct 23, 2025 at 18:21:12'
'before_alignment_5_1.jpg';'JHAMAB00020-13_68f558f43f23e15e4e99bfa2_0_283_2025-10-23_22-14-32/captures/before_alignment_5_1.jpg';1;'Thu Oct 23, 2025 at 18:21:28';'Thu Oct 23, 2025 at 18:21:28'
'LMI_20251023_JHAMAB00020-13.csv';'JHAMAB00020-13_68f558f43f23e15e4e99bfa2_0_283_2025-10-23_22-14-32/data_files/LMI_20251023_JHAMAB00020-13.csv';1;'Thu Oct 23, 2025 at 18:21:35';'Thu Oct 23, 2025 at 18:21:35'
'after_alignment_1_5.jpg';'JHAMAB00020-14_68f558f43f23e15e4e99bfa3_0_284_2025-10-23_22-25-50/captures/after_alignment_1_5.jpg';1;'Thu Oct 23, 2025 at 18:26:15';'Thu Oct 23, 2025 at 18:26:15'
'after_alignment_1_4.jpg';'JHAMAB00020-14_68f558f43f23e15e4e99bfa3_0_284_2025-10-23_22-25-50/captures/after_alignment_1_4.jpg';1;'Thu Oct 23, 2025 at 18:26:22';'Thu Oct 23, 2025 at 18:26:22'
'after_alignment_1_3.jpg';'JHAMAB00020-14_68f558f43f23e15e4e99bfa3_0_284_2025-10-23_22-25-50/captures/after_alignment_1_3.jpg';1;'Thu Oct 23, 2025 at 18:26:37';'Thu Oct 23, 2025 at 18:26:37'
'after_alignment_1_2.jpg';'JHAMAB00020-14_68f558f43f23e15e4e99bfa3_0_284_2025-10-23_22-25-50/captures/after_alignment_1_2.jpg';1;'Thu Oct 23, 2025 at 18:26:53';'Thu Oct 23, 2025 at 18:26:53'
'after_alignment_1_1.jpg';'JHAMAB00020-14_68f558f43f23e15e4e99bfa3_0_284_2025-10-23_22-25-50/captures/after_alignment_1_1.jpg';1;'Thu Oct 23, 2025 at 18:27:08';'Thu Oct 23, 2025 at 18:27:08'
'after_alignment_2_1.jpg';'JHAMAB00020-14_68f558f43f23e15e4e99bfa3_0_284_2025-10-23_22-25-50/captures/after_alignment_2_1.jpg';1;'Thu Oct 23, 2025 at 18:27:16';'Thu Oct 23, 2025 at 18:27:16'
'after_alignment_2_2.jpg';'JHAMAB00020-14_68f558f43f23e15e4e99bfa3_0_284_2025-10-23_22-25-50/captures/after_alignment_2_2.jpg';1;'Thu Oct 23, 2025 at 18:27:31';'Thu Oct 23, 2025 at 18:27:31'
'after_alignment_2_3.jpg';'JHAMAB00020-14_68f558f43f23e15e4e99bfa3_0_284_2025-10-23_22-25-50/captures/after_alignment_2_3.jpg';1;'Thu Oct 23, 2025 at 18:27:46';'Thu Oct 23, 2025 at 18:27:46'
'after_alignment_2_4.jpg';'JHAMAB00020-14_68f558f43f23e15e4e99bfa3_0_284_2025-10-23_22-25-50/captures/after_alignment_2_4.jpg';1;'Thu Oct 23, 2025 at 18:28:01';'Thu Oct 23, 2025 at 18:28:01'
'after_alignment_2_5.jpg';'JHAMAB00020-14_68f558f43f23e15e4e99bfa3_0_284_2025-10-23_22-25-50/captures/after_alignment_2_5.jpg';1;'Thu Oct 23, 2025 at 18:28:09';'Thu Oct 23, 2025 at 18:28:09'
'after_alignment_3_5.jpg';'JHAMAB00020-14_68f558f43f23e15e4e99bfa3_0_284_2025-10-23_22-25-50/captures/after_alignment_3_5.jpg';1;'Thu Oct 23, 2025 at 18:28:25';'Thu Oct 23, 2025 at 18:28:25'
'after_alignment_3_4.jpg';'JHAMAB00020-14_68f558f43f23e15e4e99bfa3_0_284_2025-10-23_22-25-50/captures/after_alignment_3_4.jpg';1;'Thu Oct 23, 2025 at 18:28:40';'Thu Oct 23, 2025 at 18:28:40'
'after_alignment_3_3.jpg';'JHAMAB00020-14_68f558f43f23e15e4e99bfa3_0_284_2025-10-23_22-25-50/captures/after_alignment_3_3.jpg';1;'Thu Oct 23, 2025 at 18:28:55';'Thu Oct 23, 2025 at 18:28:55'
'after_alignment_3_2.jpg';'JHAMAB00020-14_68f558f43f23e15e4e99bfa3_0_284_2025-10-23_22-25-50/captures/after_alignment_3_2.jpg';1;'Thu Oct 23, 2025 at 18:29:03';'Thu Oct 23, 2025 at 18:29:03'
'after_alignment_3_1.jpg';'JHAMAB00020-14_68f558f43f23e15e4e99bfa3_0_284_2025-10-23_22-25-50/captures/after_alignment_3_1.jpg';1;'Thu Oct 23, 2025 at 18:29:11';'Thu Oct 23, 2025 at 18:29:11'
'after_alignment_4_1.jpg';'JHAMAB00020-14_68f558f43f23e15e4e99bfa3_0_284_2025-10-23_22-25-50/captures/after_alignment_4_1.jpg';1;'Thu Oct 23, 2025 at 18:29:26';'Thu Oct 23, 2025 at 18:29:26'
'after_alignment_4_2.jpg';'JHAMAB00020-14_68f558f43f23e15e4e99bfa3_0_284_2025-10-23_22-25-50/captures/after_alignment_4_2.jpg';1;'Thu Oct 23, 2025 at 18:29:41';'Thu Oct 23, 2025 at 18:29:41'
'after_alignment_4_3.jpg';'JHAMAB00020-14_68f558f43f23e15e4e99bfa3_0_284_2025-10-23_22-25-50/captures/after_alignment_4_3.jpg';1;'Thu Oct 23, 2025 at 18:29:56';'Thu Oct 23, 2025 at 18:29:56'
'after_alignment_4_4.jpg';'JHAMAB00020-14_68f558f43f23e15e4e99bfa3_0_284_2025-10-23_22-25-50/captures/after_alignment_4_4.jpg';1;'Thu Oct 23, 2025 at 18:30:04';'Thu Oct 23, 2025 at 18:30:04'
'after_alignment_4_5.jpg';'JHAMAB00020-14_68f558f43f23e15e4e99bfa3_0_284_2025-10-23_22-25-50/captures/after_alignment_4_5.jpg';1;'Thu Oct 23, 2025 at 18:30:19';'Thu Oct 23, 2025 at 18:30:19'
'after_alignment_5_5.jpg';'JHAMAB00020-14_68f558f43f23e15e4e99bfa3_0_284_2025-10-23_22-25-50/captures/after_alignment_5_5.jpg';1;'Thu Oct 23, 2025 at 18:30:38';'Thu Oct 23, 2025 at 18:30:38'
'after_alignment_5_4.jpg';'JHAMAB00020-14_68f558f43f23e15e4e99bfa3_0_284_2025-10-23_22-25-50/captures/after_alignment_5_4.jpg';1;'Thu Oct 23, 2025 at 18:30:46';'Thu Oct 23, 2025 at 18:30:46'
'after_alignment_5_3.jpg';'JHAMAB00020-14_68f558f43f23e15e4e99bfa3_0_284_2025-10-23_22-25-50/captures/after_alignment_5_3.jpg';1;'Thu Oct 23, 2025 at 18:30:53';'Thu Oct 23, 2025 at 18:30:53'
'after_alignment_5_2.jpg';'JHAMAB00020-14_68f558f43f23e15e4e99bfa3_0_284_2025-10-23_22-25-50/captures/after_alignment_5_2.jpg';1;'Thu Oct 23, 2025 at 18:31:09';'Thu Oct 23, 2025 at 18:31:09'
'after_alignment_5_1.jpg';'JHAMAB00020-14_68f558f43f23e15e4e99bfa3_0_284_2025-10-23_22-25-50/captures/after_alignment_5_1.jpg';1;'Thu Oct 23, 2025 at 18:31:24';'Thu Oct 23, 2025 at 18:31:24'
'before_alignment_1_5.jpg';'JHAMAB00020-15_68f558f43f23e15e4e99bfa4_0_285_2025-10-23_22-36-41/captures/before_alignment_1_5.jpg';1;'Thu Oct 23, 2025 at 18:37:10';'Thu Oct 23, 2025 at 18:37:10'
'before_alignment_1_4.jpg';'JHAMAB00020-15_68f558f43f23e15e4e99bfa4_0_285_2025-10-23_22-36-41/captures/before_alignment_1_4.jpg';1;'Thu Oct 23, 2025 at 18:37:21';'Thu Oct 23, 2025 at 18:37:21'
'before_alignment_1_3.jpg';'JHAMAB00020-15_68f558f43f23e15e4e99bfa4_0_285_2025-10-23_22-36-41/captures/before_alignment_1_3.jpg';1;'Thu Oct 23, 2025 at 18:37:29';'Thu Oct 23, 2025 at 18:37:29'
'before_alignment_1_2.jpg';'JHAMAB00020-15_68f558f43f23e15e4e99bfa4_0_285_2025-10-23_22-36-41/captures/before_alignment_1_2.jpg';1;'Thu Oct 23, 2025 at 18:37:37';'Thu Oct 23, 2025 at 18:37:37'
'before_alignment_1_1.jpg';'JHAMAB00020-15_68f558f43f23e15e4e99bfa4_0_285_2025-10-23_22-36-41/captures/before_alignment_1_1.jpg';1;'Thu Oct 23, 2025 at 18:37:52';'Thu Oct 23, 2025 at 18:37:52'
'before_alignment_2_1.jpg';'JHAMAB00020-15_68f558f43f23e15e4e99bfa4_0_285_2025-10-23_22-36-41/captures/before_alignment_2_1.jpg';1;'Thu Oct 23, 2025 at 18:38:07';'Thu Oct 23, 2025 at 18:38:07'
'before_alignment_2_2.jpg';'JHAMAB00020-15_68f558f43f23e15e4e99bfa4_0_285_2025-10-23_22-36-41/captures/before_alignment_2_2.jpg';1;'Thu Oct 23, 2025 at 18:38:23';'Thu Oct 23, 2025 at 18:38:23'
'before_alignment_2_3.jpg';'JHAMAB00020-15_68f558f43f23e15e4e99bfa4_0_285_2025-10-23_22-36-41/captures/before_alignment_2_3.jpg';1;'Thu Oct 23, 2025 at 18:38:38';'Thu Oct 23, 2025 at 18:38:38'
'before_alignment_2_4.jpg';'JHAMAB00020-15_68f558f43f23e15e4e99bfa4_0_285_2025-10-23_22-36-41/captures/before_alignment_2_4.jpg';1;'Thu Oct 23, 2025 at 18:38:54';'Thu Oct 23, 2025 at 18:38:54'
'before_alignment_2_5.jpg';'JHAMAB00020-15_68f558f43f23e15e4e99bfa4_0_285_2025-10-23_22-36-41/captures/before_alignment_2_5.jpg';1;'Thu Oct 23, 2025 at 18:39:10';'Thu Oct 23, 2025 at 18:39:10'
'before_alignment_3_5.jpg';'JHAMAB00020-15_68f558f43f23e15e4e99bfa4_0_285_2025-10-23_22-36-41/captures/before_alignment_3_5.jpg';1;'Thu Oct 23, 2025 at 18:39:25';'Thu Oct 23, 2025 at 18:39:25'
'before_alignment_3_4.jpg';'JHAMAB00020-15_68f558f43f23e15e4e99bfa4_0_285_2025-10-23_22-36-41/captures/before_alignment_3_4.jpg';1;'Thu Oct 23, 2025 at 18:39:40';'Thu Oct 23, 2025 at 18:39:40'
'before_alignment_3_3.jpg';'JHAMAB00020-15_68f558f43f23e15e4e99bfa4_0_285_2025-10-23_22-36-41/captures/before_alignment_3_3.jpg';1;'Thu Oct 23, 2025 at 18:39:54';'Thu Oct 23, 2025 at 18:39:54'
'before_alignment_3_2.jpg';'JHAMAB00020-15_68f558f43f23e15e4e99bfa4_0_285_2025-10-23_22-36-41/captures/before_alignment_3_2.jpg';1;'Thu Oct 23, 2025 at 18:40:10';'Thu Oct 23, 2025 at 18:40:10'
'before_alignment_3_1.jpg';'JHAMAB00020-15_68f558f43f23e15e4e99bfa4_0_285_2025-10-23_22-36-41/captures/before_alignment_3_1.jpg';1;'Thu Oct 23, 2025 at 18:40:25';'Thu Oct 23, 2025 at 18:40:25'
'before_alignment_4_1.jpg';'JHAMAB00020-15_68f558f43f23e15e4e99bfa4_0_285_2025-10-23_22-36-41/captures/before_alignment_4_1.jpg';1;'Thu Oct 23, 2025 at 18:40:40';'Thu Oct 23, 2025 at 18:40:40'
'before_alignment_4_2.jpg';'JHAMAB00020-15_68f558f43f23e15e4e99bfa4_0_285_2025-10-23_22-36-41/captures/before_alignment_4_2.jpg';1;'Thu Oct 23, 2025 at 18:40:55';'Thu Oct 23, 2025 at 18:40:55'
'before_alignment_4_3.jpg';'JHAMAB00020-15_68f558f43f23e15e4e99bfa4_0_285_2025-10-23_22-36-41/captures/before_alignment_4_3.jpg';1;'Thu Oct 23, 2025 at 18:41:11';'Thu Oct 23, 2025 at 18:41:11'
'before_alignment_4_4.jpg';'JHAMAB00020-15_68f558f43f23e15e4e99bfa4_0_285_2025-10-23_22-36-41/captures/before_alignment_4_4.jpg';1;'Thu Oct 23, 2025 at 18:41:26';'Thu Oct 23, 2025 at 18:41:26'
'before_alignment_4_5.jpg';'JHAMAB00020-15_68f558f43f23e15e4e99bfa4_0_285_2025-10-23_22-36-41/captures/before_alignment_4_5.jpg';1;'Thu Oct 23, 2025 at 18:41:41';'Thu Oct 23, 2025 at 18:41:41'
'before_alignment_5_5.jpg';'JHAMAB00020-15_68f558f43f23e15e4e99bfa4_0_285_2025-10-23_22-36-41/captures/before_alignment_5_5.jpg';1;'Thu Oct 23, 2025 at 18:41:56';'Thu Oct 23, 2025 at 18:41:56'
'before_alignment_5_4.jpg';'JHAMAB00020-15_68f558f43f23e15e4e99bfa4_0_285_2025-10-23_22-36-41/captures/before_alignment_5_4.jpg';1;'Thu Oct 23, 2025 at 18:42:23';'Thu Oct 23, 2025 at 18:42:23'
'after_alignment_5_3.jpg';'JHAMAB00020-15_68f558f43f23e15e4e99bfa4_0_285_2025-10-23_22-36-41/captures/after_alignment_5_3.jpg';1;'Thu Oct 23, 2025 at 18:42:30';'Thu Oct 23, 2025 at 18:42:30'
'after_alignment_5_2.jpg';'JHAMAB00020-15_68f558f43f23e15e4e99bfa4_0_285_2025-10-23_22-36-41/captures/after_alignment_5_2.jpg';1;'Thu Oct 23, 2025 at 18:42:45';'Thu Oct 23, 2025 at 18:42:45'
'after_alignment_5_1.jpg';'JHAMAB00020-15_68f558f43f23e15e4e99bfa4_0_285_2025-10-23_22-36-41/captures/after_alignment_5_1.jpg';1;'Thu Oct 23, 2025 at 18:43:00';'Thu Oct 23, 2025 at 18:43:00'
'before_alignment_1_5.jpg';'JHAMAB00021-09_68f5592a3f23e15e4e99bfb9_0_286_2025-10-23_22-49-04/captures/before_alignment_1_5.jpg';1;'Thu Oct 23, 2025 at 18:49:38';'Thu Oct 23, 2025 at 18:49:38'
'before_alignment_1_4.jpg';'JHAMAB00021-09_68f5592a3f23e15e4e99bfb9_0_286_2025-10-23_22-49-04/captures/before_alignment_1_4.jpg';1;'Thu Oct 23, 2025 at 18:49:43';'Thu Oct 23, 2025 at 18:49:43'
'before_alignment_1_3.jpg';'JHAMAB00021-09_68f5592a3f23e15e4e99bfb9_0_286_2025-10-23_22-49-04/captures/before_alignment_1_3.jpg';1;'Thu Oct 23, 2025 at 18:49:58';'Thu Oct 23, 2025 at 18:49:58'
'before_alignment_1_2.jpg';'JHAMAB00021-09_68f5592a3f23e15e4e99bfb9_0_286_2025-10-23_22-49-04/captures/before_alignment_1_2.jpg';1;'Thu Oct 23, 2025 at 18:50:13';'Thu Oct 23, 2025 at 18:50:13'
'before_alignment_1_1.jpg';'JHAMAB00021-09_68f5592a3f23e15e4e99bfb9_0_286_2025-10-23_22-49-04/captures/before_alignment_1_1.jpg';1;'Thu Oct 23, 2025 at 18:50:28';'Thu Oct 23, 2025 at 18:50:28'
'before_alignment_2_1.jpg';'JHAMAB00021-09_68f5592a3f23e15e4e99bfb9_0_286_2025-10-23_22-49-04/captures/before_alignment_2_1.jpg';1;'Thu Oct 23, 2025 at 18:50:45';'Thu Oct 23, 2025 at 18:50:45'
'before_alignment_2_2.jpg';'JHAMAB00021-09_68f5592a3f23e15e4e99bfb9_0_286_2025-10-23_22-49-04/captures/before_alignment_2_2.jpg';1;'Thu Oct 23, 2025 at 18:50:59';'Thu Oct 23, 2025 at 18:50:59'
'before_alignment_2_3.jpg';'JHAMAB00021-09_68f5592a3f23e15e4e99bfb9_0_286_2025-10-23_22-49-04/captures/before_alignment_2_3.jpg';1;'Thu Oct 23, 2025 at 18:51:15';'Thu Oct 23, 2025 at 18:51:15'
'before_alignment_2_4.jpg';'JHAMAB00021-09_68f5592a3f23e15e4e99bfb9_0_286_2025-10-23_22-49-04/captures/before_alignment_2_4.jpg';1;'Thu Oct 23, 2025 at 18:51:30';'Thu Oct 23, 2025 at 18:51:30'
'before_alignment_2_5.jpg';'JHAMAB00021-09_68f5592a3f23e15e4e99bfb9_0_286_2025-10-23_22-49-04/captures/before_alignment_2_5.jpg';1;'Thu Oct 23, 2025 at 18:51:47';'Thu Oct 23, 2025 at 18:51:47'
'before_alignment_3_5.jpg';'JHAMAB00021-09_68f5592a3f23e15e4e99bfb9_0_286_2025-10-23_22-49-04/captures/before_alignment_3_5.jpg';1;'Thu Oct 23, 2025 at 18:52:02';'Thu Oct 23, 2025 at 18:52:02'
'before_alignment_3_4.jpg';'JHAMAB00021-09_68f5592a3f23e15e4e99bfb9_0_286_2025-10-23_22-49-04/captures/before_alignment_3_4.jpg';1;'Thu Oct 23, 2025 at 18:52:18';'Thu Oct 23, 2025 at 18:52:18'
'before_alignment_3_3.jpg';'JHAMAB00021-09_68f5592a3f23e15e4e99bfb9_0_286_2025-10-23_22-49-04/captures/before_alignment_3_3.jpg';1;'Thu Oct 23, 2025 at 18:52:34';'Thu Oct 23, 2025 at 18:52:34'
'before_alignment_3_2.jpg';'JHAMAB00021-09_68f5592a3f23e15e4e99bfb9_0_286_2025-10-23_22-49-04/captures/before_alignment_3_2.jpg';1;'Thu Oct 23, 2025 at 18:52:48';'Thu Oct 23, 2025 at 18:52:48'
'before_alignment_3_1.jpg';'JHAMAB00021-09_68f5592a3f23e15e4e99bfb9_0_286_2025-10-23_22-49-04/captures/before_alignment_3_1.jpg';1;'Thu Oct 23, 2025 at 18:53:04';'Thu Oct 23, 2025 at 18:53:04'
'before_alignment_4_1.jpg';'JHAMAB00021-09_68f5592a3f23e15e4e99bfb9_0_286_2025-10-23_22-49-04/captures/before_alignment_4_1.jpg';1;'Thu Oct 23, 2025 at 18:53:19';'Thu Oct 23, 2025 at 18:53:19'
'before_alignment_4_2.jpg';'JHAMAB00021-09_68f5592a3f23e15e4e99bfb9_0_286_2025-10-23_22-49-04/captures/before_alignment_4_2.jpg';1;'Thu Oct 23, 2025 at 18:53:34';'Thu Oct 23, 2025 at 18:53:34'
'before_alignment_4_3.jpg';'JHAMAB00021-09_68f5592a3f23e15e4e99bfb9_0_286_2025-10-23_22-49-04/captures/before_alignment_4_3.jpg';1;'Thu Oct 23, 2025 at 18:53:49';'Thu Oct 23, 2025 at 18:53:49'
'before_alignment_4_4.jpg';'JHAMAB00021-09_68f5592a3f23e15e4e99bfb9_0_286_2025-10-23_22-49-04/captures/before_alignment_4_4.jpg';1;'Thu Oct 23, 2025 at 18:54:05';'Thu Oct 23, 2025 at 18:54:05'
'before_alignment_4_5.jpg';'JHAMAB00021-09_68f5592a3f23e15e4e99bfb9_0_286_2025-10-23_22-49-04/captures/before_alignment_4_5.jpg';1;'Thu Oct 23, 2025 at 18:54:19';'Thu Oct 23, 2025 at 18:54:19'
'before_alignment_5_5.jpg';'JHAMAB00021-09_68f5592a3f23e15e4e99bfb9_0_286_2025-10-23_22-49-04/captures/before_alignment_5_5.jpg';1;'Thu Oct 23, 2025 at 18:54:35';'Thu Oct 23, 2025 at 18:54:35'
'before_alignment_5_4.jpg';'JHAMAB00021-09_68f5592a3f23e15e4e99bfb9_0_286_2025-10-23_22-49-04/captures/before_alignment_5_4.jpg';1;'Thu Oct 23, 2025 at 18:54:50';'Thu Oct 23, 2025 at 18:54:50'
'before_alignment_5_3.jpg';'JHAMAB00021-09_68f5592a3f23e15e4e99bfb9_0_286_2025-10-23_22-49-04/captures/before_alignment_5_3.jpg';1;'Thu Oct 23, 2025 at 18:55:05';'Thu Oct 23, 2025 at 18:55:05'
'before_alignment_5_2.jpg';'JHAMAB00021-09_68f5592a3f23e15e4e99bfb9_0_286_2025-10-23_22-49-04/captures/before_alignment_5_2.jpg';1;'Thu Oct 23, 2025 at 18:55:20';'Thu Oct 23, 2025 at 18:55:20'
'before_alignment_5_1.jpg';'JHAMAB00021-09_68f5592a3f23e15e4e99bfb9_0_286_2025-10-23_22-49-04/captures/before_alignment_5_1.jpg';1;'Thu Oct 23, 2025 at 18:55:35';'Thu Oct 23, 2025 at 18:55:35'
'LMI_20251023_JHAMAB00021-09.csv';'JHAMAB00021-09_68f5592a3f23e15e4e99bfb9_0_286_2025-10-23_22-49-04/data_files/LMI_20251023_JHAMAB00021-09.csv';1;'Thu Oct 23, 2025 at 18:55:43';'Thu Oct 23, 2025 at 18:55:43'
'after_alignment_1_5.jpg';'JHAMAB00021-10_68f5592a3f23e15e4e99bfba_0_287_2025-10-23_22-59-32/captures/after_alignment_1_5.jpg';1;'Thu Oct 23, 2025 at 18:59:57';'Thu Oct 23, 2025 at 18:59:57'
'after_alignment_1_4.jpg';'JHAMAB00021-10_68f5592a3f23e15e4e99bfba_0_287_2025-10-23_22-59-32/captures/after_alignment_1_4.jpg';1;'Thu Oct 23, 2025 at 19:00:12';'Thu Oct 23, 2025 at 19:00:12'
'after_alignment_1_3.jpg';'JHAMAB00021-10_68f5592a3f23e15e4e99bfba_0_287_2025-10-23_22-59-32/captures/after_alignment_1_3.jpg';1;'Thu Oct 23, 2025 at 19:00:27';'Thu Oct 23, 2025 at 19:00:27'
'after_alignment_1_2.jpg';'JHAMAB00021-10_68f5592a3f23e15e4e99bfba_0_287_2025-10-23_22-59-32/captures/after_alignment_1_2.jpg';1;'Thu Oct 23, 2025 at 19:00:42';'Thu Oct 23, 2025 at 19:00:42'
'after_alignment_1_1.jpg';'JHAMAB00021-10_68f5592a3f23e15e4e99bfba_0_287_2025-10-23_22-59-32/captures/after_alignment_1_1.jpg';1;'Thu Oct 23, 2025 at 19:00:57';'Thu Oct 23, 2025 at 19:00:57'
'after_alignment_2_1.jpg';'JHAMAB00021-10_68f5592a3f23e15e4e99bfba_0_287_2025-10-23_22-59-32/captures/after_alignment_2_1.jpg';1;'Thu Oct 23, 2025 at 19:01:18';'Thu Oct 23, 2025 at 19:01:18'
'after_alignment_2_2.jpg';'JHAMAB00021-10_68f5592a3f23e15e4e99bfba_0_287_2025-10-23_22-59-32/captures/after_alignment_2_2.jpg';1;'Thu Oct 23, 2025 at 19:01:34';'Thu Oct 23, 2025 at 19:01:34'
'after_alignment_2_3.jpg';'JHAMAB00021-10_68f5592a3f23e15e4e99bfba_0_287_2025-10-23_22-59-32/captures/after_alignment_2_3.jpg';1;'Thu Oct 23, 2025 at 19:01:49';'Thu Oct 23, 2025 at 19:01:49'
'after_alignment_2_4.jpg';'JHAMAB00021-10_68f5592a3f23e15e4e99bfba_0_287_2025-10-23_22-59-32/captures/after_alignment_2_4.jpg';1;'Thu Oct 23, 2025 at 19:02:05';'Thu Oct 23, 2025 at 19:02:05'
'after_alignment_2_5.jpg';'JHAMAB00021-10_68f5592a3f23e15e4e99bfba_0_287_2025-10-23_22-59-32/captures/after_alignment_2_5.jpg';1;'Thu Oct 23, 2025 at 19:02:20';'Thu Oct 23, 2025 at 19:02:20'
'after_alignment_3_5.jpg';'JHAMAB00021-10_68f5592a3f23e15e4e99bfba_0_287_2025-10-23_22-59-32/captures/after_alignment_3_5.jpg';1;'Thu Oct 23, 2025 at 19:02:35';'Thu Oct 23, 2025 at 19:02:35'
'after_alignment_3_4.jpg';'JHAMAB00021-10_68f5592a3f23e15e4e99bfba_0_287_2025-10-23_22-59-32/captures/after_alignment_3_4.jpg';1;'Thu Oct 23, 2025 at 19:02:50';'Thu Oct 23, 2025 at 19:02:50'
'after_alignment_3_3.jpg';'JHAMAB00021-10_68f5592a3f23e15e4e99bfba_0_287_2025-10-23_22-59-32/captures/after_alignment_3_3.jpg';1;'Thu Oct 23, 2025 at 19:03:06';'Thu Oct 23, 2025 at 19:03:06'
'after_alignment_3_2.jpg';'JHAMAB00021-10_68f5592a3f23e15e4e99bfba_0_287_2025-10-23_22-59-32/captures/after_alignment_3_2.jpg';1;'Thu Oct 23, 2025 at 19:03:22';'Thu Oct 23, 2025 at 19:03:22'
'after_alignment_3_1.jpg';'JHAMAB00021-10_68f5592a3f23e15e4e99bfba_0_287_2025-10-23_22-59-32/captures/after_alignment_3_1.jpg';1;'Thu Oct 23, 2025 at 19:03:37';'Thu Oct 23, 2025 at 19:03:37'
'after_alignment_4_1.jpg';'JHAMAB00021-10_68f5592a3f23e15e4e99bfba_0_287_2025-10-23_22-59-32/captures/after_alignment_4_1.jpg';1;'Thu Oct 23, 2025 at 19:03:52';'Thu Oct 23, 2025 at 19:03:52'
'after_alignment_4_2.jpg';'JHAMAB00021-10_68f5592a3f23e15e4e99bfba_0_287_2025-10-23_22-59-32/captures/after_alignment_4_2.jpg';1;'Thu Oct 23, 2025 at 19:04:08';'Thu Oct 23, 2025 at 19:04:08'
'after_alignment_4_3.jpg';'JHAMAB00021-10_68f5592a3f23e15e4e99bfba_0_287_2025-10-23_22-59-32/captures/after_alignment_4_3.jpg';1;'Thu Oct 23, 2025 at 19:04:23';'Thu Oct 23, 2025 at 19:04:23'
'after_alignment_4_4.jpg';'JHAMAB00021-10_68f5592a3f23e15e4e99bfba_0_287_2025-10-23_22-59-32/captures/after_alignment_4_4.jpg';1;'Thu Oct 23, 2025 at 19:04:38';'Thu Oct 23, 2025 at 19:04:38'
'after_alignment_4_5.jpg';'JHAMAB00021-10_68f5592a3f23e15e4e99bfba_0_287_2025-10-23_22-59-32/captures/after_alignment_4_5.jpg';1;'Thu Oct 23, 2025 at 19:04:55';'Thu Oct 23, 2025 at 19:04:55'
'after_alignment_5_5.jpg';'JHAMAB00021-10_68f5592a3f23e15e4e99bfba_0_287_2025-10-23_22-59-32/captures/after_alignment_5_5.jpg';1;'Thu Oct 23, 2025 at 19:05:22';'Thu Oct 23, 2025 at 19:05:22'
'after_alignment_5_4.jpg';'JHAMAB00021-10_68f5592a3f23e15e4e99bfba_0_287_2025-10-23_22-59-32/captures/after_alignment_5_4.jpg';1;'Thu Oct 23, 2025 at 19:05:37';'Thu Oct 23, 2025 at 19:05:37'
'after_alignment_5_3.jpg';'JHAMAB00021-10_68f5592a3f23e15e4e99bfba_0_287_2025-10-23_22-59-32/captures/after_alignment_5_3.jpg';1;'Thu Oct 23, 2025 at 19:05:52';'Thu Oct 23, 2025 at 19:05:52'
'after_alignment_5_2.jpg';'JHAMAB00021-10_68f5592a3f23e15e4e99bfba_0_287_2025-10-23_22-59-32/captures/after_alignment_5_2.jpg';1;'Thu Oct 23, 2025 at 19:06:07';'Thu Oct 23, 2025 at 19:06:07'
'after_alignment_5_1.jpg';'JHAMAB00021-10_68f5592a3f23e15e4e99bfba_0_287_2025-10-23_22-59-32/captures/after_alignment_5_1.jpg';1;'Thu Oct 23, 2025 at 19:06:22';'Thu Oct 23, 2025 at 19:06:22'
'before_alignment_1_5.jpg';'TEST1_0000_0_1_2025-10-30_17-06-41/captures/before_alignment_1_5.jpg';1;'Thu Oct 30, 2025 at 13:07:16';'Thu Oct 30, 2025 at 13:07:16'
'before_alignment_1_4.jpg';'TEST1_0000_0_1_2025-10-30_17-06-41/captures/before_alignment_1_4.jpg';1;'Thu Oct 30, 2025 at 13:07:18';'Thu Oct 30, 2025 at 13:07:18'
'before_alignment_1_3.jpg';'TEST1_0000_0_1_2025-10-30_17-06-41/captures/before_alignment_1_3.jpg';1;'Thu Oct 30, 2025 at 13:07:30';'Thu Oct 30, 2025 at 13:07:30'
'before_alignment_1_2.jpg';'TEST1_0000_0_1_2025-10-30_17-06-41/captures/before_alignment_1_2.jpg';1;'Thu Oct 30, 2025 at 13:07:42';'Thu Oct 30, 2025 at 13:07:42'
'before_alignment_1_1.jpg';'TEST1_0000_0_1_2025-10-30_17-06-41/captures/before_alignment_1_1.jpg';1;'Thu Oct 30, 2025 at 13:08:05';'Thu Oct 30, 2025 at 13:08:05'
'after_alignment_2_1.jpg';'TEST1_0000_0_1_2025-10-30_17-06-41/captures/after_alignment_2_1.jpg';1;'Thu Oct 30, 2025 at 13:08:13';'Thu Oct 30, 2025 at 13:08:13'
'after_alignment_2_2.jpg';'TEST1_0000_0_1_2025-10-30_17-06-41/captures/after_alignment_2_2.jpg';1;'Thu Oct 30, 2025 at 13:08:25';'Thu Oct 30, 2025 at 13:08:25'
'after_alignment_2_3.jpg';'TEST1_0000_0_1_2025-10-30_17-06-41/captures/after_alignment_2_3.jpg';1;'Thu Oct 30, 2025 at 13:08:39';'Thu Oct 30, 2025 at 13:08:39'
'after_alignment_2_4.jpg';'TEST1_0000_0_1_2025-10-30_17-06-41/captures/after_alignment_2_4.jpg';1;'Thu Oct 30, 2025 at 13:08:54';'Thu Oct 30, 2025 at 13:08:54'
'after_alignment_2_5.jpg';'TEST1_0000_0_1_2025-10-30_17-06-41/captures/after_alignment_2_5.jpg';1;'Thu Oct 30, 2025 at 13:09:05';'Thu Oct 30, 2025 at 13:09:05'
'after_alignment_3_5.jpg';'TEST1_0000_0_1_2025-10-30_17-06-41/captures/after_alignment_3_5.jpg';1;'Thu Oct 30, 2025 at 13:09:17';'Thu Oct 30, 2025 at 13:09:17'
'before_alignment_3_3.jpg';'TEST1_0000_0_1_2025-10-30_17-06-41/captures/before_alignment_3_3.jpg';1;'Thu Oct 30, 2025 at 13:09:38';'Thu Oct 30, 2025 at 13:09:38'
'before_alignment_3_2.jpg';'TEST1_0000_0_1_2025-10-30_17-06-41/captures/before_alignment_3_2.jpg';1;'Thu Oct 30, 2025 at 13:09:50';'Thu Oct 30, 2025 at 13:09:50'
'before_alignment_3_1.jpg';'TEST1_0000_0_1_2025-10-30_17-06-41/captures/before_alignment_3_1.jpg';1;'Thu Oct 30, 2025 at 13:10:01';'Thu Oct 30, 2025 at 13:10:01'
'before_alignment_4_1.jpg';'TEST1_0000_0_1_2025-10-30_17-06-41/captures/before_alignment_4_1.jpg';1;'Thu Oct 30, 2025 at 13:10:16';'Thu Oct 30, 2025 at 13:10:16'
'before_alignment_4_2.jpg';'TEST1_0000_0_1_2025-10-30_17-06-41/captures/before_alignment_4_2.jpg';1;'Thu Oct 30, 2025 at 13:10:21';'Thu Oct 30, 2025 at 13:10:21'
'before_alignment_4_3.jpg';'TEST1_0000_0_1_2025-10-30_17-06-41/captures/before_alignment_4_3.jpg';1;'Thu Oct 30, 2025 at 13:10:34';'Thu Oct 30, 2025 at 13:10:34'
'before_alignment_4_4.jpg';'TEST1_0000_0_1_2025-10-30_17-06-41/captures/before_alignment_4_4.jpg';1;'Thu Oct 30, 2025 at 13:10:46';'Thu Oct 30, 2025 at 13:10:46'
'before_alignment_4_5.jpg';'TEST1_0000_0_1_2025-10-30_17-06-41/captures/before_alignment_4_5.jpg';1;'Thu Oct 30, 2025 at 13:11:01';'Thu Oct 30, 2025 at 13:11:01'
'before_alignment_5_5.jpg';'TEST1_0000_0_1_2025-10-30_17-06-41/captures/before_alignment_5_5.jpg';1;'Thu Oct 30, 2025 at 13:11:26';'Thu Oct 30, 2025 at 13:11:26'
'after_alignment_5_4.jpg';'TEST1_0000_0_1_2025-10-30_17-06-41/captures/after_alignment_5_4.jpg';1;'Thu Oct 30, 2025 at 13:11:34';'Thu Oct 30, 2025 at 13:11:34'
'before_alignment_5_2.jpg';'TEST1_0000_0_1_2025-10-30_17-06-41/captures/before_alignment_5_2.jpg';1;'Thu Oct 30, 2025 at 13:12:07';'Thu Oct 30, 2025 at 13:12:07'
'before_alignment_5_1.jpg';'TEST1_0000_0_1_2025-10-30_17-06-41/captures/before_alignment_5_1.jpg';1;'Thu Oct 30, 2025 at 13:12:21';'Thu Oct 30, 2025 at 13:12:21'
'LMI_20251030_TEST1.csv';'TEST1_0000_0_1_2025-10-30_17-06-41/data_files/LMI_20251030_TEST1.csv';1;'Thu Oct 30, 2025 at 13:12:26';'Thu Oct 30, 2025 at 13:12:26'
'after_alignment_1_5.jpg';'TEST1_0000_0_2_2025-10-30_17-17-59/captures/after_alignment_1_5.jpg';1;'Thu Oct 30, 2025 at 13:18:38';'Thu Oct 30, 2025 at 13:18:38'
'after_alignment_1_4.jpg';'TEST1_0000_0_2_2025-10-30_17-17-59/captures/after_alignment_1_4.jpg';1;'Thu Oct 30, 2025 at 13:18:51';'Thu Oct 30, 2025 at 13:18:51'
'after_alignment_1_3.jpg';'TEST1_0000_0_2_2025-10-30_17-17-59/captures/after_alignment_1_3.jpg';1;'Thu Oct 30, 2025 at 13:19:11';'Thu Oct 30, 2025 at 13:19:11'
'after_alignment_1_2.jpg';'TEST1_0000_0_2_2025-10-30_17-17-59/captures/after_alignment_1_2.jpg';1;'Thu Oct 30, 2025 at 13:19:24';'Thu Oct 30, 2025 at 13:19:24'
'after_alignment_1_1.jpg';'TEST1_0000_0_2_2025-10-30_17-17-59/captures/after_alignment_1_1.jpg';1;'Thu Oct 30, 2025 at 13:19:40';'Thu Oct 30, 2025 at 13:19:40'
'after_alignment_2_1.jpg';'TEST1_0000_0_2_2025-10-30_17-17-59/captures/after_alignment_2_1.jpg';1;'Thu Oct 30, 2025 at 13:19:49';'Thu Oct 30, 2025 at 13:19:49'
'after_alignment_2_2.jpg';'TEST1_0000_0_2_2025-10-30_17-17-59/captures/after_alignment_2_2.jpg';1;'Thu Oct 30, 2025 at 13:20:06';'Thu Oct 30, 2025 at 13:20:06'
'before_alignment_2_4.jpg';'TEST1_0000_0_2_2025-10-30_17-17-59/captures/before_alignment_2_4.jpg';1;'Thu Oct 30, 2025 at 13:20:38';'Thu Oct 30, 2025 at 13:20:38'
'before_alignment_2_5.jpg';'TEST1_0000_0_2_2025-10-30_17-17-59/captures/before_alignment_2_5.jpg';1;'Thu Oct 30, 2025 at 13:21:02';'Thu Oct 30, 2025 at 13:21:02'
'before_alignment_3_4.jpg';'TEST1_0000_0_2_2025-10-30_17-17-59/captures/before_alignment_3_4.jpg';1;'Thu Oct 30, 2025 at 13:21:31';'Thu Oct 30, 2025 at 13:21:31'
'before_alignment_3_3.jpg';'TEST1_0000_0_2_2025-10-30_17-17-59/captures/before_alignment_3_3.jpg';1;'Thu Oct 30, 2025 at 13:21:42';'Thu Oct 30, 2025 at 13:21:42'
'before_alignment_3_2.jpg';'TEST1_0000_0_2_2025-10-30_17-17-59/captures/before_alignment_3_2.jpg';1;'Thu Oct 30, 2025 at 13:21:59';'Thu Oct 30, 2025 at 13:21:59'
'before_alignment_3_1.jpg';'TEST1_0000_0_2_2025-10-30_17-17-59/captures/before_alignment_3_1.jpg';1;'Thu Oct 30, 2025 at 13:22:10';'Thu Oct 30, 2025 at 13:22:10'
'before_alignment_4_1.jpg';'TEST1_0000_0_2_2025-10-30_17-17-59/captures/before_alignment_4_1.jpg';1;'Thu Oct 30, 2025 at 13:22:23';'Thu Oct 30, 2025 at 13:22:23'
'before_alignment_4_2.jpg';'TEST1_0000_0_2_2025-10-30_17-17-59/captures/before_alignment_4_2.jpg';1;'Thu Oct 30, 2025 at 13:22:45';'Thu Oct 30, 2025 at 13:22:45'
'before_alignment_4_3.jpg';'TEST1_0000_0_2_2025-10-30_17-17-59/captures/before_alignment_4_3.jpg';1;'Thu Oct 30, 2025 at 13:23:04';'Thu Oct 30, 2025 at 13:23:04'
'after_alignment_4_4.jpg';'TEST1_0000_0_2_2025-10-30_17-17-59/captures/after_alignment_4_4.jpg';1;'Thu Oct 30, 2025 at 13:23:12';'Thu Oct 30, 2025 at 13:23:12'
'after_alignment_4_5.jpg';'TEST1_0000_0_2_2025-10-30_17-17-59/captures/after_alignment_4_5.jpg';1;'Thu Oct 30, 2025 at 13:23:24';'Thu Oct 30, 2025 at 13:23:24'
'after_alignment_5_5.jpg';'TEST1_0000_0_2_2025-10-30_17-17-59/captures/after_alignment_5_5.jpg';1;'Thu Oct 30, 2025 at 13:23:37';'Thu Oct 30, 2025 at 13:23:37'
'after_alignment_5_4.jpg';'TEST1_0000_0_2_2025-10-30_17-17-59/captures/after_alignment_5_4.jpg';1;'Thu Oct 30, 2025 at 13:23:49';'Thu Oct 30, 2025 at 13:23:49'
'after_alignment_5_3.jpg';'TEST1_0000_0_2_2025-10-30_17-17-59/captures/after_alignment_5_3.jpg';1;'Thu Oct 30, 2025 at 13:24:01';'Thu Oct 30, 2025 at 13:24:01'
'after_alignment_5_2.jpg';'TEST1_0000_0_2_2025-10-30_17-17-59/captures/after_alignment_5_2.jpg';1;'Thu Oct 30, 2025 at 13:24:13';'Thu Oct 30, 2025 at 13:24:13'
'after_alignment_5_1.jpg';'TEST1_0000_0_2_2025-10-30_17-17-59/captures/after_alignment_5_1.jpg';1;'Thu Oct 30, 2025 at 13:24:26';'Thu Oct 30, 2025 at 13:24:26'
'before_alignment_1_4.jpg';'TEST0_0000_0_1_2025-10-22_19-52-53/captures/before_alignment_1_4.jpg';1;'Wed Oct 22, 2025 at 15:53:58';'Wed Oct 22, 2025 at 15:53:58'
'before_alignment_1_2.jpg';'TEST0_0000_0_1_2025-10-22_19-52-53/captures/before_alignment_1_2.jpg';1;'Wed Oct 22, 2025 at 15:54:28';'Wed Oct 22, 2025 at 15:54:28'
'before_alignment_2_1.jpg';'TEST0_0000_0_1_2025-10-22_19-52-53/captures/before_alignment_2_1.jpg';1;'Wed Oct 22, 2025 at 15:54:57';'Wed Oct 22, 2025 at 15:54:57'
'before_alignment_2_2.jpg';'TEST0_0000_0_1_2025-10-22_19-52-53/captures/before_alignment_2_2.jpg';1;'Wed Oct 22, 2025 at 15:55:21';'Wed Oct 22, 2025 at 15:55:21'
'after_alignment_2_3.jpg';'TEST0_0000_0_1_2025-10-22_19-52-53/captures/after_alignment_2_3.jpg';1;'Wed Oct 22, 2025 at 15:55:28';'Wed Oct 22, 2025 at 15:55:28'
'after_alignment_2_4.jpg';'TEST0_0000_0_1_2025-10-22_19-52-53/captures/after_alignment_2_4.jpg';1;'Wed Oct 22, 2025 at 15:55:41';'Wed Oct 22, 2025 at 15:55:41'
'before_alignment_3_5.jpg';'TEST0_0000_0_1_2025-10-22_19-52-53/captures/before_alignment_3_5.jpg';1;'Wed Oct 22, 2025 at 15:56:11';'Wed Oct 22, 2025 at 15:56:11'
'before_alignment_3_4.jpg';'TEST0_0000_0_1_2025-10-22_19-52-53/captures/before_alignment_3_4.jpg';1;'Wed Oct 22, 2025 at 15:56:21';'Wed Oct 22, 2025 at 15:56:21'
'before_alignment_3_3.jpg';'TEST0_0000_0_1_2025-10-22_19-52-53/captures/before_alignment_3_3.jpg';1;'Wed Oct 22, 2025 at 15:56:31';'Wed Oct 22, 2025 at 15:56:31'
'before_alignment_3_2.jpg';'TEST0_0000_0_1_2025-10-22_19-52-53/captures/before_alignment_3_2.jpg';1;'Wed Oct 22, 2025 at 15:56:41';'Wed Oct 22, 2025 at 15:56:41'
'before_alignment_3_1.jpg';'TEST0_0000_0_1_2025-10-22_19-52-53/captures/before_alignment_3_1.jpg';1;'Wed Oct 22, 2025 at 15:56:51';'Wed Oct 22, 2025 at 15:56:51'
'before_alignment_4_1.jpg';'TEST0_0000_0_1_2025-10-22_19-52-53/captures/before_alignment_4_1.jpg';1;'Wed Oct 22, 2025 at 15:57:04';'Wed Oct 22, 2025 at 15:57:04'
'before_alignment_4_2.jpg';'TEST0_0000_0_1_2025-10-22_19-52-53/captures/before_alignment_4_2.jpg';1;'Wed Oct 22, 2025 at 15:57:16';'Wed Oct 22, 2025 at 15:57:16'
'before_alignment_4_3.jpg';'TEST0_0000_0_1_2025-10-22_19-52-53/captures/before_alignment_4_3.jpg';1;'Wed Oct 22, 2025 at 15:57:28';'Wed Oct 22, 2025 at 15:57:28'
'before_alignment_4_4.jpg';'TEST0_0000_0_1_2025-10-22_19-52-53/captures/before_alignment_4_4.jpg';1;'Wed Oct 22, 2025 at 15:57:51';'Wed Oct 22, 2025 at 15:57:51'
'after_alignment_4_5.jpg';'TEST0_0000_0_1_2025-10-22_19-52-53/captures/after_alignment_4_5.jpg';1;'Wed Oct 22, 2025 at 15:57:59';'Wed Oct 22, 2025 at 15:57:59'
'after_alignment_5_5.jpg';'TEST0_0000_0_1_2025-10-22_19-52-53/captures/after_alignment_5_5.jpg';1;'Wed Oct 22, 2025 at 15:58:12';'Wed Oct 22, 2025 at 15:58:12'
'after_alignment_5_4.jpg';'TEST0_0000_0_1_2025-10-22_19-52-53/captures/after_alignment_5_4.jpg';1;'Wed Oct 22, 2025 at 15:58:24';'Wed Oct 22, 2025 at 15:58:24'
'before_alignment_5_2.jpg';'TEST0_0000_0_1_2025-10-22_19-52-53/captures/before_alignment_5_2.jpg';1;'Wed Oct 22, 2025 at 15:59:07';'Wed Oct 22, 2025 at 15:59:07'
'after_alignment_5_1.jpg';'TEST0_0000_0_1_2025-10-22_19-52-53/captures/after_alignment_5_1.jpg';1;'Wed Oct 22, 2025 at 15:59:15';'Wed Oct 22, 2025 at 15:59:15'
'before_alignment_1_5.jpg';'TEST1_0000_0_1_2025-10-22_20-05-40/captures/before_alignment_1_5.jpg';1;'Wed Oct 22, 2025 at 16:06:08';'Wed Oct 22, 2025 at 16:06:08'
'before_alignment_1_4.jpg';'TEST1_0000_0_1_2025-10-22_20-05-40/captures/before_alignment_1_4.jpg';1;'Wed Oct 22, 2025 at 16:06:19';'Wed Oct 22, 2025 at 16:06:19'
'before_alignment_1_3.jpg';'TEST1_0000_0_1_2025-10-22_20-05-40/captures/before_alignment_1_3.jpg';1;'Wed Oct 22, 2025 at 16:06:32';'Wed Oct 22, 2025 at 16:06:32'
'before_alignment_1_2.jpg';'TEST1_0000_0_1_2025-10-22_20-05-40/captures/before_alignment_1_2.jpg';1;'Wed Oct 22, 2025 at 16:06:44';'Wed Oct 22, 2025 at 16:06:44'
'before_alignment_1_1.jpg';'TEST1_0000_0_1_2025-10-22_20-05-40/captures/before_alignment_1_1.jpg';1;'Wed Oct 22, 2025 at 16:06:56';'Wed Oct 22, 2025 at 16:06:56'
'before_alignment_2_1.jpg';'TEST1_0000_0_1_2025-10-22_20-05-40/captures/before_alignment_2_1.jpg';1;'Wed Oct 22, 2025 at 16:07:09';'Wed Oct 22, 2025 at 16:07:09'
'before_alignment_2_2.jpg';'TEST1_0000_0_1_2025-10-22_20-05-40/captures/before_alignment_2_2.jpg';1;'Wed Oct 22, 2025 at 16:07:22';'Wed Oct 22, 2025 at 16:07:22'
'before_alignment_2_3.jpg';'TEST1_0000_0_1_2025-10-22_20-05-40/captures/before_alignment_2_3.jpg';1;'Wed Oct 22, 2025 at 16:07:34';'Wed Oct 22, 2025 at 16:07:34'
'before_alignment_2_4.jpg';'TEST1_0000_0_1_2025-10-22_20-05-40/captures/before_alignment_2_4.jpg';1;'Wed Oct 22, 2025 at 16:07:46';'Wed Oct 22, 2025 at 16:07:46'
'before_alignment_2_5.jpg';'TEST1_0000_0_1_2025-10-22_20-05-40/captures/before_alignment_2_5.jpg';1;'Wed Oct 22, 2025 at 16:07:58';'Wed Oct 22, 2025 at 16:07:58'
'before_alignment_3_5.jpg';'TEST1_0000_0_1_2025-10-22_20-05-40/captures/before_alignment_3_5.jpg';1;'Wed Oct 22, 2025 at 16:08:09';'Wed Oct 22, 2025 at 16:08:09'
'before_alignment_3_4.jpg';'TEST1_0000_0_1_2025-10-22_20-05-40/captures/before_alignment_3_4.jpg';1;'Wed Oct 22, 2025 at 16:08:19';'Wed Oct 22, 2025 at 16:08:19'
'before_alignment_3_3.jpg';'TEST1_0000_0_1_2025-10-22_20-05-40/captures/before_alignment_3_3.jpg';1;'Wed Oct 22, 2025 at 16:08:29';'Wed Oct 22, 2025 at 16:08:29'
'before_alignment_3_2.jpg';'TEST1_0000_0_1_2025-10-22_20-05-40/captures/before_alignment_3_2.jpg';1;'Wed Oct 22, 2025 at 16:08:39';'Wed Oct 22, 2025 at 16:08:39'
'before_alignment_3_1.jpg';'TEST1_0000_0_1_2025-10-22_20-05-40/captures/before_alignment_3_1.jpg';1;'Wed Oct 22, 2025 at 16:08:49';'Wed Oct 22, 2025 at 16:08:49'
'before_alignment_4_1.jpg';'TEST1_0000_0_1_2025-10-22_20-05-40/captures/before_alignment_4_1.jpg';1;'Wed Oct 22, 2025 at 16:09:03';'Wed Oct 22, 2025 at 16:09:03'
'before_alignment_4_2.jpg';'TEST1_0000_0_1_2025-10-22_20-05-40/captures/before_alignment_4_2.jpg';1;'Wed Oct 22, 2025 at 16:09:15';'Wed Oct 22, 2025 at 16:09:15'
'before_alignment_4_3.jpg';'TEST1_0000_0_1_2025-10-22_20-05-40/captures/before_alignment_4_3.jpg';1;'Wed Oct 22, 2025 at 16:09:28';'Wed Oct 22, 2025 at 16:09:28'
'before_alignment_4_4.jpg';'TEST1_0000_0_1_2025-10-22_20-05-40/captures/before_alignment_4_4.jpg';1;'Wed Oct 22, 2025 at 16:09:40';'Wed Oct 22, 2025 at 16:09:40'
'before_alignment_4_5.jpg';'TEST1_0000_0_1_2025-10-22_20-05-40/captures/before_alignment_4_5.jpg';1;'Wed Oct 22, 2025 at 16:09:52';'Wed Oct 22, 2025 at 16:09:52'
'before_alignment_5_5.jpg';'TEST1_0000_0_1_2025-10-22_20-05-40/captures/before_alignment_5_5.jpg';1;'Wed Oct 22, 2025 at 16:10:06';'Wed Oct 22, 2025 at 16:10:06'
'before_alignment_5_4.jpg';'TEST1_0000_0_1_2025-10-22_20-05-40/captures/before_alignment_5_4.jpg';1;'Wed Oct 22, 2025 at 16:10:18';'Wed Oct 22, 2025 at 16:10:18'
'before_alignment_5_3.jpg';'TEST1_0000_0_1_2025-10-22_20-05-40/captures/before_alignment_5_3.jpg';1;'Wed Oct 22, 2025 at 16:10:30';'Wed Oct 22, 2025 at 16:10:30'
'before_alignment_5_2.jpg';'TEST1_0000_0_1_2025-10-22_20-05-40/captures/before_alignment_5_2.jpg';1;'Wed Oct 22, 2025 at 16:10:41';'Wed Oct 22, 2025 at 16:10:41'
'before_alignment_5_1.jpg';'TEST1_0000_0_1_2025-10-22_20-05-40/captures/before_alignment_5_1.jpg';1;'Wed Oct 22, 2025 at 16:10:53';'Wed Oct 22, 2025 at 16:10:53'
'LMI_20251022_TEST1.csv';'TEST1_0000_0_1_2025-10-22_20-05-40/data_files/LMI_20251022_TEST1.csv';1;'Wed Oct 22, 2025 at 16:10:58';'Wed Oct 22, 2025 at 16:10:58'
'after_alignment_1_5.jpg';'TEST2_0000_0_1_2025-10-22_20-22-46/captures/after_alignment_1_5.jpg';1;'Wed Oct 22, 2025 at 16:23:42';'Wed Oct 22, 2025 at 16:23:42'
'after_alignment_1_4.jpg';'TEST2_0000_0_1_2025-10-22_20-22-46/captures/after_alignment_1_4.jpg';1;'Wed Oct 22, 2025 at 16:23:43';'Wed Oct 22, 2025 at 16:23:43'
'after_alignment_1_3.jpg';'TEST2_0000_0_1_2025-10-22_20-22-46/captures/after_alignment_1_3.jpg';1;'Wed Oct 22, 2025 at 16:23:43';'Wed Oct 22, 2025 at 16:23:43'
'before_alignment_1_1.jpg';'TEST2_0000_0_1_2025-10-22_20-22-46/captures/before_alignment_1_1.jpg';1;'Wed Oct 22, 2025 at 16:24:08';'Wed Oct 22, 2025 at 16:24:08'
'before_alignment_2_1.jpg';'TEST2_0000_0_1_2025-10-22_20-22-46/captures/before_alignment_2_1.jpg';1;'Wed Oct 22, 2025 at 16:24:21';'Wed Oct 22, 2025 at 16:24:21'
'before_alignment_2_2.jpg';'TEST2_0000_0_1_2025-10-22_20-22-46/captures/before_alignment_2_2.jpg';1;'Wed Oct 22, 2025 at 16:24:33';'Wed Oct 22, 2025 at 16:24:33'
'before_alignment_2_3.jpg';'TEST2_0000_0_1_2025-10-22_20-22-46/captures/before_alignment_2_3.jpg';1;'Wed Oct 22, 2025 at 16:24:45';'Wed Oct 22, 2025 at 16:24:45'
'before_alignment_2_4.jpg';'TEST2_0000_0_1_2025-10-22_20-22-46/captures/before_alignment_2_4.jpg';1;'Wed Oct 22, 2025 at 16:24:57';'Wed Oct 22, 2025 at 16:24:57'
'before_alignment_2_5.jpg';'TEST2_0000_0_1_2025-10-22_20-22-46/captures/before_alignment_2_5.jpg';1;'Wed Oct 22, 2025 at 16:25:09';'Wed Oct 22, 2025 at 16:25:09'
'before_alignment_3_5.jpg';'TEST2_0000_0_1_2025-10-22_20-22-46/captures/before_alignment_3_5.jpg';1;'Wed Oct 22, 2025 at 16:25:20';'Wed Oct 22, 2025 at 16:25:20'
'before_alignment_3_4.jpg';'TEST2_0000_0_1_2025-10-22_20-22-46/captures/before_alignment_3_4.jpg';1;'Wed Oct 22, 2025 at 16:25:30';'Wed Oct 22, 2025 at 16:25:30'
'before_alignment_3_3.jpg';'TEST2_0000_0_1_2025-10-22_20-22-46/captures/before_alignment_3_3.jpg';1;'Wed Oct 22, 2025 at 16:25:40';'Wed Oct 22, 2025 at 16:25:40'
'before_alignment_3_2.jpg';'TEST2_0000_0_1_2025-10-22_20-22-46/captures/before_alignment_3_2.jpg';1;'Wed Oct 22, 2025 at 16:25:49';'Wed Oct 22, 2025 at 16:25:49'
'before_alignment_3_1.jpg';'TEST2_0000_0_1_2025-10-22_20-22-46/captures/before_alignment_3_1.jpg';1;'Wed Oct 22, 2025 at 16:26:00';'Wed Oct 22, 2025 at 16:26:00'
'before_alignment_4_1.jpg';'TEST2_0000_0_1_2025-10-22_20-22-46/captures/before_alignment_4_1.jpg';1;'Wed Oct 22, 2025 at 16:26:15';'Wed Oct 22, 2025 at 16:26:15'
'before_alignment_4_2.jpg';'TEST2_0000_0_1_2025-10-22_20-22-46/captures/before_alignment_4_2.jpg';1;'Wed Oct 22, 2025 at 16:26:27';'Wed Oct 22, 2025 at 16:26:27'
'before_alignment_4_3.jpg';'TEST2_0000_0_1_2025-10-22_20-22-46/captures/before_alignment_4_3.jpg';1;'Wed Oct 22, 2025 at 16:26:39';'Wed Oct 22, 2025 at 16:26:39'
'before_alignment_4_4.jpg';'TEST2_0000_0_1_2025-10-22_20-22-46/captures/before_alignment_4_4.jpg';1;'Wed Oct 22, 2025 at 16:26:51';'Wed Oct 22, 2025 at 16:26:51'
'before_alignment_4_5.jpg';'TEST2_0000_0_1_2025-10-22_20-22-46/captures/before_alignment_4_5.jpg';1;'Wed Oct 22, 2025 at 16:27:03';'Wed Oct 22, 2025 at 16:27:03'
'before_alignment_5_5.jpg';'TEST2_0000_0_1_2025-10-22_20-22-46/captures/before_alignment_5_5.jpg';1;'Wed Oct 22, 2025 at 16:27:17';'Wed Oct 22, 2025 at 16:27:17'
'before_alignment_5_4.jpg';'TEST2_0000_0_1_2025-10-22_20-22-46/captures/before_alignment_5_4.jpg';1;'Wed Oct 22, 2025 at 16:27:29';'Wed Oct 22, 2025 at 16:27:29'
'before_alignment_5_3.jpg';'TEST2_0000_0_1_2025-10-22_20-22-46/captures/before_alignment_5_3.jpg';1;'Wed Oct 22, 2025 at 16:27:40';'Wed Oct 22, 2025 at 16:27:40'
'before_alignment_5_2.jpg';'TEST2_0000_0_1_2025-10-22_20-22-46/captures/before_alignment_5_2.jpg';1;'Wed Oct 22, 2025 at 16:27:52';'Wed Oct 22, 2025 at 16:27:52'
'before_alignment_5_1.jpg';'TEST2_0000_0_1_2025-10-22_20-22-46/captures/before_alignment_5_1.jpg';1;'Wed Oct 22, 2025 at 16:28:05';'Wed Oct 22, 2025 at 16:28:05'
'LMI_20251022_TEST2.csv';'TEST2_0000_0_1_2025-10-22_20-22-46/data_files/LMI_20251022_TEST2.csv';1;'Wed Oct 22, 2025 at 16:28:09';'Wed Oct 22, 2025 at 16:28:09'
'before_alignment_1_5.jpg';'JHAMAB00019-16_68f8fc895960472ae0ec9e79_0_225_2025-10-22_20-47-35/captures/before_alignment_1_5.jpg';1;'Wed Oct 22, 2025 at 16:48:02';'Wed Oct 22, 2025 at 16:48:02'
'before_alignment_1_4.jpg';'JHAMAB00019-16_68f8fc895960472ae0ec9e79_0_225_2025-10-22_20-47-35/captures/before_alignment_1_4.jpg';1;'Wed Oct 22, 2025 at 16:48:13';'Wed Oct 22, 2025 at 16:48:13'
'before_alignment_1_3.jpg';'JHAMAB00019-16_68f8fc895960472ae0ec9e79_0_225_2025-10-22_20-47-35/captures/before_alignment_1_3.jpg';1;'Wed Oct 22, 2025 at 16:48:25';'Wed Oct 22, 2025 at 16:48:25'
'before_alignment_1_2.jpg';'JHAMAB00019-16_68f8fc895960472ae0ec9e79_0_225_2025-10-22_20-47-35/captures/before_alignment_1_2.jpg';1;'Wed Oct 22, 2025 at 16:48:38';'Wed Oct 22, 2025 at 16:48:38'
'before_alignment_1_1.jpg';'JHAMAB00019-16_68f8fc895960472ae0ec9e79_0_225_2025-10-22_20-47-35/captures/before_alignment_1_1.jpg';1;'Wed Oct 22, 2025 at 16:48:49';'Wed Oct 22, 2025 at 16:48:49'
'before_alignment_2_1.jpg';'JHAMAB00019-16_68f8fc895960472ae0ec9e79_0_225_2025-10-22_20-47-35/captures/before_alignment_2_1.jpg';1;'Wed Oct 22, 2025 at 16:49:01';'Wed Oct 22, 2025 at 16:49:01'
'before_alignment_2_2.jpg';'JHAMAB00019-16_68f8fc895960472ae0ec9e79_0_225_2025-10-22_20-47-35/captures/before_alignment_2_2.jpg';1;'Wed Oct 22, 2025 at 16:49:14';'Wed Oct 22, 2025 at 16:49:14'
'before_alignment_2_3.jpg';'JHAMAB00019-16_68f8fc895960472ae0ec9e79_0_225_2025-10-22_20-47-35/captures/before_alignment_2_3.jpg';1;'Wed Oct 22, 2025 at 16:49:25';'Wed Oct 22, 2025 at 16:49:25'
'before_alignment_2_4.jpg';'JHAMAB00019-16_68f8fc895960472ae0ec9e79_0_225_2025-10-22_20-47-35/captures/before_alignment_2_4.jpg';1;'Wed Oct 22, 2025 at 16:49:38';'Wed Oct 22, 2025 at 16:49:38'
'before_alignment_2_5.jpg';'JHAMAB00019-16_68f8fc895960472ae0ec9e79_0_225_2025-10-22_20-47-35/captures/before_alignment_2_5.jpg';1;'Wed Oct 22, 2025 at 16:49:50';'Wed Oct 22, 2025 at 16:49:50'
'before_alignment_3_5.jpg';'JHAMAB00019-16_68f8fc895960472ae0ec9e79_0_225_2025-10-22_20-47-35/captures/before_alignment_3_5.jpg';1;'Wed Oct 22, 2025 at 16:50:02';'Wed Oct 22, 2025 at 16:50:02'
'before_alignment_3_4.jpg';'JHAMAB00019-16_68f8fc895960472ae0ec9e79_0_225_2025-10-22_20-47-35/captures/before_alignment_3_4.jpg';1;'Wed Oct 22, 2025 at 16:50:13';'Wed Oct 22, 2025 at 16:50:13'
'before_alignment_3_3.jpg';'JHAMAB00019-16_68f8fc895960472ae0ec9e79_0_225_2025-10-22_20-47-35/captures/before_alignment_3_3.jpg';1;'Wed Oct 22, 2025 at 16:50:26';'Wed Oct 22, 2025 at 16:50:26'
'before_alignment_3_2.jpg';'JHAMAB00019-16_68f8fc895960472ae0ec9e79_0_225_2025-10-22_20-47-35/captures/before_alignment_3_2.jpg';1;'Wed Oct 22, 2025 at 16:50:38';'Wed Oct 22, 2025 at 16:50:38'
'before_alignment_3_1.jpg';'JHAMAB00019-16_68f8fc895960472ae0ec9e79_0_225_2025-10-22_20-47-35/captures/before_alignment_3_1.jpg';1;'Wed Oct 22, 2025 at 16:50:50';'Wed Oct 22, 2025 at 16:50:50'
'before_alignment_4_1.jpg';'JHAMAB00019-16_68f8fc895960472ae0ec9e79_0_225_2025-10-22_20-47-35/captures/before_alignment_4_1.jpg';1;'Wed Oct 22, 2025 at 16:51:03';'Wed Oct 22, 2025 at 16:51:03'
'before_alignment_4_2.jpg';'JHAMAB00019-16_68f8fc895960472ae0ec9e79_0_225_2025-10-22_20-47-35/captures/before_alignment_4_2.jpg';1;'Wed Oct 22, 2025 at 16:51:15';'Wed Oct 22, 2025 at 16:51:15'
'before_alignment_4_3.jpg';'JHAMAB00019-16_68f8fc895960472ae0ec9e79_0_225_2025-10-22_20-47-35/captures/before_alignment_4_3.jpg';1;'Wed Oct 22, 2025 at 16:51:27';'Wed Oct 22, 2025 at 16:51:27'
'before_alignment_4_4.jpg';'JHAMAB00019-16_68f8fc895960472ae0ec9e79_0_225_2025-10-22_20-47-35/captures/before_alignment_4_4.jpg';1;'Wed Oct 22, 2025 at 16:51:39';'Wed Oct 22, 2025 at 16:51:39'
'before_alignment_4_5.jpg';'JHAMAB00019-16_68f8fc895960472ae0ec9e79_0_225_2025-10-22_20-47-35/captures/before_alignment_4_5.jpg';1;'Wed Oct 22, 2025 at 16:51:51';'Wed Oct 22, 2025 at 16:51:51'
'before_alignment_5_5.jpg';'JHAMAB00019-16_68f8fc895960472ae0ec9e79_0_225_2025-10-22_20-47-35/captures/before_alignment_5_5.jpg';1;'Wed Oct 22, 2025 at 16:52:04';'Wed Oct 22, 2025 at 16:52:04'
'before_alignment_5_4.jpg';'JHAMAB00019-16_68f8fc895960472ae0ec9e79_0_225_2025-10-22_20-47-35/captures/before_alignment_5_4.jpg';1;'Wed Oct 22, 2025 at 16:52:16';'Wed Oct 22, 2025 at 16:52:16'
'before_alignment_5_3.jpg';'JHAMAB00019-16_68f8fc895960472ae0ec9e79_0_225_2025-10-22_20-47-35/captures/before_alignment_5_3.jpg';1;'Wed Oct 22, 2025 at 16:52:28';'Wed Oct 22, 2025 at 16:52:28'
'before_alignment_5_2.jpg';'JHAMAB00019-16_68f8fc895960472ae0ec9e79_0_225_2025-10-22_20-47-35/captures/before_alignment_5_2.jpg';1;'Wed Oct 22, 2025 at 16:52:40';'Wed Oct 22, 2025 at 16:52:40'
'before_alignment_5_1.jpg';'JHAMAB00019-16_68f8fc895960472ae0ec9e79_0_225_2025-10-22_20-47-35/captures/before_alignment_5_1.jpg';1;'Wed Oct 22, 2025 at 16:52:52';'Wed Oct 22, 2025 at 16:52:52'
'LMI_20251022_JHAMAB00019-16.csv';'JHAMAB00019-16_68f8fc895960472ae0ec9e79_0_225_2025-10-22_20-47-35/data_files/LMI_20251022_JHAMAB00019-16.csv';1;'Wed Oct 22, 2025 at 16:52:56';'Wed Oct 22, 2025 at 16:52:56'
'after_alignment_1_5.jpg';'JHAMAB00019-16_68f8fc895960472ae0ec9e79_0_226_2025-10-22_21-04-55/captures/after_alignment_1_5.jpg';1;'Wed Oct 22, 2025 at 17:05:41';'Wed Oct 22, 2025 at 17:05:41'
'after_alignment_1_4.jpg';'JHAMAB00019-16_68f8fc895960472ae0ec9e79_0_226_2025-10-22_21-04-55/captures/after_alignment_1_4.jpg';1;'Wed Oct 22, 2025 at 17:05:41';'Wed Oct 22, 2025 at 17:05:41'
'after_alignment_1_3.jpg';'JHAMAB00019-16_68f8fc895960472ae0ec9e79_0_226_2025-10-22_21-04-55/captures/after_alignment_1_3.jpg';1;'Wed Oct 22, 2025 at 17:05:51';'Wed Oct 22, 2025 at 17:05:51'
'before_alignment_1_1.jpg';'JHAMAB00019-16_68f8fc895960472ae0ec9e79_0_226_2025-10-22_21-04-55/captures/before_alignment_1_1.jpg';1;'Wed Oct 22, 2025 at 17:06:25';'Wed Oct 22, 2025 at 17:06:25'
'before_alignment_2_1.jpg';'JHAMAB00019-16_68f8fc895960472ae0ec9e79_0_226_2025-10-22_21-04-55/captures/before_alignment_2_1.jpg';1;'Wed Oct 22, 2025 at 17:06:41';'Wed Oct 22, 2025 at 17:06:41'
'before_alignment_2_2.jpg';'JHAMAB00019-16_68f8fc895960472ae0ec9e79_0_226_2025-10-22_21-04-55/captures/before_alignment_2_2.jpg';1;'Wed Oct 22, 2025 at 17:07:09';'Wed Oct 22, 2025 at 17:07:09'
'after_alignment_2_3.jpg';'JHAMAB00019-16_68f8fc895960472ae0ec9e79_0_226_2025-10-22_21-04-55/captures/after_alignment_2_3.jpg';1;'Wed Oct 22, 2025 at 17:07:16';'Wed Oct 22, 2025 at 17:07:16'
'before_alignment_2_5.jpg';'JHAMAB00019-16_68f8fc895960472ae0ec9e79_0_226_2025-10-22_21-04-55/captures/before_alignment_2_5.jpg';1;'Wed Oct 22, 2025 at 17:07:50';'Wed Oct 22, 2025 at 17:07:50'
'before_alignment_3_5.jpg';'JHAMAB00019-16_68f8fc895960472ae0ec9e79_0_226_2025-10-22_21-04-55/captures/before_alignment_3_5.jpg';1;'Wed Oct 22, 2025 at 17:08:05';'Wed Oct 22, 2025 at 17:08:05'
'before_alignment_3_4.jpg';'JHAMAB00019-16_68f8fc895960472ae0ec9e79_0_226_2025-10-22_21-04-55/captures/before_alignment_3_4.jpg';1;'Wed Oct 22, 2025 at 17:08:21';'Wed Oct 22, 2025 at 17:08:21'
'before_alignment_3_3.jpg';'JHAMAB00019-16_68f8fc895960472ae0ec9e79_0_226_2025-10-22_21-04-55/captures/before_alignment_3_3.jpg';1;'Wed Oct 22, 2025 at 17:08:35';'Wed Oct 22, 2025 at 17:08:35'
'before_alignment_3_2.jpg';'JHAMAB00019-16_68f8fc895960472ae0ec9e79_0_226_2025-10-22_21-04-55/captures/before_alignment_3_2.jpg';1;'Wed Oct 22, 2025 at 17:08:51';'Wed Oct 22, 2025 at 17:08:51'
'before_alignment_3_1.jpg';'JHAMAB00019-16_68f8fc895960472ae0ec9e79_0_226_2025-10-22_21-04-55/captures/before_alignment_3_1.jpg';1;'Wed Oct 22, 2025 at 17:09:07';'Wed Oct 22, 2025 at 17:09:07'
'before_alignment_4_1.jpg';'JHAMAB00019-16_68f8fc895960472ae0ec9e79_0_226_2025-10-22_21-04-55/captures/before_alignment_4_1.jpg';1;'Wed Oct 22, 2025 at 17:09:34';'Wed Oct 22, 2025 at 17:09:34'
'after_alignment_4_2.jpg';'JHAMAB00019-16_68f8fc895960472ae0ec9e79_0_226_2025-10-22_21-04-55/captures/after_alignment_4_2.jpg';1;'Wed Oct 22, 2025 at 17:09:41';'Wed Oct 22, 2025 at 17:09:41'
'after_alignment_4_3.jpg';'JHAMAB00019-16_68f8fc895960472ae0ec9e79_0_226_2025-10-22_21-04-55/captures/after_alignment_4_3.jpg';1;'Wed Oct 22, 2025 at 17:10:01';'Wed Oct 22, 2025 at 17:10:01'
'before_alignment_4_5.jpg';'JHAMAB00019-16_68f8fc895960472ae0ec9e79_0_226_2025-10-22_21-04-55/captures/before_alignment_4_5.jpg';1;'Wed Oct 22, 2025 at 17:10:35';'Wed Oct 22, 2025 at 17:10:35'
'before_alignment_5_5.jpg';'JHAMAB00019-16_68f8fc895960472ae0ec9e79_0_226_2025-10-22_21-04-55/captures/before_alignment_5_5.jpg';1;'Wed Oct 22, 2025 at 17:10:50';'Wed Oct 22, 2025 at 17:10:50'
'before_alignment_5_4.jpg';'JHAMAB00019-16_68f8fc895960472ae0ec9e79_0_226_2025-10-22_21-04-55/captures/before_alignment_5_4.jpg';1;'Wed Oct 22, 2025 at 17:11:05';'Wed Oct 22, 2025 at 17:11:05'
'before_alignment_5_3.jpg';'JHAMAB00019-16_68f8fc895960472ae0ec9e79_0_226_2025-10-22_21-04-55/captures/before_alignment_5_3.jpg';1;'Wed Oct 22, 2025 at 17:11:21';'Wed Oct 22, 2025 at 17:11:21'
'before_alignment_5_2.jpg';'JHAMAB00019-16_68f8fc895960472ae0ec9e79_0_226_2025-10-22_21-04-55/captures/before_alignment_5_2.jpg';1;'Wed Oct 22, 2025 at 17:11:35';'Wed Oct 22, 2025 at 17:11:35'
'before_alignment_5_1.jpg';'JHAMAB00019-16_68f8fc895960472ae0ec9e79_0_226_2025-10-22_21-04-55/captures/before_alignment_5_1.jpg';1;'Wed Oct 22, 2025 at 17:11:51';'Wed Oct 22, 2025 at 17:11:51'
'LMI_20251022_JHAMAB00019-16.csv';'JHAMAB00019-16_68f8fc895960472ae0ec9e79_0_226_2025-10-22_21-04-55/data_files/LMI_20251022_JHAMAB00019-16.csv';1;'Wed Oct 22, 2025 at 17:11:58';'Wed Oct 22, 2025 at 17:11:58'
'after_alignment_1_5.jpg';'JHAMAB00021-16_68f8fcca5960472ae0ec9e83_0_227_2025-10-22_21-32-09/captures/after_alignment_1_5.jpg';1;'Wed Oct 22, 2025 at 17:32:38';'Wed Oct 22, 2025 at 17:32:38'
'after_alignment_1_4.jpg';'JHAMAB00021-16_68f8fcca5960472ae0ec9e83_0_227_2025-10-22_21-32-09/captures/after_alignment_1_4.jpg';1;'Wed Oct 22, 2025 at 17:32:50';'Wed Oct 22, 2025 at 17:32:50'
'after_alignment_1_3.jpg';'JHAMAB00021-16_68f8fcca5960472ae0ec9e83_0_227_2025-10-22_21-32-09/captures/after_alignment_1_3.jpg';1;'Wed Oct 22, 2025 at 17:33:05';'Wed Oct 22, 2025 at 17:33:05'
'after_alignment_1_2.jpg';'JHAMAB00021-16_68f8fcca5960472ae0ec9e83_0_227_2025-10-22_21-32-09/captures/after_alignment_1_2.jpg';1;'Wed Oct 22, 2025 at 17:33:20';'Wed Oct 22, 2025 at 17:33:20'
'after_alignment_1_1.jpg';'JHAMAB00021-16_68f8fcca5960472ae0ec9e83_0_227_2025-10-22_21-32-09/captures/after_alignment_1_1.jpg';1;'Wed Oct 22, 2025 at 17:33:35';'Wed Oct 22, 2025 at 17:33:35'
'after_alignment_2_1.jpg';'JHAMAB00021-16_68f8fcca5960472ae0ec9e83_0_227_2025-10-22_21-32-09/captures/after_alignment_2_1.jpg';1;'Wed Oct 22, 2025 at 17:33:51';'Wed Oct 22, 2025 at 17:33:51'
'after_alignment_2_2.jpg';'JHAMAB00021-16_68f8fcca5960472ae0ec9e83_0_227_2025-10-22_21-32-09/captures/after_alignment_2_2.jpg';1;'Wed Oct 22, 2025 at 17:34:06';'Wed Oct 22, 2025 at 17:34:06'
'after_alignment_2_3.jpg';'JHAMAB00021-16_68f8fcca5960472ae0ec9e83_0_227_2025-10-22_21-32-09/captures/after_alignment_2_3.jpg';1;'Wed Oct 22, 2025 at 17:34:22';'Wed Oct 22, 2025 at 17:34:22'
'after_alignment_2_4.jpg';'JHAMAB00021-16_68f8fcca5960472ae0ec9e83_0_227_2025-10-22_21-32-09/captures/after_alignment_2_4.jpg';1;'Wed Oct 22, 2025 at 17:34:38';'Wed Oct 22, 2025 at 17:34:38'
'after_alignment_2_5.jpg';'JHAMAB00021-16_68f8fcca5960472ae0ec9e83_0_227_2025-10-22_21-32-09/captures/after_alignment_2_5.jpg';1;'Wed Oct 22, 2025 at 17:34:53';'Wed Oct 22, 2025 at 17:34:53'
'after_alignment_3_5.jpg';'JHAMAB00021-16_68f8fcca5960472ae0ec9e83_0_227_2025-10-22_21-32-09/captures/after_alignment_3_5.jpg';1;'Wed Oct 22, 2025 at 17:35:08';'Wed Oct 22, 2025 at 17:35:08'
'after_alignment_3_4.jpg';'JHAMAB00021-16_68f8fcca5960472ae0ec9e83_0_227_2025-10-22_21-32-09/captures/after_alignment_3_4.jpg';1;'Wed Oct 22, 2025 at 17:35:23';'Wed Oct 22, 2025 at 17:35:23'
'after_alignment_3_3.jpg';'JHAMAB00021-16_68f8fcca5960472ae0ec9e83_0_227_2025-10-22_21-32-09/captures/after_alignment_3_3.jpg';1;'Wed Oct 22, 2025 at 17:35:41';'Wed Oct 22, 2025 at 17:35:41'
'after_alignment_3_2.jpg';'JHAMAB00021-16_68f8fcca5960472ae0ec9e83_0_227_2025-10-22_21-32-09/captures/after_alignment_3_2.jpg';1;'Wed Oct 22, 2025 at 17:35:56';'Wed Oct 22, 2025 at 17:35:56'
'after_alignment_3_1.jpg';'JHAMAB00021-16_68f8fcca5960472ae0ec9e83_0_227_2025-10-22_21-32-09/captures/after_alignment_3_1.jpg';1;'Wed Oct 22, 2025 at 17:36:12';'Wed Oct 22, 2025 at 17:36:12'
'after_alignment_4_1.jpg';'JHAMAB00021-16_68f8fcca5960472ae0ec9e83_0_227_2025-10-22_21-32-09/captures/after_alignment_4_1.jpg';1;'Wed Oct 22, 2025 at 17:36:27';'Wed Oct 22, 2025 at 17:36:27'
'after_alignment_4_2.jpg';'JHAMAB00021-16_68f8fcca5960472ae0ec9e83_0_227_2025-10-22_21-32-09/captures/after_alignment_4_2.jpg';1;'Wed Oct 22, 2025 at 17:36:43';'Wed Oct 22, 2025 at 17:36:43'
'after_alignment_4_3.jpg';'JHAMAB00021-16_68f8fcca5960472ae0ec9e83_0_227_2025-10-22_21-32-09/captures/after_alignment_4_3.jpg';1;'Wed Oct 22, 2025 at 17:36:58';'Wed Oct 22, 2025 at 17:36:58'
'after_alignment_4_4.jpg';'JHAMAB00021-16_68f8fcca5960472ae0ec9e83_0_227_2025-10-22_21-32-09/captures/after_alignment_4_4.jpg';1;'Wed Oct 22, 2025 at 17:37:14';'Wed Oct 22, 2025 at 17:37:14'
'after_alignment_4_5.jpg';'JHAMAB00021-16_68f8fcca5960472ae0ec9e83_0_227_2025-10-22_21-32-09/captures/after_alignment_4_5.jpg';1;'Wed Oct 22, 2025 at 17:37:29';'Wed Oct 22, 2025 at 17:37:29'
'after_alignment_5_5.jpg';'JHAMAB00021-16_68f8fcca5960472ae0ec9e83_0_227_2025-10-22_21-32-09/captures/after_alignment_5_5.jpg';1;'Wed Oct 22, 2025 at 17:37:44';'Wed Oct 22, 2025 at 17:37:44'
'after_alignment_5_4.jpg';'JHAMAB00021-16_68f8fcca5960472ae0ec9e83_0_227_2025-10-22_21-32-09/captures/after_alignment_5_4.jpg';1;'Wed Oct 22, 2025 at 17:37:59';'Wed Oct 22, 2025 at 17:37:59'
'after_alignment_5_3.jpg';'JHAMAB00021-16_68f8fcca5960472ae0ec9e83_0_227_2025-10-22_21-32-09/captures/after_alignment_5_3.jpg';1;'Wed Oct 22, 2025 at 17:38:14';'Wed Oct 22, 2025 at 17:38:14'
'after_alignment_5_2.jpg';'JHAMAB00021-16_68f8fcca5960472ae0ec9e83_0_227_2025-10-22_21-32-09/captures/after_alignment_5_2.jpg';1;'Wed Oct 22, 2025 at 17:38:30';'Wed Oct 22, 2025 at 17:38:30'
'LMI_20251022_JHAMAB00021-16.csv';'JHAMAB00021-16_68f8fcca5960472ae0ec9e83_0_227_2025-10-22_21-32-09/data_files/LMI_20251022_JHAMAB00021-16.csv';1;'Wed Oct 22, 2025 at 17:38:57';'Wed Oct 22, 2025 at 17:38:57'
'after_alignment_1_5.jpg';'JHAMAB00020-16_68f8fcba5960472ae0ec9e81_0_228_2025-10-22_21-53-40/captures/after_alignment_1_5.jpg';1;'Wed Oct 22, 2025 at 17:54:25';'Wed Oct 22, 2025 at 17:54:25'
'after_alignment_1_4.jpg';'JHAMAB00020-16_68f8fcba5960472ae0ec9e81_0_228_2025-10-22_21-53-40/captures/after_alignment_1_4.jpg';1;'Wed Oct 22, 2025 at 17:54:25';'Wed Oct 22, 2025 at 17:54:25'
'after_alignment_1_3.jpg';'JHAMAB00020-16_68f8fcba5960472ae0ec9e81_0_228_2025-10-22_21-53-40/captures/after_alignment_1_3.jpg';1;'Wed Oct 22, 2025 at 17:54:27';'Wed Oct 22, 2025 at 17:54:27'
'after_alignment_1_2.jpg';'JHAMAB00020-16_68f8fcba5960472ae0ec9e81_0_228_2025-10-22_21-53-40/captures/after_alignment_1_2.jpg';1;'Wed Oct 22, 2025 at 17:54:42';'Wed Oct 22, 2025 at 17:54:42'
'after_alignment_1_1.jpg';'JHAMAB00020-16_68f8fcba5960472ae0ec9e81_0_228_2025-10-22_21-53-40/captures/after_alignment_1_1.jpg';1;'Wed Oct 22, 2025 at 17:54:57';'Wed Oct 22, 2025 at 17:54:57'
'after_alignment_2_1.jpg';'JHAMAB00020-16_68f8fcba5960472ae0ec9e81_0_228_2025-10-22_21-53-40/captures/after_alignment_2_1.jpg';1;'Wed Oct 22, 2025 at 17:55:05';'Wed Oct 22, 2025 at 17:55:05'
'after_alignment_2_2.jpg';'JHAMAB00020-16_68f8fcba5960472ae0ec9e81_0_228_2025-10-22_21-53-40/captures/after_alignment_2_2.jpg';1;'Wed Oct 22, 2025 at 17:55:20';'Wed Oct 22, 2025 at 17:55:20'
'after_alignment_2_3.jpg';'JHAMAB00020-16_68f8fcba5960472ae0ec9e81_0_228_2025-10-22_21-53-40/captures/after_alignment_2_3.jpg';1;'Wed Oct 22, 2025 at 17:55:36';'Wed Oct 22, 2025 at 17:55:36'
'after_alignment_2_4.jpg';'JHAMAB00020-16_68f8fcba5960472ae0ec9e81_0_228_2025-10-22_21-53-40/captures/after_alignment_2_4.jpg';1;'Wed Oct 22, 2025 at 17:55:50';'Wed Oct 22, 2025 at 17:55:50'
'after_alignment_2_5.jpg';'JHAMAB00020-16_68f8fcba5960472ae0ec9e81_0_228_2025-10-22_21-53-40/captures/after_alignment_2_5.jpg';1;'Wed Oct 22, 2025 at 17:56:06';'Wed Oct 22, 2025 at 17:56:06'
'after_alignment_3_5.jpg';'JHAMAB00020-16_68f8fcba5960472ae0ec9e81_0_228_2025-10-22_21-53-40/captures/after_alignment_3_5.jpg';1;'Wed Oct 22, 2025 at 17:56:14';'Wed Oct 22, 2025 at 17:56:14'
'after_alignment_3_4.jpg';'JHAMAB00020-16_68f8fcba5960472ae0ec9e81_0_228_2025-10-22_21-53-40/captures/after_alignment_3_4.jpg';1;'Wed Oct 22, 2025 at 17:56:21';'Wed Oct 22, 2025 at 17:56:21'
'after_alignment_3_3.jpg';'JHAMAB00020-16_68f8fcba5960472ae0ec9e81_0_228_2025-10-22_21-53-40/captures/after_alignment_3_3.jpg';1;'Wed Oct 22, 2025 at 17:56:37';'Wed Oct 22, 2025 at 17:56:37'
'after_alignment_3_2.jpg';'JHAMAB00020-16_68f8fcba5960472ae0ec9e81_0_228_2025-10-22_21-53-40/captures/after_alignment_3_2.jpg';1;'Wed Oct 22, 2025 at 17:56:52';'Wed Oct 22, 2025 at 17:56:52'
'after_alignment_3_1.jpg';'JHAMAB00020-16_68f8fcba5960472ae0ec9e81_0_228_2025-10-22_21-53-40/captures/after_alignment_3_1.jpg';1;'Wed Oct 22, 2025 at 17:57:07';'Wed Oct 22, 2025 at 17:57:07'
'after_alignment_4_1.jpg';'JHAMAB00020-16_68f8fcba5960472ae0ec9e81_0_228_2025-10-22_21-53-40/captures/after_alignment_4_1.jpg';1;'Wed Oct 22, 2025 at 17:57:22';'Wed Oct 22, 2025 at 17:57:22'
'after_alignment_4_2.jpg';'JHAMAB00020-16_68f8fcba5960472ae0ec9e81_0_228_2025-10-22_21-53-40/captures/after_alignment_4_2.jpg';1;'Wed Oct 22, 2025 at 17:57:37';'Wed Oct 22, 2025 at 17:57:37'
'after_alignment_4_3.jpg';'JHAMAB00020-16_68f8fcba5960472ae0ec9e81_0_228_2025-10-22_21-53-40/captures/after_alignment_4_3.jpg';1;'Wed Oct 22, 2025 at 17:57:53';'Wed Oct 22, 2025 at 17:57:53'
'after_alignment_4_4.jpg';'JHAMAB00020-16_68f8fcba5960472ae0ec9e81_0_228_2025-10-22_21-53-40/captures/after_alignment_4_4.jpg';1;'Wed Oct 22, 2025 at 17:58:08';'Wed Oct 22, 2025 at 17:58:08'
'after_alignment_4_5.jpg';'JHAMAB00020-16_68f8fcba5960472ae0ec9e81_0_228_2025-10-22_21-53-40/captures/after_alignment_4_5.jpg';1;'Wed Oct 22, 2025 at 17:58:16';'Wed Oct 22, 2025 at 17:58:16'
'after_alignment_5_5.jpg';'JHAMAB00020-16_68f8fcba5960472ae0ec9e81_0_228_2025-10-22_21-53-40/captures/after_alignment_5_5.jpg';1;'Wed Oct 22, 2025 at 17:58:31';'Wed Oct 22, 2025 at 17:58:31'
'after_alignment_5_4.jpg';'JHAMAB00020-16_68f8fcba5960472ae0ec9e81_0_228_2025-10-22_21-53-40/captures/after_alignment_5_4.jpg';1;'Wed Oct 22, 2025 at 17:58:46';'Wed Oct 22, 2025 at 17:58:46'
'after_alignment_5_3.jpg';'JHAMAB00020-16_68f8fcba5960472ae0ec9e81_0_228_2025-10-22_21-53-40/captures/after_alignment_5_3.jpg';1;'Wed Oct 22, 2025 at 17:59:01';'Wed Oct 22, 2025 at 17:59:01'
'after_alignment_5_2.jpg';'JHAMAB00020-16_68f8fcba5960472ae0ec9e81_0_228_2025-10-22_21-53-40/captures/after_alignment_5_2.jpg';1;'Wed Oct 22, 2025 at 17:59:09';'Wed Oct 22, 2025 at 17:59:09'
'after_alignment_5_1.jpg';'JHAMAB00020-16_68f8fcba5960472ae0ec9e81_0_228_2025-10-22_21-53-40/captures/after_alignment_5_1.jpg';1;'Wed Oct 22, 2025 at 17:59:24';'Wed Oct 22, 2025 at 17:59:24'
'before_alignment_1_5.jpg';'JHAMAB00019-01_68f5589c5c4e7db49fe46b82_0_229_2025-10-23_13-00-20/captures/before_alignment_1_5.jpg';1;'Thu Oct 23, 2025 at 09:01:23';'Thu Oct 23, 2025 at 09:01:23'
'after_alignment_1_5.jpg';'JHAMAB00019-01_68f5589c5c4e7db49fe46b82_0_229_2025-10-23_13-05-13/captures/after_alignment_1_5.jpg';1;'Thu Oct 23, 2025 at 09:05:50';'Thu Oct 23, 2025 at 09:05:50'
'before_alignment_1_3.jpg';'JHAMAB00019-01_68f5589c5c4e7db49fe46b82_0_229_2025-10-23_13-05-13/captures/before_alignment_1_3.jpg';1;'Thu Oct 23, 2025 at 09:06:17';'Thu Oct 23, 2025 at 09:06:17'
'before_alignment_1_2.jpg';'JHAMAB00019-01_68f5589c5c4e7db49fe46b82_0_229_2025-10-23_13-05-13/captures/before_alignment_1_2.jpg';1;'Thu Oct 23, 2025 at 09:06:34';'Thu Oct 23, 2025 at 09:06:34'
'before_alignment_1_1.jpg';'JHAMAB00019-01_68f5589c5c4e7db49fe46b82_0_229_2025-10-23_13-05-13/captures/before_alignment_1_1.jpg';1;'Thu Oct 23, 2025 at 09:06:50';'Thu Oct 23, 2025 at 09:06:50'
'before_alignment_2_1.jpg';'JHAMAB00019-01_68f5589c5c4e7db49fe46b82_0_229_2025-10-23_13-05-13/captures/before_alignment_2_1.jpg';1;'Thu Oct 23, 2025 at 09:07:06';'Thu Oct 23, 2025 at 09:07:06'
'before_alignment_2_2.jpg';'JHAMAB00019-01_68f5589c5c4e7db49fe46b82_0_229_2025-10-23_13-05-13/captures/before_alignment_2_2.jpg';1;'Thu Oct 23, 2025 at 09:07:22';'Thu Oct 23, 2025 at 09:07:22'
'before_alignment_2_3.jpg';'JHAMAB00019-01_68f5589c5c4e7db49fe46b82_0_229_2025-10-23_13-05-13/captures/before_alignment_2_3.jpg';1;'Thu Oct 23, 2025 at 09:07:38';'Thu Oct 23, 2025 at 09:07:38'
'before_alignment_2_4.jpg';'JHAMAB00019-01_68f5589c5c4e7db49fe46b82_0_229_2025-10-23_13-05-13/captures/before_alignment_2_4.jpg';1;'Thu Oct 23, 2025 at 09:07:54';'Thu Oct 23, 2025 at 09:07:54'
'before_alignment_2_5.jpg';'JHAMAB00019-01_68f5589c5c4e7db49fe46b82_0_229_2025-10-23_13-05-13/captures/before_alignment_2_5.jpg';1;'Thu Oct 23, 2025 at 09:08:14';'Thu Oct 23, 2025 at 09:08:14'
'before_alignment_3_5.jpg';'JHAMAB00019-01_68f5589c5c4e7db49fe46b82_0_229_2025-10-23_13-05-13/captures/before_alignment_3_5.jpg';1;'Thu Oct 23, 2025 at 09:08:29';'Thu Oct 23, 2025 at 09:08:29'
'before_alignment_3_4.jpg';'JHAMAB00019-01_68f5589c5c4e7db49fe46b82_0_229_2025-10-23_13-05-13/captures/before_alignment_3_4.jpg';1;'Thu Oct 23, 2025 at 09:08:47';'Thu Oct 23, 2025 at 09:08:47'
'before_alignment_3_3.jpg';'JHAMAB00019-01_68f5589c5c4e7db49fe46b82_0_229_2025-10-23_13-05-13/captures/before_alignment_3_3.jpg';1;'Thu Oct 23, 2025 at 09:09:00';'Thu Oct 23, 2025 at 09:09:00'
'before_alignment_3_2.jpg';'JHAMAB00019-01_68f5589c5c4e7db49fe46b82_0_229_2025-10-23_13-05-13/captures/before_alignment_3_2.jpg';1;'Thu Oct 23, 2025 at 09:09:15';'Thu Oct 23, 2025 at 09:09:15'
'before_alignment_3_1.jpg';'JHAMAB00019-01_68f5589c5c4e7db49fe46b82_0_229_2025-10-23_13-05-13/captures/before_alignment_3_1.jpg';1;'Thu Oct 23, 2025 at 09:09:46';'Thu Oct 23, 2025 at 09:09:46'
'before_alignment_4_2.jpg';'JHAMAB00019-01_68f5589c5c4e7db49fe46b82_0_229_2025-10-23_13-05-13/captures/before_alignment_4_2.jpg';1;'Thu Oct 23, 2025 at 09:10:12';'Thu Oct 23, 2025 at 09:10:12'
'before_alignment_4_3.jpg';'JHAMAB00019-01_68f5589c5c4e7db49fe46b82_0_229_2025-10-23_13-05-13/captures/before_alignment_4_3.jpg';1;'Thu Oct 23, 2025 at 09:10:28';'Thu Oct 23, 2025 at 09:10:28'
'before_alignment_4_4.jpg';'JHAMAB00019-01_68f5589c5c4e7db49fe46b82_0_229_2025-10-23_13-05-13/captures/before_alignment_4_4.jpg';1;'Thu Oct 23, 2025 at 09:10:44';'Thu Oct 23, 2025 at 09:10:44'
'before_alignment_4_5.jpg';'JHAMAB00019-01_68f5589c5c4e7db49fe46b82_0_229_2025-10-23_13-05-13/captures/before_alignment_4_5.jpg';1;'Thu Oct 23, 2025 at 09:11:12';'Thu Oct 23, 2025 at 09:11:12'
'before_alignment_5_4.jpg';'JHAMAB00019-01_68f5589c5c4e7db49fe46b82_0_229_2025-10-23_13-05-13/captures/before_alignment_5_4.jpg';1;'Thu Oct 23, 2025 at 09:11:38';'Thu Oct 23, 2025 at 09:11:38'
'before_alignment_5_3.jpg';'JHAMAB00019-01_68f5589c5c4e7db49fe46b82_0_229_2025-10-23_13-05-13/captures/before_alignment_5_3.jpg';1;'Thu Oct 23, 2025 at 09:11:55';'Thu Oct 23, 2025 at 09:11:55'
'before_alignment_5_2.jpg';'JHAMAB00019-01_68f5589c5c4e7db49fe46b82_0_229_2025-10-23_13-05-13/captures/before_alignment_5_2.jpg';1;'Thu Oct 23, 2025 at 09:12:11';'Thu Oct 23, 2025 at 09:12:11'
'before_alignment_5_1.jpg';'JHAMAB00019-01_68f5589c5c4e7db49fe46b82_0_229_2025-10-23_13-05-13/captures/before_alignment_5_1.jpg';1;'Thu Oct 23, 2025 at 09:12:27';'Thu Oct 23, 2025 at 09:12:27'
'LMI_20251023_JHAMAB00019-01.csv';'JHAMAB00019-01_68f5589c5c4e7db49fe46b82_0_229_2025-10-23_13-05-13/data_files/LMI_20251023_JHAMAB00019-01.csv';1;'Thu Oct 23, 2025 at 09:12:35';'Thu Oct 23, 2025 at 09:12:35'
'after_alignment_1_5.jpg';'JHAMAB00019-01_68f5589c5c4e7db49fe46b82_0_230_2025-10-23_13-18-33/captures/after_alignment_1_5.jpg';1;'Thu Oct 23, 2025 at 09:19:06';'Thu Oct 23, 2025 at 09:19:06'
'after_alignment_1_4.jpg';'JHAMAB00019-01_68f5589c5c4e7db49fe46b82_0_230_2025-10-23_13-18-33/captures/after_alignment_1_4.jpg';1;'Thu Oct 23, 2025 at 09:19:14';'Thu Oct 23, 2025 at 09:19:14'
'after_alignment_1_3.jpg';'JHAMAB00019-01_68f5589c5c4e7db49fe46b82_0_230_2025-10-23_13-18-33/captures/after_alignment_1_3.jpg';1;'Thu Oct 23, 2025 at 09:19:31';'Thu Oct 23, 2025 at 09:19:31'
'after_alignment_1_2.jpg';'JHAMAB00019-01_68f5589c5c4e7db49fe46b82_0_230_2025-10-23_13-18-33/captures/after_alignment_1_2.jpg';1;'Thu Oct 23, 2025 at 09:19:47';'Thu Oct 23, 2025 at 09:19:47'
'after_alignment_1_1.jpg';'JHAMAB00019-01_68f5589c5c4e7db49fe46b82_0_230_2025-10-23_13-18-33/captures/after_alignment_1_1.jpg';1;'Thu Oct 23, 2025 at 09:20:03';'Thu Oct 23, 2025 at 09:20:03'
'after_alignment_2_1.jpg';'JHAMAB00019-01_68f5589c5c4e7db49fe46b82_0_230_2025-10-23_13-18-33/captures/after_alignment_2_1.jpg';1;'Thu Oct 23, 2025 at 09:20:19';'Thu Oct 23, 2025 at 09:20:19'
'after_alignment_2_2.jpg';'JHAMAB00019-01_68f5589c5c4e7db49fe46b82_0_230_2025-10-23_13-18-33/captures/after_alignment_2_2.jpg';1;'Thu Oct 23, 2025 at 09:20:35';'Thu Oct 23, 2025 at 09:20:35'
'after_alignment_2_3.jpg';'JHAMAB00019-01_68f5589c5c4e7db49fe46b82_0_230_2025-10-23_13-18-33/captures/after_alignment_2_3.jpg';1;'Thu Oct 23, 2025 at 09:20:51';'Thu Oct 23, 2025 at 09:20:51'
'after_alignment_2_4.jpg';'JHAMAB00019-01_68f5589c5c4e7db49fe46b82_0_230_2025-10-23_13-18-33/captures/after_alignment_2_4.jpg';1;'Thu Oct 23, 2025 at 09:21:07';'Thu Oct 23, 2025 at 09:21:07'
'after_alignment_2_5.jpg';'JHAMAB00019-01_68f5589c5c4e7db49fe46b82_0_230_2025-10-23_13-18-33/captures/after_alignment_2_5.jpg';1;'Thu Oct 23, 2025 at 09:21:22';'Thu Oct 23, 2025 at 09:21:22'
'after_alignment_3_5.jpg';'JHAMAB00019-01_68f5589c5c4e7db49fe46b82_0_230_2025-10-23_13-18-33/captures/after_alignment_3_5.jpg';1;'Thu Oct 23, 2025 at 09:21:38';'Thu Oct 23, 2025 at 09:21:38'
'after_alignment_3_4.jpg';'JHAMAB00019-01_68f5589c5c4e7db49fe46b82_0_230_2025-10-23_13-18-33/captures/after_alignment_3_4.jpg';1;'Thu Oct 23, 2025 at 09:21:54';'Thu Oct 23, 2025 at 09:21:54'
'after_alignment_3_3.jpg';'JHAMAB00019-01_68f5589c5c4e7db49fe46b82_0_230_2025-10-23_13-18-33/captures/after_alignment_3_3.jpg';1;'Thu Oct 23, 2025 at 09:22:10';'Thu Oct 23, 2025 at 09:22:10'
'after_alignment_3_2.jpg';'JHAMAB00019-01_68f5589c5c4e7db49fe46b82_0_230_2025-10-23_13-18-33/captures/after_alignment_3_2.jpg';1;'Thu Oct 23, 2025 at 09:22:26';'Thu Oct 23, 2025 at 09:22:26'
'after_alignment_3_1.jpg';'JHAMAB00019-01_68f5589c5c4e7db49fe46b82_0_230_2025-10-23_13-18-33/captures/after_alignment_3_1.jpg';1;'Thu Oct 23, 2025 at 09:22:42';'Thu Oct 23, 2025 at 09:22:42'
'after_alignment_4_1.jpg';'JHAMAB00019-01_68f5589c5c4e7db49fe46b82_0_230_2025-10-23_13-18-33/captures/after_alignment_4_1.jpg';1;'Thu Oct 23, 2025 at 09:22:58';'Thu Oct 23, 2025 at 09:22:58'
'after_alignment_4_2.jpg';'JHAMAB00019-01_68f5589c5c4e7db49fe46b82_0_230_2025-10-23_13-18-33/captures/after_alignment_4_2.jpg';1;'Thu Oct 23, 2025 at 09:23:14';'Thu Oct 23, 2025 at 09:23:14'
'before_alignment_4_4.jpg';'JHAMAB00019-01_68f5589c5c4e7db49fe46b82_0_230_2025-10-23_13-18-33/captures/before_alignment_4_4.jpg';1;'Thu Oct 23, 2025 at 09:23:49';'Thu Oct 23, 2025 at 09:23:49'
'before_alignment_4_5.jpg';'JHAMAB00019-01_68f5589c5c4e7db49fe46b82_0_230_2025-10-23_13-18-33/captures/before_alignment_4_5.jpg';1;'Thu Oct 23, 2025 at 09:24:05';'Thu Oct 23, 2025 at 09:24:05'
'before_alignment_5_5.jpg';'JHAMAB00019-01_68f5589c5c4e7db49fe46b82_0_230_2025-10-23_13-18-33/captures/before_alignment_5_5.jpg';1;'Thu Oct 23, 2025 at 09:24:21';'Thu Oct 23, 2025 at 09:24:21'
'before_alignment_5_4.jpg';'JHAMAB00019-01_68f5589c5c4e7db49fe46b82_0_230_2025-10-23_13-18-33/captures/before_alignment_5_4.jpg';1;'Thu Oct 23, 2025 at 09:24:38';'Thu Oct 23, 2025 at 09:24:38'
'before_alignment_5_3.jpg';'JHAMAB00019-01_68f5589c5c4e7db49fe46b82_0_230_2025-10-23_13-18-33/captures/before_alignment_5_3.jpg';1;'Thu Oct 23, 2025 at 09:24:54';'Thu Oct 23, 2025 at 09:24:54'
'before_alignment_5_2.jpg';'JHAMAB00019-01_68f5589c5c4e7db49fe46b82_0_230_2025-10-23_13-18-33/captures/before_alignment_5_2.jpg';1;'Thu Oct 23, 2025 at 09:25:10';'Thu Oct 23, 2025 at 09:25:10'
'before_alignment_5_1.jpg';'JHAMAB00019-01_68f5589c5c4e7db49fe46b82_0_230_2025-10-23_13-18-33/captures/before_alignment_5_1.jpg';1;'Thu Oct 23, 2025 at 09:25:25';'Thu Oct 23, 2025 at 09:25:25'
'LMI_20251023_JHAMAB00019-01.csv';'JHAMAB00019-01_68f5589c5c4e7db49fe46b82_0_230_2025-10-23_13-18-33/data_files/LMI_20251023_JHAMAB00019-01.csv';1;'Thu Oct 23, 2025 at 09:25:34';'Thu Oct 23, 2025 at 09:25:34'
'after_alignment_1_5.jpg';'JHAMAB00020-01_68f558f43f23e15e4e99bf96_0_231_2025-10-23_13-32-58/captures/after_alignment_1_5.jpg';1;'Thu Oct 23, 2025 at 09:33:27';'Thu Oct 23, 2025 at 09:33:27'
'after_alignment_1_4.jpg';'JHAMAB00020-01_68f558f43f23e15e4e99bf96_0_231_2025-10-23_13-32-58/captures/after_alignment_1_4.jpg';1;'Thu Oct 23, 2025 at 09:33:39';'Thu Oct 23, 2025 at 09:33:39'
'after_alignment_1_3.jpg';'JHAMAB00020-01_68f558f43f23e15e4e99bf96_0_231_2025-10-23_13-32-58/captures/after_alignment_1_3.jpg';1;'Thu Oct 23, 2025 at 09:33:55';'Thu Oct 23, 2025 at 09:33:55'
'after_alignment_1_2.jpg';'JHAMAB00020-01_68f558f43f23e15e4e99bf96_0_231_2025-10-23_13-32-58/captures/after_alignment_1_2.jpg';1;'Thu Oct 23, 2025 at 09:34:11';'Thu Oct 23, 2025 at 09:34:11'
'after_alignment_1_1.jpg';'JHAMAB00020-01_68f558f43f23e15e4e99bf96_0_231_2025-10-23_13-32-58/captures/after_alignment_1_1.jpg';1;'Thu Oct 23, 2025 at 09:34:27';'Thu Oct 23, 2025 at 09:34:27'
'after_alignment_2_1.jpg';'JHAMAB00020-01_68f558f43f23e15e4e99bf96_0_231_2025-10-23_13-32-58/captures/after_alignment_2_1.jpg';1;'Thu Oct 23, 2025 at 09:34:43';'Thu Oct 23, 2025 at 09:34:43'
'after_alignment_2_2.jpg';'JHAMAB00020-01_68f558f43f23e15e4e99bf96_0_231_2025-10-23_13-32-58/captures/after_alignment_2_2.jpg';1;'Thu Oct 23, 2025 at 09:34:59';'Thu Oct 23, 2025 at 09:34:59'
'after_alignment_2_3.jpg';'JHAMAB00020-01_68f558f43f23e15e4e99bf96_0_231_2025-10-23_13-32-58/captures/after_alignment_2_3.jpg';1;'Thu Oct 23, 2025 at 09:35:15';'Thu Oct 23, 2025 at 09:35:15'
'after_alignment_2_4.jpg';'JHAMAB00020-01_68f558f43f23e15e4e99bf96_0_231_2025-10-23_13-32-58/captures/after_alignment_2_4.jpg';1;'Thu Oct 23, 2025 at 09:35:31';'Thu Oct 23, 2025 at 09:35:31'
'after_alignment_2_5.jpg';'JHAMAB00020-01_68f558f43f23e15e4e99bf96_0_231_2025-10-23_13-32-58/captures/after_alignment_2_5.jpg';1;'Thu Oct 23, 2025 at 09:35:47';'Thu Oct 23, 2025 at 09:35:47'
'before_alignment_3_4.jpg';'JHAMAB00020-01_68f558f43f23e15e4e99bf96_0_231_2025-10-23_13-32-58/captures/before_alignment_3_4.jpg';1;'Thu Oct 23, 2025 at 09:36:22';'Thu Oct 23, 2025 at 09:36:22'
'before_alignment_3_3.jpg';'JHAMAB00020-01_68f558f43f23e15e4e99bf96_0_231_2025-10-23_13-32-58/captures/before_alignment_3_3.jpg';1;'Thu Oct 23, 2025 at 09:36:46';'Thu Oct 23, 2025 at 09:36:46'
'before_alignment_3_2.jpg';'JHAMAB00020-01_68f558f43f23e15e4e99bf96_0_231_2025-10-23_13-32-58/captures/before_alignment_3_2.jpg';1;'Thu Oct 23, 2025 at 09:37:02';'Thu Oct 23, 2025 at 09:37:02'
'before_alignment_3_1.jpg';'JHAMAB00020-01_68f558f43f23e15e4e99bf96_0_231_2025-10-23_13-32-58/captures/before_alignment_3_1.jpg';1;'Thu Oct 23, 2025 at 09:37:17';'Thu Oct 23, 2025 at 09:37:17'
'before_alignment_4_1.jpg';'JHAMAB00020-01_68f558f43f23e15e4e99bf96_0_231_2025-10-23_13-32-58/captures/before_alignment_4_1.jpg';1;'Thu Oct 23, 2025 at 09:37:33';'Thu Oct 23, 2025 at 09:37:33'
'before_alignment_4_2.jpg';'JHAMAB00020-01_68f558f43f23e15e4e99bf96_0_231_2025-10-23_13-32-58/captures/before_alignment_4_2.jpg';1;'Thu Oct 23, 2025 at 09:37:50';'Thu Oct 23, 2025 at 09:37:50'
'before_alignment_4_3.jpg';'JHAMAB00020-01_68f558f43f23e15e4e99bf96_0_231_2025-10-23_13-32-58/captures/before_alignment_4_3.jpg';1;'Thu Oct 23, 2025 at 09:38:18';'Thu Oct 23, 2025 at 09:38:18'
'before_alignment_4_5.jpg';'JHAMAB00020-01_68f558f43f23e15e4e99bf96_0_231_2025-10-23_13-32-58/captures/before_alignment_4_5.jpg';1;'Thu Oct 23, 2025 at 09:38:56';'Thu Oct 23, 2025 at 09:38:56'
'before_alignment_5_4.jpg';'JHAMAB00020-01_68f558f43f23e15e4e99bf96_0_231_2025-10-23_13-32-58/captures/before_alignment_5_4.jpg';1;'Thu Oct 23, 2025 at 09:39:34';'Thu Oct 23, 2025 at 09:39:34'
'before_alignment_5_2.jpg';'JHAMAB00020-01_68f558f43f23e15e4e99bf96_0_231_2025-10-23_13-32-58/captures/before_alignment_5_2.jpg';1;'Thu Oct 23, 2025 at 09:40:01';'Thu Oct 23, 2025 at 09:40:01'
'before_alignment_5_1.jpg';'JHAMAB00020-01_68f558f43f23e15e4e99bf96_0_231_2025-10-23_13-32-58/captures/before_alignment_5_1.jpg';1;'Thu Oct 23, 2025 at 09:40:17';'Thu Oct 23, 2025 at 09:40:17'
'LMI_20251023_JHAMAB00020-01.csv';'JHAMAB00020-01_68f558f43f23e15e4e99bf96_0_231_2025-10-23_13-32-58/data_files/LMI_20251023_JHAMAB00020-01.csv';1;'Thu Oct 23, 2025 at 09:40:25';'Thu Oct 23, 2025 at 09:40:25'
'after_alignment_1_5.jpg';'JHAMAB00019-01_68f5589c5c4e7db49fe46b82_0_232_2025-10-23_13-47-05/captures/after_alignment_1_5.jpg';1;'Thu Oct 23, 2025 at 09:47:35';'Thu Oct 23, 2025 at 09:47:35'
'after_alignment_1_4.jpg';'JHAMAB00019-01_68f5589c5c4e7db49fe46b82_0_232_2025-10-23_13-47-05/captures/after_alignment_1_4.jpg';1;'Thu Oct 23, 2025 at 09:47:47';'Thu Oct 23, 2025 at 09:47:47'
'after_alignment_1_3.jpg';'JHAMAB00019-01_68f5589c5c4e7db49fe46b82_0_232_2025-10-23_13-47-05/captures/after_alignment_1_3.jpg';1;'Thu Oct 23, 2025 at 09:48:03';'Thu Oct 23, 2025 at 09:48:03'
'after_alignment_1_2.jpg';'JHAMAB00019-01_68f5589c5c4e7db49fe46b82_0_232_2025-10-23_13-47-05/captures/after_alignment_1_2.jpg';1;'Thu Oct 23, 2025 at 09:48:19';'Thu Oct 23, 2025 at 09:48:19'
'after_alignment_1_1.jpg';'JHAMAB00019-01_68f5589c5c4e7db49fe46b82_0_232_2025-10-23_13-47-05/captures/after_alignment_1_1.jpg';1;'Thu Oct 23, 2025 at 09:48:35';'Thu Oct 23, 2025 at 09:48:35'
'after_alignment_2_1.jpg';'JHAMAB00019-01_68f5589c5c4e7db49fe46b82_0_232_2025-10-23_13-47-05/captures/after_alignment_2_1.jpg';1;'Thu Oct 23, 2025 at 09:48:51';'Thu Oct 23, 2025 at 09:48:51'
'after_alignment_2_2.jpg';'JHAMAB00019-01_68f5589c5c4e7db49fe46b82_0_232_2025-10-23_13-47-05/captures/after_alignment_2_2.jpg';1;'Thu Oct 23, 2025 at 09:49:07';'Thu Oct 23, 2025 at 09:49:07'
'after_alignment_2_3.jpg';'JHAMAB00019-01_68f5589c5c4e7db49fe46b82_0_232_2025-10-23_13-47-05/captures/after_alignment_2_3.jpg';1;'Thu Oct 23, 2025 at 09:49:23';'Thu Oct 23, 2025 at 09:49:23'
'after_alignment_2_4.jpg';'JHAMAB00019-01_68f5589c5c4e7db49fe46b82_0_232_2025-10-23_13-47-05/captures/after_alignment_2_4.jpg';1;'Thu Oct 23, 2025 at 09:49:40';'Thu Oct 23, 2025 at 09:49:40'
'after_alignment_2_5.jpg';'JHAMAB00019-01_68f5589c5c4e7db49fe46b82_0_232_2025-10-23_13-47-05/captures/after_alignment_2_5.jpg';1;'Thu Oct 23, 2025 at 09:49:56';'Thu Oct 23, 2025 at 09:49:56'
'after_alignment_3_5.jpg';'JHAMAB00019-01_68f5589c5c4e7db49fe46b82_0_232_2025-10-23_13-47-05/captures/after_alignment_3_5.jpg';1;'Thu Oct 23, 2025 at 09:50:12';'Thu Oct 23, 2025 at 09:50:12'
'after_alignment_3_4.jpg';'JHAMAB00019-01_68f5589c5c4e7db49fe46b82_0_232_2025-10-23_13-47-05/captures/after_alignment_3_4.jpg';1;'Thu Oct 23, 2025 at 09:50:28';'Thu Oct 23, 2025 at 09:50:28'
'after_alignment_3_3.jpg';'JHAMAB00019-01_68f5589c5c4e7db49fe46b82_0_232_2025-10-23_13-47-05/captures/after_alignment_3_3.jpg';1;'Thu Oct 23, 2025 at 09:50:44';'Thu Oct 23, 2025 at 09:50:44'
'after_alignment_3_2.jpg';'JHAMAB00019-01_68f5589c5c4e7db49fe46b82_0_232_2025-10-23_13-47-05/captures/after_alignment_3_2.jpg';1;'Thu Oct 23, 2025 at 09:51:00';'Thu Oct 23, 2025 at 09:51:00'
'after_alignment_3_1.jpg';'JHAMAB00019-01_68f5589c5c4e7db49fe46b82_0_232_2025-10-23_13-47-05/captures/after_alignment_3_1.jpg';1;'Thu Oct 23, 2025 at 09:51:16';'Thu Oct 23, 2025 at 09:51:16'
'after_alignment_4_1.jpg';'JHAMAB00019-01_68f5589c5c4e7db49fe46b82_0_232_2025-10-23_13-47-05/captures/after_alignment_4_1.jpg';1;'Thu Oct 23, 2025 at 09:51:32';'Thu Oct 23, 2025 at 09:51:32'
'after_alignment_4_2.jpg';'JHAMAB00019-01_68f5589c5c4e7db49fe46b82_0_232_2025-10-23_13-47-05/captures/after_alignment_4_2.jpg';1;'Thu Oct 23, 2025 at 09:51:47';'Thu Oct 23, 2025 at 09:51:47'
'before_alignment_4_4.jpg';'JHAMAB00019-01_68f5589c5c4e7db49fe46b82_0_232_2025-10-23_13-47-05/captures/before_alignment_4_4.jpg';1;'Thu Oct 23, 2025 at 09:52:23';'Thu Oct 23, 2025 at 09:52:23'
'before_alignment_4_5.jpg';'JHAMAB00019-01_68f5589c5c4e7db49fe46b82_0_232_2025-10-23_13-47-05/captures/before_alignment_4_5.jpg';1;'Thu Oct 23, 2025 at 09:52:39';'Thu Oct 23, 2025 at 09:52:39'
'before_alignment_5_5.jpg';'JHAMAB00019-01_68f5589c5c4e7db49fe46b82_0_232_2025-10-23_13-47-05/captures/before_alignment_5_5.jpg';1;'Thu Oct 23, 2025 at 09:52:55';'Thu Oct 23, 2025 at 09:52:55'
'before_alignment_5_4.jpg';'JHAMAB00019-01_68f5589c5c4e7db49fe46b82_0_232_2025-10-23_13-47-05/captures/before_alignment_5_4.jpg';1;'Thu Oct 23, 2025 at 09:53:11';'Thu Oct 23, 2025 at 09:53:11'
'before_alignment_5_3.jpg';'JHAMAB00019-01_68f5589c5c4e7db49fe46b82_0_232_2025-10-23_13-47-05/captures/before_alignment_5_3.jpg';1;'Thu Oct 23, 2025 at 09:53:27';'Thu Oct 23, 2025 at 09:53:27'
'before_alignment_5_2.jpg';'JHAMAB00019-01_68f5589c5c4e7db49fe46b82_0_232_2025-10-23_13-47-05/captures/before_alignment_5_2.jpg';1;'Thu Oct 23, 2025 at 09:53:43';'Thu Oct 23, 2025 at 09:53:43'
'before_alignment_5_1.jpg';'JHAMAB00019-01_68f5589c5c4e7db49fe46b82_0_232_2025-10-23_13-47-05/captures/before_alignment_5_1.jpg';1;'Thu Oct 23, 2025 at 09:53:59';'Thu Oct 23, 2025 at 09:53:59'
'LMI_20251023_JHAMAB00019-01.csv';'JHAMAB00019-01_68f5589c5c4e7db49fe46b82_0_232_2025-10-23_13-47-05/data_files/LMI_20251023_JHAMAB00019-01.csv';1;'Thu Oct 23, 2025 at 09:54:07';'Thu Oct 23, 2025 at 09:54:07'
'after_alignment_1_5.jpg';'JHAMAB00019-02_68f5589c5c4e7db49fe46b83_0_233_2025-10-23_14-00-12/captures/after_alignment_1_5.jpg';1;'Thu Oct 23, 2025 at 10:00:38';'Thu Oct 23, 2025 at 10:00:38'
'after_alignment_1_4.jpg';'JHAMAB00019-02_68f5589c5c4e7db49fe46b83_0_233_2025-10-23_14-00-12/captures/after_alignment_1_4.jpg';1;'Thu Oct 23, 2025 at 10:00:54';'Thu Oct 23, 2025 at 10:00:54'
'after_alignment_1_3.jpg';'JHAMAB00019-02_68f5589c5c4e7db49fe46b83_0_233_2025-10-23_14-00-12/captures/after_alignment_1_3.jpg';1;'Thu Oct 23, 2025 at 10:01:09';'Thu Oct 23, 2025 at 10:01:09'
'after_alignment_1_2.jpg';'JHAMAB00019-02_68f5589c5c4e7db49fe46b83_0_233_2025-10-23_14-00-12/captures/after_alignment_1_2.jpg';1;'Thu Oct 23, 2025 at 10:01:26';'Thu Oct 23, 2025 at 10:01:26'
'after_alignment_1_1.jpg';'JHAMAB00019-02_68f5589c5c4e7db49fe46b83_0_233_2025-10-23_14-00-12/captures/after_alignment_1_1.jpg';1;'Thu Oct 23, 2025 at 10:01:42';'Thu Oct 23, 2025 at 10:01:42'
'after_alignment_2_1.jpg';'JHAMAB00019-02_68f5589c5c4e7db49fe46b83_0_233_2025-10-23_14-00-12/captures/after_alignment_2_1.jpg';1;'Thu Oct 23, 2025 at 10:01:58';'Thu Oct 23, 2025 at 10:01:58'
'after_alignment_2_2.jpg';'JHAMAB00019-02_68f5589c5c4e7db49fe46b83_0_233_2025-10-23_14-00-12/captures/after_alignment_2_2.jpg';1;'Thu Oct 23, 2025 at 10:02:14';'Thu Oct 23, 2025 at 10:02:14'
'after_alignment_2_3.jpg';'JHAMAB00019-02_68f5589c5c4e7db49fe46b83_0_233_2025-10-23_14-00-12/captures/after_alignment_2_3.jpg';1;'Thu Oct 23, 2025 at 10:02:30';'Thu Oct 23, 2025 at 10:02:30'
'after_alignment_2_4.jpg';'JHAMAB00019-02_68f5589c5c4e7db49fe46b83_0_233_2025-10-23_14-00-12/captures/after_alignment_2_4.jpg';1;'Thu Oct 23, 2025 at 10:02:50';'Thu Oct 23, 2025 at 10:02:50'
'after_alignment_2_5.jpg';'JHAMAB00019-02_68f5589c5c4e7db49fe46b83_0_233_2025-10-23_14-00-12/captures/after_alignment_2_5.jpg';1;'Thu Oct 23, 2025 at 10:03:06';'Thu Oct 23, 2025 at 10:03:06'
'after_alignment_3_5.jpg';'JHAMAB00019-02_68f5589c5c4e7db49fe46b83_0_233_2025-10-23_14-00-12/captures/after_alignment_3_5.jpg';1;'Thu Oct 23, 2025 at 10:03:22';'Thu Oct 23, 2025 at 10:03:22'
'before_alignment_3_3.jpg';'JHAMAB00019-02_68f5589c5c4e7db49fe46b83_0_233_2025-10-23_14-00-12/captures/before_alignment_3_3.jpg';1;'Thu Oct 23, 2025 at 10:03:57';'Thu Oct 23, 2025 at 10:03:57'
'before_alignment_3_2.jpg';'JHAMAB00019-02_68f5589c5c4e7db49fe46b83_0_233_2025-10-23_14-00-12/captures/before_alignment_3_2.jpg';1;'Thu Oct 23, 2025 at 10:04:14';'Thu Oct 23, 2025 at 10:04:14'
'before_alignment_3_1.jpg';'JHAMAB00019-02_68f5589c5c4e7db49fe46b83_0_233_2025-10-23_14-00-12/captures/before_alignment_3_1.jpg';1;'Thu Oct 23, 2025 at 10:04:29';'Thu Oct 23, 2025 at 10:04:29'
'before_alignment_4_1.jpg';'JHAMAB00019-02_68f5589c5c4e7db49fe46b83_0_233_2025-10-23_14-00-12/captures/before_alignment_4_1.jpg';1;'Thu Oct 23, 2025 at 10:04:58';'Thu Oct 23, 2025 at 10:04:58'
'after_alignment_4_2.jpg';'JHAMAB00019-02_68f5589c5c4e7db49fe46b83_0_233_2025-10-23_14-00-12/captures/after_alignment_4_2.jpg';1;'Thu Oct 23, 2025 at 10:05:05';'Thu Oct 23, 2025 at 10:05:05'
'after_alignment_4_3.jpg';'JHAMAB00019-02_68f5589c5c4e7db49fe46b83_0_233_2025-10-23_14-00-12/captures/after_alignment_4_3.jpg';1;'Thu Oct 23, 2025 at 10:05:21';'Thu Oct 23, 2025 at 10:05:21'
'after_alignment_4_4.jpg';'JHAMAB00019-02_68f5589c5c4e7db49fe46b83_0_233_2025-10-23_14-00-12/captures/after_alignment_4_4.jpg';1;'Thu Oct 23, 2025 at 10:05:37';'Thu Oct 23, 2025 at 10:05:37'
'after_alignment_4_5.jpg';'JHAMAB00019-02_68f5589c5c4e7db49fe46b83_0_233_2025-10-23_14-00-12/captures/after_alignment_4_5.jpg';1;'Thu Oct 23, 2025 at 10:05:53';'Thu Oct 23, 2025 at 10:05:53'
'after_alignment_5_5.jpg';'JHAMAB00019-02_68f5589c5c4e7db49fe46b83_0_233_2025-10-23_14-00-12/captures/after_alignment_5_5.jpg';1;'Thu Oct 23, 2025 at 10:06:11';'Thu Oct 23, 2025 at 10:06:11'
'after_alignment_5_4.jpg';'JHAMAB00019-02_68f5589c5c4e7db49fe46b83_0_233_2025-10-23_14-00-12/captures/after_alignment_5_4.jpg';1;'Thu Oct 23, 2025 at 10:06:27';'Thu Oct 23, 2025 at 10:06:27'
'before_alignment_5_2.jpg';'JHAMAB00019-02_68f5589c5c4e7db49fe46b83_0_233_2025-10-23_14-00-12/captures/before_alignment_5_2.jpg';1;'Thu Oct 23, 2025 at 10:07:02';'Thu Oct 23, 2025 at 10:07:02'
'before_alignment_5_1.jpg';'JHAMAB00019-02_68f5589c5c4e7db49fe46b83_0_233_2025-10-23_14-00-12/captures/before_alignment_5_1.jpg';1;'Thu Oct 23, 2025 at 10:07:19';'Thu Oct 23, 2025 at 10:07:19'
'LMI_20251023_JHAMAB00019-02.csv';'JHAMAB00019-02_68f5589c5c4e7db49fe46b83_0_233_2025-10-23_14-00-12/data_files/LMI_20251023_JHAMAB00019-02.csv';1;'Thu Oct 23, 2025 at 10:07:27';'Thu Oct 23, 2025 at 10:07:27'
'after_alignment_1_5.jpg';'JHAMAB00019-03_68f5589c5c4e7db49fe46b84_0_234_2025-10-23_14-13-25/captures/after_alignment_1_5.jpg';1;'Thu Oct 23, 2025 at 10:13:57';'Thu Oct 23, 2025 at 10:13:57'
'after_alignment_1_4.jpg';'JHAMAB00019-03_68f5589c5c4e7db49fe46b84_0_234_2025-10-23_14-13-25/captures/after_alignment_1_4.jpg';1;'Thu Oct 23, 2025 at 10:14:07';'Thu Oct 23, 2025 at 10:14:07'
'after_alignment_1_3.jpg';'JHAMAB00019-03_68f5589c5c4e7db49fe46b84_0_234_2025-10-23_14-13-25/captures/after_alignment_1_3.jpg';1;'Thu Oct 23, 2025 at 10:14:24';'Thu Oct 23, 2025 at 10:14:24'
'after_alignment_1_2.jpg';'JHAMAB00019-03_68f5589c5c4e7db49fe46b84_0_234_2025-10-23_14-13-25/captures/after_alignment_1_2.jpg';1;'Thu Oct 23, 2025 at 10:14:40';'Thu Oct 23, 2025 at 10:14:40'
'after_alignment_1_1.jpg';'JHAMAB00019-03_68f5589c5c4e7db49fe46b84_0_234_2025-10-23_14-13-25/captures/after_alignment_1_1.jpg';1;'Thu Oct 23, 2025 at 10:14:56';'Thu Oct 23, 2025 at 10:14:56'
'after_alignment_2_1.jpg';'JHAMAB00019-03_68f5589c5c4e7db49fe46b84_0_234_2025-10-23_14-13-25/captures/after_alignment_2_1.jpg';1;'Thu Oct 23, 2025 at 10:15:12';'Thu Oct 23, 2025 at 10:15:12'
'after_alignment_2_2.jpg';'JHAMAB00019-03_68f5589c5c4e7db49fe46b84_0_234_2025-10-23_14-13-25/captures/after_alignment_2_2.jpg';1;'Thu Oct 23, 2025 at 10:15:28';'Thu Oct 23, 2025 at 10:15:28'
'after_alignment_2_3.jpg';'JHAMAB00019-03_68f5589c5c4e7db49fe46b84_0_234_2025-10-23_14-13-25/captures/after_alignment_2_3.jpg';1;'Thu Oct 23, 2025 at 10:15:44';'Thu Oct 23, 2025 at 10:15:44'
'after_alignment_2_4.jpg';'JHAMAB00019-03_68f5589c5c4e7db49fe46b84_0_234_2025-10-23_14-13-25/captures/after_alignment_2_4.jpg';1;'Thu Oct 23, 2025 at 10:16:00';'Thu Oct 23, 2025 at 10:16:00'
'after_alignment_2_5.jpg';'JHAMAB00019-03_68f5589c5c4e7db49fe46b84_0_234_2025-10-23_14-13-25/captures/after_alignment_2_5.jpg';1;'Thu Oct 23, 2025 at 10:16:17';'Thu Oct 23, 2025 at 10:16:17'
'after_alignment_3_5.jpg';'JHAMAB00019-03_68f5589c5c4e7db49fe46b84_0_234_2025-10-23_14-13-25/captures/after_alignment_3_5.jpg';1;'Thu Oct 23, 2025 at 10:16:32';'Thu Oct 23, 2025 at 10:16:32'
'after_alignment_3_4.jpg';'JHAMAB00019-03_68f5589c5c4e7db49fe46b84_0_234_2025-10-23_14-13-25/captures/after_alignment_3_4.jpg';1;'Thu Oct 23, 2025 at 10:16:48';'Thu Oct 23, 2025 at 10:16:48'
'after_alignment_3_3.jpg';'JHAMAB00019-03_68f5589c5c4e7db49fe46b84_0_234_2025-10-23_14-13-25/captures/after_alignment_3_3.jpg';1;'Thu Oct 23, 2025 at 10:17:05';'Thu Oct 23, 2025 at 10:17:05'
'after_alignment_3_2.jpg';'JHAMAB00019-03_68f5589c5c4e7db49fe46b84_0_234_2025-10-23_14-13-25/captures/after_alignment_3_2.jpg';1;'Thu Oct 23, 2025 at 10:17:21';'Thu Oct 23, 2025 at 10:17:21'
'after_alignment_3_1.jpg';'JHAMAB00019-03_68f5589c5c4e7db49fe46b84_0_234_2025-10-23_14-13-25/captures/after_alignment_3_1.jpg';1;'Thu Oct 23, 2025 at 10:17:37';'Thu Oct 23, 2025 at 10:17:37'
'after_alignment_4_1.jpg';'JHAMAB00019-03_68f5589c5c4e7db49fe46b84_0_234_2025-10-23_14-13-25/captures/after_alignment_4_1.jpg';1;'Thu Oct 23, 2025 at 10:17:56';'Thu Oct 23, 2025 at 10:17:56'
'after_alignment_4_2.jpg';'JHAMAB00019-03_68f5589c5c4e7db49fe46b84_0_234_2025-10-23_14-13-25/captures/after_alignment_4_2.jpg';1;'Thu Oct 23, 2025 at 10:18:11';'Thu Oct 23, 2025 at 10:18:11'
'after_alignment_4_3.jpg';'JHAMAB00019-03_68f5589c5c4e7db49fe46b84_0_234_2025-10-23_14-13-25/captures/after_alignment_4_3.jpg';1;'Thu Oct 23, 2025 at 10:18:28';'Thu Oct 23, 2025 at 10:18:28'
'after_alignment_4_4.jpg';'JHAMAB00019-03_68f5589c5c4e7db49fe46b84_0_234_2025-10-23_14-13-25/captures/after_alignment_4_4.jpg';1;'Thu Oct 23, 2025 at 10:18:44';'Thu Oct 23, 2025 at 10:18:44'
'after_alignment_4_5.jpg';'JHAMAB00019-03_68f5589c5c4e7db49fe46b84_0_234_2025-10-23_14-13-25/captures/after_alignment_4_5.jpg';1;'Thu Oct 23, 2025 at 10:18:59';'Thu Oct 23, 2025 at 10:18:59'
'after_alignment_5_5.jpg';'JHAMAB00019-03_68f5589c5c4e7db49fe46b84_0_234_2025-10-23_14-13-25/captures/after_alignment_5_5.jpg';1;'Thu Oct 23, 2025 at 10:19:15';'Thu Oct 23, 2025 at 10:19:15'
'after_alignment_5_4.jpg';'JHAMAB00019-03_68f5589c5c4e7db49fe46b84_0_234_2025-10-23_14-13-25/captures/after_alignment_5_4.jpg';1;'Thu Oct 23, 2025 at 10:19:29';'Thu Oct 23, 2025 at 10:19:29'
'after_alignment_5_3.jpg';'JHAMAB00019-03_68f5589c5c4e7db49fe46b84_0_234_2025-10-23_14-13-25/captures/after_alignment_5_3.jpg';1;'Thu Oct 23, 2025 at 10:19:45';'Thu Oct 23, 2025 at 10:19:45'
'after_alignment_5_2.jpg';'JHAMAB00019-03_68f5589c5c4e7db49fe46b84_0_234_2025-10-23_14-13-25/captures/after_alignment_5_2.jpg';1;'Thu Oct 23, 2025 at 10:20:00';'Thu Oct 23, 2025 at 10:20:00'
'after_alignment_5_1.jpg';'JHAMAB00019-03_68f5589c5c4e7db49fe46b84_0_234_2025-10-23_14-13-25/captures/after_alignment_5_1.jpg';1;'Thu Oct 23, 2025 at 10:20:15';'Thu Oct 23, 2025 at 10:20:15'
'before_alignment_1_5.jpg';'JHAMAB00020-01_68f558f43f23e15e4e99bf96_0_235_2025-10-23_14-27-05/captures/before_alignment_1_5.jpg';1;'Thu Oct 23, 2025 at 10:27:32';'Thu Oct 23, 2025 at 10:27:32'
'before_alignment_1_4.jpg';'JHAMAB00020-01_68f558f43f23e15e4e99bf96_0_235_2025-10-23_14-27-05/captures/before_alignment_1_4.jpg';1;'Thu Oct 23, 2025 at 10:27:47';'Thu Oct 23, 2025 at 10:27:47'
'before_alignment_1_3.jpg';'JHAMAB00020-01_68f558f43f23e15e4e99bf96_0_235_2025-10-23_14-27-05/captures/before_alignment_1_3.jpg';1;'Thu Oct 23, 2025 at 10:28:03';'Thu Oct 23, 2025 at 10:28:03'
'before_alignment_1_2.jpg';'JHAMAB00020-01_68f558f43f23e15e4e99bf96_0_235_2025-10-23_14-27-05/captures/before_alignment_1_2.jpg';1;'Thu Oct 23, 2025 at 10:28:11';'Thu Oct 23, 2025 at 10:28:11'
'before_alignment_1_1.jpg';'JHAMAB00020-01_68f558f43f23e15e4e99bf96_0_235_2025-10-23_14-27-05/captures/before_alignment_1_1.jpg';1;'Thu Oct 23, 2025 at 10:28:26';'Thu Oct 23, 2025 at 10:28:26'
'before_alignment_2_1.jpg';'JHAMAB00020-01_68f558f43f23e15e4e99bf96_0_235_2025-10-23_14-27-05/captures/before_alignment_2_1.jpg';1;'Thu Oct 23, 2025 at 10:28:41';'Thu Oct 23, 2025 at 10:28:41'
'before_alignment_2_2.jpg';'JHAMAB00020-01_68f558f43f23e15e4e99bf96_0_235_2025-10-23_14-27-05/captures/before_alignment_2_2.jpg';1;'Thu Oct 23, 2025 at 10:28:56';'Thu Oct 23, 2025 at 10:28:56'
'before_alignment_2_3.jpg';'JHAMAB00020-01_68f558f43f23e15e4e99bf96_0_235_2025-10-23_14-27-05/captures/before_alignment_2_3.jpg';1;'Thu Oct 23, 2025 at 10:29:13';'Thu Oct 23, 2025 at 10:29:13'
'before_alignment_2_4.jpg';'JHAMAB00020-01_68f558f43f23e15e4e99bf96_0_235_2025-10-23_14-27-05/captures/before_alignment_2_4.jpg';1;'Thu Oct 23, 2025 at 10:29:31';'Thu Oct 23, 2025 at 10:29:31'
'before_alignment_2_5.jpg';'JHAMAB00020-01_68f558f43f23e15e4e99bf96_0_235_2025-10-23_14-27-05/captures/before_alignment_2_5.jpg';1;'Thu Oct 23, 2025 at 10:29:47';'Thu Oct 23, 2025 at 10:29:47'
'before_alignment_3_5.jpg';'JHAMAB00020-01_68f558f43f23e15e4e99bf96_0_235_2025-10-23_14-27-05/captures/before_alignment_3_5.jpg';1;'Thu Oct 23, 2025 at 10:30:02';'Thu Oct 23, 2025 at 10:30:02'
'before_alignment_3_4.jpg';'JHAMAB00020-01_68f558f43f23e15e4e99bf96_0_235_2025-10-23_14-27-05/captures/before_alignment_3_4.jpg';1;'Thu Oct 23, 2025 at 10:30:17';'Thu Oct 23, 2025 at 10:30:17'
'before_alignment_3_3.jpg';'JHAMAB00020-01_68f558f43f23e15e4e99bf96_0_235_2025-10-23_14-27-05/captures/before_alignment_3_3.jpg';1;'Thu Oct 23, 2025 at 10:30:32';'Thu Oct 23, 2025 at 10:30:32'
'before_alignment_3_2.jpg';'JHAMAB00020-01_68f558f43f23e15e4e99bf96_0_235_2025-10-23_14-27-05/captures/before_alignment_3_2.jpg';1;'Thu Oct 23, 2025 at 10:30:47';'Thu Oct 23, 2025 at 10:30:47'
'before_alignment_3_1.jpg';'JHAMAB00020-01_68f558f43f23e15e4e99bf96_0_235_2025-10-23_14-27-05/captures/before_alignment_3_1.jpg';1;'Thu Oct 23, 2025 at 10:31:03';'Thu Oct 23, 2025 at 10:31:03'
'before_alignment_4_1.jpg';'JHAMAB00020-01_68f558f43f23e15e4e99bf96_0_235_2025-10-23_14-27-05/captures/before_alignment_4_1.jpg';1;'Thu Oct 23, 2025 at 10:31:18';'Thu Oct 23, 2025 at 10:31:18'
'before_alignment_4_2.jpg';'JHAMAB00020-01_68f558f43f23e15e4e99bf96_0_235_2025-10-23_14-27-05/captures/before_alignment_4_2.jpg';1;'Thu Oct 23, 2025 at 10:31:45';'Thu Oct 23, 2025 at 10:31:45'
'after_alignment_4_3.jpg';'JHAMAB00020-01_68f558f43f23e15e4e99bf96_0_235_2025-10-23_14-27-05/captures/after_alignment_4_3.jpg';1;'Thu Oct 23, 2025 at 10:31:52';'Thu Oct 23, 2025 at 10:31:52'
'after_alignment_4_4.jpg';'JHAMAB00020-01_68f558f43f23e15e4e99bf96_0_235_2025-10-23_14-27-05/captures/after_alignment_4_4.jpg';1;'Thu Oct 23, 2025 at 10:32:07';'Thu Oct 23, 2025 at 10:32:07'
'after_alignment_4_5.jpg';'JHAMAB00020-01_68f558f43f23e15e4e99bf96_0_235_2025-10-23_14-27-05/captures/after_alignment_4_5.jpg';1;'Thu Oct 23, 2025 at 10:32:23';'Thu Oct 23, 2025 at 10:32:23'
'after_alignment_5_5.jpg';'JHAMAB00020-01_68f558f43f23e15e4e99bf96_0_235_2025-10-23_14-27-05/captures/after_alignment_5_5.jpg';1;'Thu Oct 23, 2025 at 10:32:38';'Thu Oct 23, 2025 at 10:32:38'
'after_alignment_5_4.jpg';'JHAMAB00020-01_68f558f43f23e15e4e99bf96_0_235_2025-10-23_14-27-05/captures/after_alignment_5_4.jpg';1;'Thu Oct 23, 2025 at 10:32:54';'Thu Oct 23, 2025 at 10:32:54'
'after_alignment_5_3.jpg';'JHAMAB00020-01_68f558f43f23e15e4e99bf96_0_235_2025-10-23_14-27-05/captures/after_alignment_5_3.jpg';1;'Thu Oct 23, 2025 at 10:33:08';'Thu Oct 23, 2025 at 10:33:08'
'after_alignment_5_2.jpg';'JHAMAB00020-01_68f558f43f23e15e4e99bf96_0_235_2025-10-23_14-27-05/captures/after_alignment_5_2.jpg';1;'Thu Oct 23, 2025 at 10:33:24';'Thu Oct 23, 2025 at 10:33:24'
'after_alignment_5_1.jpg';'JHAMAB00020-01_68f558f43f23e15e4e99bf96_0_235_2025-10-23_14-27-05/captures/after_alignment_5_1.jpg';1;'Thu Oct 23, 2025 at 10:33:39';'Thu Oct 23, 2025 at 10:33:39'
'before_alignment_1_5.jpg';'JHAMAB00020-02_68f558f43f23e15e4e99bf97_0_236_2025-10-23_14-38-20/captures/before_alignment_1_5.jpg';1;'Thu Oct 23, 2025 at 10:38:54';'Thu Oct 23, 2025 at 10:38:54'
'before_alignment_1_4.jpg';'JHAMAB00020-02_68f558f43f23e15e4e99bf97_0_236_2025-10-23_14-38-20/captures/before_alignment_1_4.jpg';1;'Thu Oct 23, 2025 at 10:39:01';'Thu Oct 23, 2025 at 10:39:01'
'before_alignment_1_3.jpg';'JHAMAB00020-02_68f558f43f23e15e4e99bf97_0_236_2025-10-23_14-38-20/captures/before_alignment_1_3.jpg';1;'Thu Oct 23, 2025 at 10:39:16';'Thu Oct 23, 2025 at 10:39:16'
'before_alignment_1_2.jpg';'JHAMAB00020-02_68f558f43f23e15e4e99bf97_0_236_2025-10-23_14-38-20/captures/before_alignment_1_2.jpg';1;'Thu Oct 23, 2025 at 10:39:32';'Thu Oct 23, 2025 at 10:39:32'
'before_alignment_1_1.jpg';'JHAMAB00020-02_68f558f43f23e15e4e99bf97_0_236_2025-10-23_14-38-20/captures/before_alignment_1_1.jpg';1;'Thu Oct 23, 2025 at 10:39:47';'Thu Oct 23, 2025 at 10:39:47'
'before_alignment_2_1.jpg';'JHAMAB00020-02_68f558f43f23e15e4e99bf97_0_236_2025-10-23_14-38-20/captures/before_alignment_2_1.jpg';1;'Thu Oct 23, 2025 at 10:40:02';'Thu Oct 23, 2025 at 10:40:02'
'before_alignment_2_2.jpg';'JHAMAB00020-02_68f558f43f23e15e4e99bf97_0_236_2025-10-23_14-38-20/captures/before_alignment_2_2.jpg';1;'Thu Oct 23, 2025 at 10:40:18';'Thu Oct 23, 2025 at 10:40:18'
'before_alignment_2_3.jpg';'JHAMAB00020-02_68f558f43f23e15e4e99bf97_0_236_2025-10-23_14-38-20/captures/before_alignment_2_3.jpg';1;'Thu Oct 23, 2025 at 10:40:33';'Thu Oct 23, 2025 at 10:40:33'
'before_alignment_2_4.jpg';'JHAMAB00020-02_68f558f43f23e15e4e99bf97_0_236_2025-10-23_14-38-20/captures/before_alignment_2_4.jpg';1;'Thu Oct 23, 2025 at 10:40:48';'Thu Oct 23, 2025 at 10:40:48'
'before_alignment_2_5.jpg';'JHAMAB00020-02_68f558f43f23e15e4e99bf97_0_236_2025-10-23_14-38-20/captures/before_alignment_2_5.jpg';1;'Thu Oct 23, 2025 at 10:41:03';'Thu Oct 23, 2025 at 10:41:03'
'before_alignment_3_5.jpg';'JHAMAB00020-02_68f558f43f23e15e4e99bf97_0_236_2025-10-23_14-38-20/captures/before_alignment_3_5.jpg';1;'Thu Oct 23, 2025 at 10:41:18';'Thu Oct 23, 2025 at 10:41:18'
'before_alignment_3_4.jpg';'JHAMAB00020-02_68f558f43f23e15e4e99bf97_0_236_2025-10-23_14-38-20/captures/before_alignment_3_4.jpg';1;'Thu Oct 23, 2025 at 10:41:34';'Thu Oct 23, 2025 at 10:41:34'
'before_alignment_3_3.jpg';'JHAMAB00020-02_68f558f43f23e15e4e99bf97_0_236_2025-10-23_14-38-20/captures/before_alignment_3_3.jpg';1;'Thu Oct 23, 2025 at 10:41:49';'Thu Oct 23, 2025 at 10:41:49'
'before_alignment_3_2.jpg';'JHAMAB00020-02_68f558f43f23e15e4e99bf97_0_236_2025-10-23_14-38-20/captures/before_alignment_3_2.jpg';1;'Thu Oct 23, 2025 at 10:42:04';'Thu Oct 23, 2025 at 10:42:04'
'before_alignment_3_1.jpg';'JHAMAB00020-02_68f558f43f23e15e4e99bf97_0_236_2025-10-23_14-38-20/captures/before_alignment_3_1.jpg';1;'Thu Oct 23, 2025 at 10:42:20';'Thu Oct 23, 2025 at 10:42:20'
'before_alignment_4_1.jpg';'JHAMAB00020-02_68f558f43f23e15e4e99bf97_0_236_2025-10-23_14-38-20/captures/before_alignment_4_1.jpg';1;'Thu Oct 23, 2025 at 10:42:35';'Thu Oct 23, 2025 at 10:42:35'
'before_alignment_4_2.jpg';'JHAMAB00020-02_68f558f43f23e15e4e99bf97_0_236_2025-10-23_14-38-20/captures/before_alignment_4_2.jpg';1;'Thu Oct 23, 2025 at 10:42:51';'Thu Oct 23, 2025 at 10:42:51'
'before_alignment_4_3.jpg';'JHAMAB00020-02_68f558f43f23e15e4e99bf97_0_236_2025-10-23_14-38-20/captures/before_alignment_4_3.jpg';1;'Thu Oct 23, 2025 at 10:43:07';'Thu Oct 23, 2025 at 10:43:07'
'before_alignment_4_4.jpg';'JHAMAB00020-02_68f558f43f23e15e4e99bf97_0_236_2025-10-23_14-38-20/captures/before_alignment_4_4.jpg';1;'Thu Oct 23, 2025 at 10:43:34';'Thu Oct 23, 2025 at 10:43:34'
'after_alignment_4_5.jpg';'JHAMAB00020-02_68f558f43f23e15e4e99bf97_0_236_2025-10-23_14-38-20/captures/after_alignment_4_5.jpg';1;'Thu Oct 23, 2025 at 10:43:41';'Thu Oct 23, 2025 at 10:43:41'
'after_alignment_5_5.jpg';'JHAMAB00020-02_68f558f43f23e15e4e99bf97_0_236_2025-10-23_14-38-20/captures/after_alignment_5_5.jpg';1;'Thu Oct 23, 2025 at 10:43:57';'Thu Oct 23, 2025 at 10:43:57'
'after_alignment_5_4.jpg';'JHAMAB00020-02_68f558f43f23e15e4e99bf97_0_236_2025-10-23_14-38-20/captures/after_alignment_5_4.jpg';1;'Thu Oct 23, 2025 at 10:44:13';'Thu Oct 23, 2025 at 10:44:13'
'after_alignment_5_3.jpg';'JHAMAB00020-02_68f558f43f23e15e4e99bf97_0_236_2025-10-23_14-38-20/captures/after_alignment_5_3.jpg';1;'Thu Oct 23, 2025 at 10:44:21';'Thu Oct 23, 2025 at 10:44:21'
'after_alignment_5_2.jpg';'JHAMAB00020-02_68f558f43f23e15e4e99bf97_0_236_2025-10-23_14-38-20/captures/after_alignment_5_2.jpg';1;'Thu Oct 23, 2025 at 10:44:37';'Thu Oct 23, 2025 at 10:44:37'
'after_alignment_5_1.jpg';'JHAMAB00020-02_68f558f43f23e15e4e99bf97_0_236_2025-10-23_14-38-20/captures/after_alignment_5_1.jpg';1;'Thu Oct 23, 2025 at 10:44:52';'Thu Oct 23, 2025 at 10:44:52'
'before_alignment_1_5.jpg';'JHAMAB00020-03_68f558f43f23e15e4e99bf98_0_237_2025-10-23_14-49-32/captures/before_alignment_1_5.jpg';1;'Thu Oct 23, 2025 at 10:50:07';'Thu Oct 23, 2025 at 10:50:07'
'before_alignment_1_4.jpg';'JHAMAB00020-03_68f558f43f23e15e4e99bf98_0_237_2025-10-23_14-49-32/captures/before_alignment_1_4.jpg';1;'Thu Oct 23, 2025 at 10:50:07';'Thu Oct 23, 2025 at 10:50:07'
'before_alignment_1_3.jpg';'JHAMAB00020-03_68f558f43f23e15e4e99bf98_0_237_2025-10-23_14-49-32/captures/before_alignment_1_3.jpg';1;'Thu Oct 23, 2025 at 10:50:22';'Thu Oct 23, 2025 at 10:50:22'
'before_alignment_1_2.jpg';'JHAMAB00020-03_68f558f43f23e15e4e99bf98_0_237_2025-10-23_14-49-32/captures/before_alignment_1_2.jpg';1;'Thu Oct 23, 2025 at 10:50:37';'Thu Oct 23, 2025 at 10:50:37'
'before_alignment_1_1.jpg';'JHAMAB00020-03_68f558f43f23e15e4e99bf98_0_237_2025-10-23_14-49-32/captures/before_alignment_1_1.jpg';1;'Thu Oct 23, 2025 at 10:50:52';'Thu Oct 23, 2025 at 10:50:52'
'before_alignment_2_1.jpg';'JHAMAB00020-03_68f558f43f23e15e4e99bf98_0_237_2025-10-23_14-49-32/captures/before_alignment_2_1.jpg';1;'Thu Oct 23, 2025 at 10:51:07';'Thu Oct 23, 2025 at 10:51:07'
'before_alignment_2_2.jpg';'JHAMAB00020-03_68f558f43f23e15e4e99bf98_0_237_2025-10-23_14-49-32/captures/before_alignment_2_2.jpg';1;'Thu Oct 23, 2025 at 10:51:22';'Thu Oct 23, 2025 at 10:51:22'
'before_alignment_2_3.jpg';'JHAMAB00020-03_68f558f43f23e15e4e99bf98_0_237_2025-10-23_14-49-32/captures/before_alignment_2_3.jpg';1;'Thu Oct 23, 2025 at 10:51:38';'Thu Oct 23, 2025 at 10:51:38'
'before_alignment_2_4.jpg';'JHAMAB00020-03_68f558f43f23e15e4e99bf98_0_237_2025-10-23_14-49-32/captures/before_alignment_2_4.jpg';1;'Thu Oct 23, 2025 at 10:51:53';'Thu Oct 23, 2025 at 10:51:53'
'before_alignment_2_5.jpg';'JHAMAB00020-03_68f558f43f23e15e4e99bf98_0_237_2025-10-23_14-49-32/captures/before_alignment_2_5.jpg';1;'Thu Oct 23, 2025 at 10:52:09';'Thu Oct 23, 2025 at 10:52:09'
'before_alignment_3_5.jpg';'JHAMAB00020-03_68f558f43f23e15e4e99bf98_0_237_2025-10-23_14-49-32/captures/before_alignment_3_5.jpg';1;'Thu Oct 23, 2025 at 10:52:24';'Thu Oct 23, 2025 at 10:52:24'
'before_alignment_3_4.jpg';'JHAMAB00020-03_68f558f43f23e15e4e99bf98_0_237_2025-10-23_14-49-32/captures/before_alignment_3_4.jpg';1;'Thu Oct 23, 2025 at 10:52:39';'Thu Oct 23, 2025 at 10:52:39'
'before_alignment_3_3.jpg';'JHAMAB00020-03_68f558f43f23e15e4e99bf98_0_237_2025-10-23_14-49-32/captures/before_alignment_3_3.jpg';1;'Thu Oct 23, 2025 at 10:52:46';'Thu Oct 23, 2025 at 10:52:46'
'before_alignment_3_2.jpg';'JHAMAB00020-03_68f558f43f23e15e4e99bf98_0_237_2025-10-23_14-49-32/captures/before_alignment_3_2.jpg';1;'Thu Oct 23, 2025 at 10:53:02';'Thu Oct 23, 2025 at 10:53:02'
'before_alignment_3_1.jpg';'JHAMAB00020-03_68f558f43f23e15e4e99bf98_0_237_2025-10-23_14-49-32/captures/before_alignment_3_1.jpg';1;'Thu Oct 23, 2025 at 10:53:17';'Thu Oct 23, 2025 at 10:53:17'
'before_alignment_4_1.jpg';'JHAMAB00020-03_68f558f43f23e15e4e99bf98_0_237_2025-10-23_14-49-32/captures/before_alignment_4_1.jpg';1;'Thu Oct 23, 2025 at 10:53:32';'Thu Oct 23, 2025 at 10:53:32'
'before_alignment_4_2.jpg';'JHAMAB00020-03_68f558f43f23e15e4e99bf98_0_237_2025-10-23_14-49-32/captures/before_alignment_4_2.jpg';1;'Thu Oct 23, 2025 at 10:53:47';'Thu Oct 23, 2025 at 10:53:47'
'before_alignment_4_3.jpg';'JHAMAB00020-03_68f558f43f23e15e4e99bf98_0_237_2025-10-23_14-49-32/captures/before_alignment_4_3.jpg';1;'Thu Oct 23, 2025 at 10:53:55';'Thu Oct 23, 2025 at 10:53:55'
'before_alignment_4_4.jpg';'JHAMAB00020-03_68f558f43f23e15e4e99bf98_0_237_2025-10-23_14-49-32/captures/before_alignment_4_4.jpg';1;'Thu Oct 23, 2025 at 10:54:10';'Thu Oct 23, 2025 at 10:54:10'
'before_alignment_4_5.jpg';'JHAMAB00020-03_68f558f43f23e15e4e99bf98_0_237_2025-10-23_14-49-32/captures/before_alignment_4_5.jpg';1;'Thu Oct 23, 2025 at 10:54:25';'Thu Oct 23, 2025 at 10:54:25'
'before_alignment_5_5.jpg';'JHAMAB00020-03_68f558f43f23e15e4e99bf98_0_237_2025-10-23_14-49-32/captures/before_alignment_5_5.jpg';1;'Thu Oct 23, 2025 at 10:54:41';'Thu Oct 23, 2025 at 10:54:41'
'before_alignment_5_4.jpg';'JHAMAB00020-03_68f558f43f23e15e4e99bf98_0_237_2025-10-23_14-49-32/captures/before_alignment_5_4.jpg';1;'Thu Oct 23, 2025 at 10:54:49';'Thu Oct 23, 2025 at 10:54:49'
'before_alignment_5_3.jpg';'JHAMAB00020-03_68f558f43f23e15e4e99bf98_0_237_2025-10-23_14-49-32/captures/before_alignment_5_3.jpg';1;'Thu Oct 23, 2025 at 10:55:04';'Thu Oct 23, 2025 at 10:55:04'
'before_alignment_5_2.jpg';'JHAMAB00020-03_68f558f43f23e15e4e99bf98_0_237_2025-10-23_14-49-32/captures/before_alignment_5_2.jpg';1;'Thu Oct 23, 2025 at 10:55:20';'Thu Oct 23, 2025 at 10:55:20'
'before_alignment_5_1.jpg';'JHAMAB00020-03_68f558f43f23e15e4e99bf98_0_237_2025-10-23_14-49-32/captures/before_alignment_5_1.jpg';1;'Thu Oct 23, 2025 at 10:55:35';'Thu Oct 23, 2025 at 10:55:35'
'LMI_20251023_JHAMAB00020-03.csv';'JHAMAB00020-03_68f558f43f23e15e4e99bf98_0_237_2025-10-23_14-49-32/data_files/LMI_20251023_JHAMAB00020-03.csv';1;'Thu Oct 23, 2025 at 10:55:42';'Thu Oct 23, 2025 at 10:55:42'
'before_alignment_1_5.jpg';'JHAMAB00021-01_68f5592a3f23e15e4e99bfb1_0_238_2025-10-23_15-02-25/captures/before_alignment_1_5.jpg';1;'Thu Oct 23, 2025 at 11:02:54';'Thu Oct 23, 2025 at 11:02:54'
'before_alignment_1_4.jpg';'JHAMAB00021-01_68f5592a3f23e15e4e99bfb1_0_238_2025-10-23_15-02-25/captures/before_alignment_1_4.jpg';1;'Thu Oct 23, 2025 at 11:03:06';'Thu Oct 23, 2025 at 11:03:06'
'before_alignment_1_3.jpg';'JHAMAB00021-01_68f5592a3f23e15e4e99bfb1_0_238_2025-10-23_15-02-25/captures/before_alignment_1_3.jpg';1;'Thu Oct 23, 2025 at 11:03:21';'Thu Oct 23, 2025 at 11:03:21'
'before_alignment_1_2.jpg';'JHAMAB00021-01_68f5592a3f23e15e4e99bfb1_0_238_2025-10-23_15-02-25/captures/before_alignment_1_2.jpg';1;'Thu Oct 23, 2025 at 11:03:38';'Thu Oct 23, 2025 at 11:03:38'
'before_alignment_1_1.jpg';'JHAMAB00021-01_68f5592a3f23e15e4e99bfb1_0_238_2025-10-23_15-02-25/captures/before_alignment_1_1.jpg';1;'Thu Oct 23, 2025 at 11:03:52';'Thu Oct 23, 2025 at 11:03:52'
'before_alignment_2_1.jpg';'JHAMAB00021-01_68f5592a3f23e15e4e99bfb1_0_238_2025-10-23_15-02-25/captures/before_alignment_2_1.jpg';1;'Thu Oct 23, 2025 at 11:04:08';'Thu Oct 23, 2025 at 11:04:08'
'before_alignment_2_2.jpg';'JHAMAB00021-01_68f5592a3f23e15e4e99bfb1_0_238_2025-10-23_15-02-25/captures/before_alignment_2_2.jpg';1;'Thu Oct 23, 2025 at 11:04:22';'Thu Oct 23, 2025 at 11:04:22'
'before_alignment_2_3.jpg';'JHAMAB00021-01_68f5592a3f23e15e4e99bfb1_0_238_2025-10-23_15-02-25/captures/before_alignment_2_3.jpg';1;'Thu Oct 23, 2025 at 11:04:39';'Thu Oct 23, 2025 at 11:04:39'
'before_alignment_2_4.jpg';'JHAMAB00021-01_68f5592a3f23e15e4e99bfb1_0_238_2025-10-23_15-02-25/captures/before_alignment_2_4.jpg';1;'Thu Oct 23, 2025 at 11:04:54';'Thu Oct 23, 2025 at 11:04:54'
'before_alignment_2_5.jpg';'JHAMAB00021-01_68f5592a3f23e15e4e99bfb1_0_238_2025-10-23_15-02-25/captures/before_alignment_2_5.jpg';1;'Thu Oct 23, 2025 at 11:05:10';'Thu Oct 23, 2025 at 11:05:10'
'before_alignment_3_5.jpg';'JHAMAB00021-01_68f5592a3f23e15e4e99bfb1_0_238_2025-10-23_15-02-25/captures/before_alignment_3_5.jpg';1;'Thu Oct 23, 2025 at 11:05:25';'Thu Oct 23, 2025 at 11:05:25'
'before_alignment_3_4.jpg';'JHAMAB00021-01_68f5592a3f23e15e4e99bfb1_0_238_2025-10-23_15-02-25/captures/before_alignment_3_4.jpg';1;'Thu Oct 23, 2025 at 11:05:40';'Thu Oct 23, 2025 at 11:05:40'
'before_alignment_3_3.jpg';'JHAMAB00021-01_68f5592a3f23e15e4e99bfb1_0_238_2025-10-23_15-02-25/captures/before_alignment_3_3.jpg';1;'Thu Oct 23, 2025 at 11:05:56';'Thu Oct 23, 2025 at 11:05:56'
'before_alignment_3_2.jpg';'JHAMAB00021-01_68f5592a3f23e15e4e99bfb1_0_238_2025-10-23_15-02-25/captures/before_alignment_3_2.jpg';1;'Thu Oct 23, 2025 at 11:06:11';'Thu Oct 23, 2025 at 11:06:11'
'before_alignment_3_1.jpg';'JHAMAB00021-01_68f5592a3f23e15e4e99bfb1_0_238_2025-10-23_15-02-25/captures/before_alignment_3_1.jpg';1;'Thu Oct 23, 2025 at 11:06:27';'Thu Oct 23, 2025 at 11:06:27'
'before_alignment_4_1.jpg';'JHAMAB00021-01_68f5592a3f23e15e4e99bfb1_0_238_2025-10-23_15-02-25/captures/before_alignment_4_1.jpg';1;'Thu Oct 23, 2025 at 11:06:42';'Thu Oct 23, 2025 at 11:06:42'
'before_alignment_4_2.jpg';'JHAMAB00021-01_68f5592a3f23e15e4e99bfb1_0_238_2025-10-23_15-02-25/captures/before_alignment_4_2.jpg';1;'Thu Oct 23, 2025 at 11:06:57';'Thu Oct 23, 2025 at 11:06:57'
'before_alignment_4_3.jpg';'JHAMAB00021-01_68f5592a3f23e15e4e99bfb1_0_238_2025-10-23_15-02-25/captures/before_alignment_4_3.jpg';1;'Thu Oct 23, 2025 at 11:07:12';'Thu Oct 23, 2025 at 11:07:12'
'before_alignment_4_4.jpg';'JHAMAB00021-01_68f5592a3f23e15e4e99bfb1_0_238_2025-10-23_15-02-25/captures/before_alignment_4_4.jpg';1;'Thu Oct 23, 2025 at 11:07:28';'Thu Oct 23, 2025 at 11:07:28'
'before_alignment_4_5.jpg';'JHAMAB00021-01_68f5592a3f23e15e4e99bfb1_0_238_2025-10-23_15-02-25/captures/before_alignment_4_5.jpg';1;'Thu Oct 23, 2025 at 11:07:44';'Thu Oct 23, 2025 at 11:07:44'
'before_alignment_5_5.jpg';'JHAMAB00021-01_68f5592a3f23e15e4e99bfb1_0_238_2025-10-23_15-02-25/captures/before_alignment_5_5.jpg';1;'Thu Oct 23, 2025 at 11:08:00';'Thu Oct 23, 2025 at 11:08:00'
'before_alignment_5_4.jpg';'JHAMAB00021-01_68f5592a3f23e15e4e99bfb1_0_238_2025-10-23_15-02-25/captures/before_alignment_5_4.jpg';1;'Thu Oct 23, 2025 at 11:08:14';'Thu Oct 23, 2025 at 11:08:14'
'before_alignment_5_3.jpg';'JHAMAB00021-01_68f5592a3f23e15e4e99bfb1_0_238_2025-10-23_15-02-25/captures/before_alignment_5_3.jpg';1;'Thu Oct 23, 2025 at 11:08:30';'Thu Oct 23, 2025 at 11:08:30'
'before_alignment_5_2.jpg';'JHAMAB00021-01_68f5592a3f23e15e4e99bfb1_0_238_2025-10-23_15-02-25/captures/before_alignment_5_2.jpg';1;'Thu Oct 23, 2025 at 11:08:45';'Thu Oct 23, 2025 at 11:08:45'
'before_alignment_5_1.jpg';'JHAMAB00021-01_68f5592a3f23e15e4e99bfb1_0_238_2025-10-23_15-02-25/captures/before_alignment_5_1.jpg';1;'Thu Oct 23, 2025 at 11:09:01';'Thu Oct 23, 2025 at 11:09:01'
'LMI_20251023_JHAMAB00021-01.csv';'JHAMAB00021-01_68f5592a3f23e15e4e99bfb1_0_238_2025-10-23_15-02-25/data_files/LMI_20251023_JHAMAB00021-01.csv';1;'Thu Oct 23, 2025 at 11:09:08';'Thu Oct 23, 2025 at 11:09:08'
'before_alignment_1_4.jpg';'JHAMAB00021-02_68f5592a3f23e15e4e99bfb2_0_239_2025-10-23_15-14-55/captures/before_alignment_1_4.jpg';1;'Thu Oct 23, 2025 at 11:15:51';'Thu Oct 23, 2025 at 11:15:51'
'before_alignment_1_2.jpg';'JHAMAB00021-02_68f5592a3f23e15e4e99bfb2_0_239_2025-10-23_15-14-55/captures/before_alignment_1_2.jpg';1;'Thu Oct 23, 2025 at 11:16:30';'Thu Oct 23, 2025 at 11:16:30'
'before_alignment_2_1.jpg';'JHAMAB00021-02_68f5592a3f23e15e4e99bfb2_0_239_2025-10-23_15-14-55/captures/before_alignment_2_1.jpg';1;'Thu Oct 23, 2025 at 11:16:57';'Thu Oct 23, 2025 at 11:16:57'
'before_alignment_2_2.jpg';'JHAMAB00021-02_68f5592a3f23e15e4e99bfb2_0_239_2025-10-23_15-14-55/captures/before_alignment_2_2.jpg';1;'Thu Oct 23, 2025 at 11:17:24';'Thu Oct 23, 2025 at 11:17:24'
'before_alignment_2_4.jpg';'JHAMAB00021-02_68f5592a3f23e15e4e99bfb2_0_239_2025-10-23_15-14-55/captures/before_alignment_2_4.jpg';1;'Thu Oct 23, 2025 at 11:18:03';'Thu Oct 23, 2025 at 11:18:03'
'before_alignment_3_5.jpg';'JHAMAB00021-02_68f5592a3f23e15e4e99bfb2_0_239_2025-10-23_15-14-55/captures/before_alignment_3_5.jpg';1;'Thu Oct 23, 2025 at 11:18:41';'Thu Oct 23, 2025 at 11:18:41'
'before_alignment_3_3.jpg';'JHAMAB00021-02_68f5592a3f23e15e4e99bfb2_0_239_2025-10-23_15-14-55/captures/before_alignment_3_3.jpg';1;'Thu Oct 23, 2025 at 11:19:19';'Thu Oct 23, 2025 at 11:19:19'
'before_alignment_3_1.jpg';'JHAMAB00021-02_68f5592a3f23e15e4e99bfb2_0_239_2025-10-23_15-14-55/captures/before_alignment_3_1.jpg';1;'Thu Oct 23, 2025 at 11:19:58';'Thu Oct 23, 2025 at 11:19:58'
'before_alignment_4_2.jpg';'JHAMAB00021-02_68f5592a3f23e15e4e99bfb2_0_239_2025-10-23_15-14-55/captures/before_alignment_4_2.jpg';1;'Thu Oct 23, 2025 at 11:20:36';'Thu Oct 23, 2025 at 11:20:36'
'before_alignment_4_4.jpg';'JHAMAB00021-02_68f5592a3f23e15e4e99bfb2_0_239_2025-10-23_15-14-55/captures/before_alignment_4_4.jpg';1;'Thu Oct 23, 2025 at 11:21:14';'Thu Oct 23, 2025 at 11:21:14'
'before_alignment_5_5.jpg';'JHAMAB00021-02_68f5592a3f23e15e4e99bfb2_0_239_2025-10-23_15-14-55/captures/before_alignment_5_5.jpg';1;'Thu Oct 23, 2025 at 11:21:53';'Thu Oct 23, 2025 at 11:21:53'
'before_alignment_5_3.jpg';'JHAMAB00021-02_68f5592a3f23e15e4e99bfb2_0_239_2025-10-23_15-14-55/captures/before_alignment_5_3.jpg';1;'Thu Oct 23, 2025 at 11:22:31';'Thu Oct 23, 2025 at 11:22:31'
'before_alignment_5_1.jpg';'JHAMAB00021-02_68f5592a3f23e15e4e99bfb2_0_239_2025-10-23_15-14-55/captures/before_alignment_5_1.jpg';1;'Thu Oct 23, 2025 at 11:23:10';'Thu Oct 23, 2025 at 11:23:10'
'before_alignment_1_5.jpg';'JHAMAB00021-02_68f5592a3f23e15e4e99bfb2_0_241_2025-10-23_15-32-45/captures/before_alignment_1_5.jpg';1;'Thu Oct 23, 2025 at 11:33:40';'Thu Oct 23, 2025 at 11:33:40'
'before_alignment_1_4.jpg';'JHAMAB00021-02_68f5592a3f23e15e4e99bfb2_0_241_2025-10-23_15-32-45/captures/before_alignment_1_4.jpg';1;'Thu Oct 23, 2025 at 11:33:40';'Thu Oct 23, 2025 at 11:33:40'
'before_alignment_1_3.jpg';'JHAMAB00021-02_68f5592a3f23e15e4e99bfb2_0_241_2025-10-23_15-32-45/captures/before_alignment_1_3.jpg';1;'Thu Oct 23, 2025 at 11:33:45';'Thu Oct 23, 2025 at 11:33:45'
'before_alignment_1_2.jpg';'JHAMAB00021-02_68f5592a3f23e15e4e99bfb2_0_241_2025-10-23_15-32-45/captures/before_alignment_1_2.jpg';1;'Thu Oct 23, 2025 at 11:34:00';'Thu Oct 23, 2025 at 11:34:00'
'before_alignment_1_1.jpg';'JHAMAB00021-02_68f5592a3f23e15e4e99bfb2_0_241_2025-10-23_15-32-45/captures/before_alignment_1_1.jpg';1;'Thu Oct 23, 2025 at 11:34:15';'Thu Oct 23, 2025 at 11:34:15'
'before_alignment_2_1.jpg';'JHAMAB00021-02_68f5592a3f23e15e4e99bfb2_0_241_2025-10-23_15-32-45/captures/before_alignment_2_1.jpg';1;'Thu Oct 23, 2025 at 11:34:34';'Thu Oct 23, 2025 at 11:34:34'
'before_alignment_2_2.jpg';'JHAMAB00021-02_68f5592a3f23e15e4e99bfb2_0_241_2025-10-23_15-32-45/captures/before_alignment_2_2.jpg';1;'Thu Oct 23, 2025 at 11:34:49';'Thu Oct 23, 2025 at 11:34:49'
'before_alignment_2_3.jpg';'JHAMAB00021-02_68f5592a3f23e15e4e99bfb2_0_241_2025-10-23_15-32-45/captures/before_alignment_2_3.jpg';1;'Thu Oct 23, 2025 at 11:35:04';'Thu Oct 23, 2025 at 11:35:04'
'before_alignment_2_4.jpg';'JHAMAB00021-02_68f5592a3f23e15e4e99bfb2_0_241_2025-10-23_15-32-45/captures/before_alignment_2_4.jpg';1;'Thu Oct 23, 2025 at 11:35:31';'Thu Oct 23, 2025 at 11:35:31'
'after_alignment_2_5.jpg';'JHAMAB00021-02_68f5592a3f23e15e4e99bfb2_0_241_2025-10-23_15-32-45/captures/after_alignment_2_5.jpg';1;'Thu Oct 23, 2025 at 11:35:39';'Thu Oct 23, 2025 at 11:35:39'
'after_alignment_3_5.jpg';'JHAMAB00021-02_68f5592a3f23e15e4e99bfb2_0_241_2025-10-23_15-32-45/captures/after_alignment_3_5.jpg';1;'Thu Oct 23, 2025 at 11:35:54';'Thu Oct 23, 2025 at 11:35:54'
'after_alignment_3_4.jpg';'JHAMAB00021-02_68f5592a3f23e15e4e99bfb2_0_241_2025-10-23_15-32-45/captures/after_alignment_3_4.jpg';1;'Thu Oct 23, 2025 at 11:36:09';'Thu Oct 23, 2025 at 11:36:09'
'after_alignment_3_3.jpg';'JHAMAB00021-02_68f5592a3f23e15e4e99bfb2_0_241_2025-10-23_15-32-45/captures/after_alignment_3_3.jpg';1;'Thu Oct 23, 2025 at 11:36:24';'Thu Oct 23, 2025 at 11:36:24'
'after_alignment_3_2.jpg';'JHAMAB00021-02_68f5592a3f23e15e4e99bfb2_0_241_2025-10-23_15-32-45/captures/after_alignment_3_2.jpg';1;'Thu Oct 23, 2025 at 11:36:39';'Thu Oct 23, 2025 at 11:36:39'
'after_alignment_3_1.jpg';'JHAMAB00021-02_68f5592a3f23e15e4e99bfb2_0_241_2025-10-23_15-32-45/captures/after_alignment_3_1.jpg';1;'Thu Oct 23, 2025 at 11:36:54';'Thu Oct 23, 2025 at 11:36:54'
'after_alignment_4_1.jpg';'JHAMAB00021-02_68f5592a3f23e15e4e99bfb2_0_241_2025-10-23_15-32-45/captures/after_alignment_4_1.jpg';1;'Thu Oct 23, 2025 at 11:37:10';'Thu Oct 23, 2025 at 11:37:10'
'after_alignment_4_2.jpg';'JHAMAB00021-02_68f5592a3f23e15e4e99bfb2_0_241_2025-10-23_15-32-45/captures/after_alignment_4_2.jpg';1;'Thu Oct 23, 2025 at 11:37:24';'Thu Oct 23, 2025 at 11:37:24'
'after_alignment_4_3.jpg';'JHAMAB00021-02_68f5592a3f23e15e4e99bfb2_0_241_2025-10-23_15-32-45/captures/after_alignment_4_3.jpg';1;'Thu Oct 23, 2025 at 11:37:40';'Thu Oct 23, 2025 at 11:37:40'
'after_alignment_4_4.jpg';'JHAMAB00021-02_68f5592a3f23e15e4e99bfb2_0_241_2025-10-23_15-32-45/captures/after_alignment_4_4.jpg';1;'Thu Oct 23, 2025 at 11:37:55';'Thu Oct 23, 2025 at 11:37:55'
'after_alignment_4_5.jpg';'JHAMAB00021-02_68f5592a3f23e15e4e99bfb2_0_241_2025-10-23_15-32-45/captures/after_alignment_4_5.jpg';1;'Thu Oct 23, 2025 at 11:38:10';'Thu Oct 23, 2025 at 11:38:10'
'after_alignment_5_5.jpg';'JHAMAB00021-02_68f5592a3f23e15e4e99bfb2_0_241_2025-10-23_15-32-45/captures/after_alignment_5_5.jpg';1;'Thu Oct 23, 2025 at 11:38:25';'Thu Oct 23, 2025 at 11:38:25'
'after_alignment_5_4.jpg';'JHAMAB00021-02_68f5592a3f23e15e4e99bfb2_0_241_2025-10-23_15-32-45/captures/after_alignment_5_4.jpg';1;'Thu Oct 23, 2025 at 11:38:41';'Thu Oct 23, 2025 at 11:38:41'
'after_alignment_5_3.jpg';'JHAMAB00021-02_68f5592a3f23e15e4e99bfb2_0_241_2025-10-23_15-32-45/captures/after_alignment_5_3.jpg';1;'Thu Oct 23, 2025 at 11:38:56';'Thu Oct 23, 2025 at 11:38:56'
'after_alignment_5_2.jpg';'JHAMAB00021-02_68f5592a3f23e15e4e99bfb2_0_241_2025-10-23_15-32-45/captures/after_alignment_5_2.jpg';1;'Thu Oct 23, 2025 at 11:39:11';'Thu Oct 23, 2025 at 11:39:11'
'after_alignment_5_1.jpg';'JHAMAB00021-02_68f5592a3f23e15e4e99bfb2_0_241_2025-10-23_15-32-45/captures/after_alignment_5_1.jpg';1;'Thu Oct 23, 2025 at 11:39:27';'Thu Oct 23, 2025 at 11:39:27'
'before_alignment_1_5.jpg';'JHAMAB00019-04_68f5589c5c4e7db49fe46b85_0_242_2025-10-23_15-48-40/captures/before_alignment_1_5.jpg';1;'Thu Oct 23, 2025 at 11:49:07';'Thu Oct 23, 2025 at 11:49:07'
'before_alignment_1_4.jpg';'JHAMAB00019-04_68f5589c5c4e7db49fe46b85_0_242_2025-10-23_15-48-40/captures/before_alignment_1_4.jpg';1;'Thu Oct 23, 2025 at 11:49:21';'Thu Oct 23, 2025 at 11:49:21'
'before_alignment_1_3.jpg';'JHAMAB00019-04_68f5589c5c4e7db49fe46b85_0_242_2025-10-23_15-48-40/captures/before_alignment_1_3.jpg';1;'Thu Oct 23, 2025 at 11:49:36';'Thu Oct 23, 2025 at 11:49:36'
'before_alignment_1_2.jpg';'JHAMAB00019-04_68f5589c5c4e7db49fe46b85_0_242_2025-10-23_15-48-40/captures/before_alignment_1_2.jpg';1;'Thu Oct 23, 2025 at 11:49:53';'Thu Oct 23, 2025 at 11:49:53'
'before_alignment_1_1.jpg';'JHAMAB00019-04_68f5589c5c4e7db49fe46b85_0_242_2025-10-23_15-48-40/captures/before_alignment_1_1.jpg';1;'Thu Oct 23, 2025 at 11:50:08';'Thu Oct 23, 2025 at 11:50:08'
'before_alignment_2_1.jpg';'JHAMAB00019-04_68f5589c5c4e7db49fe46b85_0_242_2025-10-23_15-48-40/captures/before_alignment_2_1.jpg';1;'Thu Oct 23, 2025 at 11:50:24';'Thu Oct 23, 2025 at 11:50:24'
'before_alignment_2_2.jpg';'JHAMAB00019-04_68f5589c5c4e7db49fe46b85_0_242_2025-10-23_15-48-40/captures/before_alignment_2_2.jpg';1;'Thu Oct 23, 2025 at 11:50:39';'Thu Oct 23, 2025 at 11:50:39'
'before_alignment_2_3.jpg';'JHAMAB00019-04_68f5589c5c4e7db49fe46b85_0_242_2025-10-23_15-48-40/captures/before_alignment_2_3.jpg';1;'Thu Oct 23, 2025 at 11:50:54';'Thu Oct 23, 2025 at 11:50:54'
'before_alignment_2_4.jpg';'JHAMAB00019-04_68f5589c5c4e7db49fe46b85_0_242_2025-10-23_15-48-40/captures/before_alignment_2_4.jpg';1;'Thu Oct 23, 2025 at 11:51:10';'Thu Oct 23, 2025 at 11:51:10'
'before_alignment_2_5.jpg';'JHAMAB00019-04_68f5589c5c4e7db49fe46b85_0_242_2025-10-23_15-48-40/captures/before_alignment_2_5.jpg';1;'Thu Oct 23, 2025 at 11:51:25';'Thu Oct 23, 2025 at 11:51:25'
'before_alignment_3_5.jpg';'JHAMAB00019-04_68f5589c5c4e7db49fe46b85_0_242_2025-10-23_15-48-40/captures/before_alignment_3_5.jpg';1;'Thu Oct 23, 2025 at 11:51:40';'Thu Oct 23, 2025 at 11:51:40'
'before_alignment_3_4.jpg';'JHAMAB00019-04_68f5589c5c4e7db49fe46b85_0_242_2025-10-23_15-48-40/captures/before_alignment_3_4.jpg';1;'Thu Oct 23, 2025 at 11:51:56';'Thu Oct 23, 2025 at 11:51:56'
'before_alignment_3_3.jpg';'JHAMAB00019-04_68f5589c5c4e7db49fe46b85_0_242_2025-10-23_15-48-40/captures/before_alignment_3_3.jpg';1;'Thu Oct 23, 2025 at 11:52:12';'Thu Oct 23, 2025 at 11:52:12'
'before_alignment_3_2.jpg';'JHAMAB00019-04_68f5589c5c4e7db49fe46b85_0_242_2025-10-23_15-48-40/captures/before_alignment_3_2.jpg';1;'Thu Oct 23, 2025 at 11:52:26';'Thu Oct 23, 2025 at 11:52:26'
'before_alignment_3_1.jpg';'JHAMAB00019-04_68f5589c5c4e7db49fe46b85_0_242_2025-10-23_15-48-40/captures/before_alignment_3_1.jpg';1;'Thu Oct 23, 2025 at 11:52:42';'Thu Oct 23, 2025 at 11:52:42'
'before_alignment_4_1.jpg';'JHAMAB00019-04_68f5589c5c4e7db49fe46b85_0_242_2025-10-23_15-48-40/captures/before_alignment_4_1.jpg';1;'Thu Oct 23, 2025 at 11:53:10';'Thu Oct 23, 2025 at 11:53:10'
'after_alignment_4_2.jpg';'JHAMAB00019-04_68f5589c5c4e7db49fe46b85_0_242_2025-10-23_15-48-40/captures/after_alignment_4_2.jpg';1;'Thu Oct 23, 2025 at 11:53:18';'Thu Oct 23, 2025 at 11:53:18'
'after_alignment_4_3.jpg';'JHAMAB00019-04_68f5589c5c4e7db49fe46b85_0_242_2025-10-23_15-48-40/captures/after_alignment_4_3.jpg';1;'Thu Oct 23, 2025 at 11:53:33';'Thu Oct 23, 2025 at 11:53:33'
'after_alignment_4_4.jpg';'JHAMAB00019-04_68f5589c5c4e7db49fe46b85_0_242_2025-10-23_15-48-40/captures/after_alignment_4_4.jpg';1;'Thu Oct 23, 2025 at 11:53:48';'Thu Oct 23, 2025 at 11:53:48'
'after_alignment_4_5.jpg';'JHAMAB00019-04_68f5589c5c4e7db49fe46b85_0_242_2025-10-23_15-48-40/captures/after_alignment_4_5.jpg';1;'Thu Oct 23, 2025 at 11:54:05';'Thu Oct 23, 2025 at 11:54:05'
'after_alignment_5_5.jpg';'JHAMAB00019-04_68f5589c5c4e7db49fe46b85_0_242_2025-10-23_15-48-40/captures/after_alignment_5_5.jpg';1;'Thu Oct 23, 2025 at 11:54:20';'Thu Oct 23, 2025 at 11:54:20'
'after_alignment_5_4.jpg';'JHAMAB00019-04_68f5589c5c4e7db49fe46b85_0_242_2025-10-23_15-48-40/captures/after_alignment_5_4.jpg';1;'Thu Oct 23, 2025 at 11:54:35';'Thu Oct 23, 2025 at 11:54:35'
'after_alignment_5_3.jpg';'JHAMAB00019-04_68f5589c5c4e7db49fe46b85_0_242_2025-10-23_15-48-40/captures/after_alignment_5_3.jpg';1;'Thu Oct 23, 2025 at 11:54:51';'Thu Oct 23, 2025 at 11:54:51'
'after_alignment_5_2.jpg';'JHAMAB00019-04_68f5589c5c4e7db49fe46b85_0_242_2025-10-23_15-48-40/captures/after_alignment_5_2.jpg';1;'Thu Oct 23, 2025 at 11:55:06';'Thu Oct 23, 2025 at 11:55:06'
'after_alignment_5_1.jpg';'JHAMAB00019-04_68f5589c5c4e7db49fe46b85_0_242_2025-10-23_15-48-40/captures/after_alignment_5_1.jpg';1;'Thu Oct 23, 2025 at 11:55:22';'Thu Oct 23, 2025 at 11:55:22'
'before_alignment_1_5.jpg';'JHAMAB00019-05_68f5589c5c4e7db49fe46b86_0_244_2025-10-23_16-00-04/captures/before_alignment_1_5.jpg';1;'Thu Oct 23, 2025 at 12:00:37';'Thu Oct 23, 2025 at 12:00:37'
'before_alignment_1_4.jpg';'JHAMAB00019-05_68f5589c5c4e7db49fe46b86_0_244_2025-10-23_16-00-04/captures/before_alignment_1_4.jpg';1;'Thu Oct 23, 2025 at 12:00:44';'Thu Oct 23, 2025 at 12:00:44'
'before_alignment_1_3.jpg';'JHAMAB00019-05_68f5589c5c4e7db49fe46b86_0_244_2025-10-23_16-00-04/captures/before_alignment_1_3.jpg';1;'Thu Oct 23, 2025 at 12:01:00';'Thu Oct 23, 2025 at 12:01:00'
'before_alignment_1_2.jpg';'JHAMAB00019-05_68f5589c5c4e7db49fe46b86_0_244_2025-10-23_16-00-04/captures/before_alignment_1_2.jpg';1;'Thu Oct 23, 2025 at 12:01:15';'Thu Oct 23, 2025 at 12:01:15'
'before_alignment_1_1.jpg';'JHAMAB00019-05_68f5589c5c4e7db49fe46b86_0_244_2025-10-23_16-00-04/captures/before_alignment_1_1.jpg';1;'Thu Oct 23, 2025 at 12:01:42';'Thu Oct 23, 2025 at 12:01:42'
'after_alignment_2_1.jpg';'JHAMAB00019-05_68f5589c5c4e7db49fe46b86_0_244_2025-10-23_16-00-04/captures/after_alignment_2_1.jpg';1;'Thu Oct 23, 2025 at 12:01:49';'Thu Oct 23, 2025 at 12:01:49'
'before_alignment_2_3.jpg';'JHAMAB00019-05_68f5589c5c4e7db49fe46b86_0_244_2025-10-23_16-00-04/captures/before_alignment_2_3.jpg';1;'Thu Oct 23, 2025 at 12:02:25';'Thu Oct 23, 2025 at 12:02:25'
'before_alignment_2_4.jpg';'JHAMAB00019-05_68f5589c5c4e7db49fe46b86_0_244_2025-10-23_16-00-04/captures/before_alignment_2_4.jpg';1;'Thu Oct 23, 2025 at 12:02:41';'Thu Oct 23, 2025 at 12:02:41'
'before_alignment_2_5.jpg';'JHAMAB00019-05_68f5589c5c4e7db49fe46b86_0_244_2025-10-23_16-00-04/captures/before_alignment_2_5.jpg';1;'Thu Oct 23, 2025 at 12:02:56';'Thu Oct 23, 2025 at 12:02:56'
'before_alignment_3_5.jpg';'JHAMAB00019-05_68f5589c5c4e7db49fe46b86_0_244_2025-10-23_16-00-04/captures/before_alignment_3_5.jpg';1;'Thu Oct 23, 2025 at 12:03:12';'Thu Oct 23, 2025 at 12:03:12'
'before_alignment_3_4.jpg';'JHAMAB00019-05_68f5589c5c4e7db49fe46b86_0_244_2025-10-23_16-00-04/captures/before_alignment_3_4.jpg';1;'Thu Oct 23, 2025 at 12:03:27';'Thu Oct 23, 2025 at 12:03:27'
'before_alignment_3_3.jpg';'JHAMAB00019-05_68f5589c5c4e7db49fe46b86_0_244_2025-10-23_16-00-04/captures/before_alignment_3_3.jpg';1;'Thu Oct 23, 2025 at 12:03:42';'Thu Oct 23, 2025 at 12:03:42'
'before_alignment_3_2.jpg';'JHAMAB00019-05_68f5589c5c4e7db49fe46b86_0_244_2025-10-23_16-00-04/captures/before_alignment_3_2.jpg';1;'Thu Oct 23, 2025 at 12:04:02';'Thu Oct 23, 2025 at 12:04:02'
'before_alignment_3_1.jpg';'JHAMAB00019-05_68f5589c5c4e7db49fe46b86_0_244_2025-10-23_16-00-04/captures/before_alignment_3_1.jpg';1;'Thu Oct 23, 2025 at 12:04:17';'Thu Oct 23, 2025 at 12:04:17'
'before_alignment_4_1.jpg';'JHAMAB00019-05_68f5589c5c4e7db49fe46b86_0_244_2025-10-23_16-00-04/captures/before_alignment_4_1.jpg';1;'Thu Oct 23, 2025 at 12:04:32';'Thu Oct 23, 2025 at 12:04:32'
'before_alignment_4_2.jpg';'JHAMAB00019-05_68f5589c5c4e7db49fe46b86_0_244_2025-10-23_16-00-04/captures/before_alignment_4_2.jpg';1;'Thu Oct 23, 2025 at 12:04:48';'Thu Oct 23, 2025 at 12:04:48'
'before_alignment_4_3.jpg';'JHAMAB00019-05_68f5589c5c4e7db49fe46b86_0_244_2025-10-23_16-00-04/captures/before_alignment_4_3.jpg';1;'Thu Oct 23, 2025 at 12:05:15';'Thu Oct 23, 2025 at 12:05:15'
'after_alignment_4_4.jpg';'JHAMAB00019-05_68f5589c5c4e7db49fe46b86_0_244_2025-10-23_16-00-04/captures/after_alignment_4_4.jpg';1;'Thu Oct 23, 2025 at 12:05:22';'Thu Oct 23, 2025 at 12:05:22'
'after_alignment_4_5.jpg';'JHAMAB00019-05_68f5589c5c4e7db49fe46b86_0_244_2025-10-23_16-00-04/captures/after_alignment_4_5.jpg';1;'Thu Oct 23, 2025 at 12:05:37';'Thu Oct 23, 2025 at 12:05:37'
'after_alignment_5_5.jpg';'JHAMAB00019-05_68f5589c5c4e7db49fe46b86_0_244_2025-10-23_16-00-04/captures/after_alignment_5_5.jpg';1;'Thu Oct 23, 2025 at 12:05:53';'Thu Oct 23, 2025 at 12:05:53'
'after_alignment_5_4.jpg';'JHAMAB00019-05_68f5589c5c4e7db49fe46b86_0_244_2025-10-23_16-00-04/captures/after_alignment_5_4.jpg';1;'Thu Oct 23, 2025 at 12:06:08';'Thu Oct 23, 2025 at 12:06:08'
'after_alignment_5_3.jpg';'JHAMAB00019-05_68f5589c5c4e7db49fe46b86_0_244_2025-10-23_16-00-04/captures/after_alignment_5_3.jpg';1;'Thu Oct 23, 2025 at 12:06:23';'Thu Oct 23, 2025 at 12:06:23'
'after_alignment_5_2.jpg';'JHAMAB00019-05_68f5589c5c4e7db49fe46b86_0_244_2025-10-23_16-00-04/captures/after_alignment_5_2.jpg';1;'Thu Oct 23, 2025 at 12:06:39';'Thu Oct 23, 2025 at 12:06:39'
'after_alignment_5_1.jpg';'JHAMAB00019-05_68f5589c5c4e7db49fe46b86_0_244_2025-10-23_16-00-04/captures/after_alignment_5_1.jpg';1;'Thu Oct 23, 2025 at 12:06:54';'Thu Oct 23, 2025 at 12:06:54'
'before_alignment_1_5.jpg';'JHAMAB00019-06_68f5589c5c4e7db49fe46b87_0_246_2025-10-23_16-12-18/captures/before_alignment_1_5.jpg';1;'Thu Oct 23, 2025 at 12:12:57';'Thu Oct 23, 2025 at 12:12:57'
'before_alignment_1_4.jpg';'JHAMAB00019-06_68f5589c5c4e7db49fe46b87_0_246_2025-10-23_16-12-18/captures/before_alignment_1_4.jpg';1;'Thu Oct 23, 2025 at 12:12:58';'Thu Oct 23, 2025 at 12:12:58'
'before_alignment_1_3.jpg';'JHAMAB00019-06_68f5589c5c4e7db49fe46b87_0_246_2025-10-23_16-12-18/captures/before_alignment_1_3.jpg';1;'Thu Oct 23, 2025 at 12:13:14';'Thu Oct 23, 2025 at 12:13:14'
'before_alignment_1_2.jpg';'JHAMAB00019-06_68f5589c5c4e7db49fe46b87_0_246_2025-10-23_16-12-18/captures/before_alignment_1_2.jpg';1;'Thu Oct 23, 2025 at 12:13:29';'Thu Oct 23, 2025 at 12:13:29'
'before_alignment_1_1.jpg';'JHAMAB00019-06_68f5589c5c4e7db49fe46b87_0_246_2025-10-23_16-12-18/captures/before_alignment_1_1.jpg';1;'Thu Oct 23, 2025 at 12:13:44';'Thu Oct 23, 2025 at 12:13:44'
'before_alignment_2_1.jpg';'JHAMAB00019-06_68f5589c5c4e7db49fe46b87_0_246_2025-10-23_16-12-18/captures/before_alignment_2_1.jpg';1;'Thu Oct 23, 2025 at 12:14:00';'Thu Oct 23, 2025 at 12:14:00'
'before_alignment_2_2.jpg';'JHAMAB00019-06_68f5589c5c4e7db49fe46b87_0_246_2025-10-23_16-12-18/captures/before_alignment_2_2.jpg';1;'Thu Oct 23, 2025 at 12:14:15';'Thu Oct 23, 2025 at 12:14:15'
'before_alignment_2_3.jpg';'JHAMAB00019-06_68f5589c5c4e7db49fe46b87_0_246_2025-10-23_16-12-18/captures/before_alignment_2_3.jpg';1;'Thu Oct 23, 2025 at 12:14:30';'Thu Oct 23, 2025 at 12:14:30'
'before_alignment_2_4.jpg';'JHAMAB00019-06_68f5589c5c4e7db49fe46b87_0_246_2025-10-23_16-12-18/captures/before_alignment_2_4.jpg';1;'Thu Oct 23, 2025 at 12:14:45';'Thu Oct 23, 2025 at 12:14:45'
'before_alignment_2_5.jpg';'JHAMAB00019-06_68f5589c5c4e7db49fe46b87_0_246_2025-10-23_16-12-18/captures/before_alignment_2_5.jpg';1;'Thu Oct 23, 2025 at 12:15:01';'Thu Oct 23, 2025 at 12:15:01'
'before_alignment_3_5.jpg';'JHAMAB00019-06_68f5589c5c4e7db49fe46b87_0_246_2025-10-23_16-12-18/captures/before_alignment_3_5.jpg';1;'Thu Oct 23, 2025 at 12:15:15';'Thu Oct 23, 2025 at 12:15:15'
'before_alignment_3_4.jpg';'JHAMAB00019-06_68f5589c5c4e7db49fe46b87_0_246_2025-10-23_16-12-18/captures/before_alignment_3_4.jpg';1;'Thu Oct 23, 2025 at 12:15:31';'Thu Oct 23, 2025 at 12:15:31'
'before_alignment_3_3.jpg';'JHAMAB00019-06_68f5589c5c4e7db49fe46b87_0_246_2025-10-23_16-12-18/captures/before_alignment_3_3.jpg';1;'Thu Oct 23, 2025 at 12:15:46';'Thu Oct 23, 2025 at 12:15:46'
'before_alignment_3_2.jpg';'JHAMAB00019-06_68f5589c5c4e7db49fe46b87_0_246_2025-10-23_16-12-18/captures/before_alignment_3_2.jpg';1;'Thu Oct 23, 2025 at 12:16:02';'Thu Oct 23, 2025 at 12:16:02'
'before_alignment_3_1.jpg';'JHAMAB00019-06_68f5589c5c4e7db49fe46b87_0_246_2025-10-23_16-12-18/captures/before_alignment_3_1.jpg';1;'Thu Oct 23, 2025 at 12:16:17';'Thu Oct 23, 2025 at 12:16:17'
'before_alignment_4_1.jpg';'JHAMAB00019-06_68f5589c5c4e7db49fe46b87_0_246_2025-10-23_16-12-18/captures/before_alignment_4_1.jpg';1;'Thu Oct 23, 2025 at 12:16:32';'Thu Oct 23, 2025 at 12:16:32'
'before_alignment_4_2.jpg';'JHAMAB00019-06_68f5589c5c4e7db49fe46b87_0_246_2025-10-23_16-12-18/captures/before_alignment_4_2.jpg';1;'Thu Oct 23, 2025 at 12:16:48';'Thu Oct 23, 2025 at 12:16:48'
'before_alignment_4_3.jpg';'JHAMAB00019-06_68f5589c5c4e7db49fe46b87_0_246_2025-10-23_16-12-18/captures/before_alignment_4_3.jpg';1;'Thu Oct 23, 2025 at 12:17:03';'Thu Oct 23, 2025 at 12:17:03'
'before_alignment_4_4.jpg';'JHAMAB00019-06_68f5589c5c4e7db49fe46b87_0_246_2025-10-23_16-12-18/captures/before_alignment_4_4.jpg';1;'Thu Oct 23, 2025 at 12:17:18';'Thu Oct 23, 2025 at 12:17:18'
'before_alignment_4_5.jpg';'JHAMAB00019-06_68f5589c5c4e7db49fe46b87_0_246_2025-10-23_16-12-18/captures/before_alignment_4_5.jpg';1;'Thu Oct 23, 2025 at 12:17:35';'Thu Oct 23, 2025 at 12:17:35'
'before_alignment_5_5.jpg';'JHAMAB00019-06_68f5589c5c4e7db49fe46b87_0_246_2025-10-23_16-12-18/captures/before_alignment_5_5.jpg';1;'Thu Oct 23, 2025 at 12:17:50';'Thu Oct 23, 2025 at 12:17:50'
'before_alignment_5_4.jpg';'JHAMAB00019-06_68f5589c5c4e7db49fe46b87_0_246_2025-10-23_16-12-18/captures/before_alignment_5_4.jpg';1;'Thu Oct 23, 2025 at 12:18:04';'Thu Oct 23, 2025 at 12:18:04'
'before_alignment_5_3.jpg';'JHAMAB00019-06_68f5589c5c4e7db49fe46b87_0_246_2025-10-23_16-12-18/captures/before_alignment_5_3.jpg';1;'Thu Oct 23, 2025 at 12:18:20';'Thu Oct 23, 2025 at 12:18:20'
'before_alignment_5_2.jpg';'JHAMAB00019-06_68f5589c5c4e7db49fe46b87_0_246_2025-10-23_16-12-18/captures/before_alignment_5_2.jpg';1;'Thu Oct 23, 2025 at 12:18:35';'Thu Oct 23, 2025 at 12:18:35'
'before_alignment_5_1.jpg';'JHAMAB00019-06_68f5589c5c4e7db49fe46b87_0_246_2025-10-23_16-12-18/captures/before_alignment_5_1.jpg';1;'Thu Oct 23, 2025 at 12:18:50';'Thu Oct 23, 2025 at 12:18:50'
'LMI_20251023_JHAMAB00019-06.csv';'JHAMAB00019-06_68f5589c5c4e7db49fe46b87_0_246_2025-10-23_16-12-18/data_files/LMI_20251023_JHAMAB00019-06.csv';1;'Thu Oct 23, 2025 at 12:18:58';'Thu Oct 23, 2025 at 12:18:58'
'after_alignment_1_5.jpg';'JHAMAB00020-04_68f558f43f23e15e4e99bf99_0_248_2025-10-23_16-23-48/captures/after_alignment_1_5.jpg';1;'Thu Oct 23, 2025 at 12:24:20';'Thu Oct 23, 2025 at 12:24:20'
'after_alignment_1_4.jpg';'JHAMAB00020-04_68f558f43f23e15e4e99bf99_0_248_2025-10-23_16-23-48/captures/after_alignment_1_4.jpg';1;'Thu Oct 23, 2025 at 12:24:29';'Thu Oct 23, 2025 at 12:24:29'
'after_alignment_1_3.jpg';'JHAMAB00020-04_68f558f43f23e15e4e99bf99_0_248_2025-10-23_16-23-48/captures/after_alignment_1_3.jpg';1;'Thu Oct 23, 2025 at 12:24:37';'Thu Oct 23, 2025 at 12:24:37'
'after_alignment_1_2.jpg';'JHAMAB00020-04_68f558f43f23e15e4e99bf99_0_248_2025-10-23_16-23-48/captures/after_alignment_1_2.jpg';1;'Thu Oct 23, 2025 at 12:24:52';'Thu Oct 23, 2025 at 12:24:52'
'after_alignment_1_1.jpg';'JHAMAB00020-04_68f558f43f23e15e4e99bf99_0_248_2025-10-23_16-23-48/captures/after_alignment_1_1.jpg';1;'Thu Oct 23, 2025 at 12:25:07';'Thu Oct 23, 2025 at 12:25:07'
'after_alignment_2_1.jpg';'JHAMAB00020-04_68f558f43f23e15e4e99bf99_0_248_2025-10-23_16-23-48/captures/after_alignment_2_1.jpg';1;'Thu Oct 23, 2025 at 12:25:22';'Thu Oct 23, 2025 at 12:25:22'
'after_alignment_2_2.jpg';'JHAMAB00020-04_68f558f43f23e15e4e99bf99_0_248_2025-10-23_16-23-48/captures/after_alignment_2_2.jpg';1;'Thu Oct 23, 2025 at 12:25:37';'Thu Oct 23, 2025 at 12:25:37'
'after_alignment_2_3.jpg';'JHAMAB00020-04_68f558f43f23e15e4e99bf99_0_248_2025-10-23_16-23-48/captures/after_alignment_2_3.jpg';1;'Thu Oct 23, 2025 at 12:25:52';'Thu Oct 23, 2025 at 12:25:52'
'after_alignment_2_4.jpg';'JHAMAB00020-04_68f558f43f23e15e4e99bf99_0_248_2025-10-23_16-23-48/captures/after_alignment_2_4.jpg';1;'Thu Oct 23, 2025 at 12:26:08';'Thu Oct 23, 2025 at 12:26:08'
'after_alignment_2_5.jpg';'JHAMAB00020-04_68f558f43f23e15e4e99bf99_0_248_2025-10-23_16-23-48/captures/after_alignment_2_5.jpg';1;'Thu Oct 23, 2025 at 12:26:24';'Thu Oct 23, 2025 at 12:26:24'
'after_alignment_3_5.jpg';'JHAMAB00020-04_68f558f43f23e15e4e99bf99_0_248_2025-10-23_16-23-48/captures/after_alignment_3_5.jpg';1;'Thu Oct 23, 2025 at 12:26:39';'Thu Oct 23, 2025 at 12:26:39'
'before_alignment_3_3.jpg';'JHAMAB00020-04_68f558f43f23e15e4e99bf99_0_248_2025-10-23_16-23-48/captures/before_alignment_3_3.jpg';1;'Thu Oct 23, 2025 at 12:27:13';'Thu Oct 23, 2025 at 12:27:13'
'before_alignment_3_2.jpg';'JHAMAB00020-04_68f558f43f23e15e4e99bf99_0_248_2025-10-23_16-23-48/captures/before_alignment_3_2.jpg';1;'Thu Oct 23, 2025 at 12:27:28';'Thu Oct 23, 2025 at 12:27:28'
'before_alignment_3_1.jpg';'JHAMAB00020-04_68f558f43f23e15e4e99bf99_0_248_2025-10-23_16-23-48/captures/before_alignment_3_1.jpg';1;'Thu Oct 23, 2025 at 12:27:43';'Thu Oct 23, 2025 at 12:27:43'
'before_alignment_4_1.jpg';'JHAMAB00020-04_68f558f43f23e15e4e99bf99_0_248_2025-10-23_16-23-48/captures/before_alignment_4_1.jpg';1;'Thu Oct 23, 2025 at 12:27:58';'Thu Oct 23, 2025 at 12:27:58'
'before_alignment_4_2.jpg';'JHAMAB00020-04_68f558f43f23e15e4e99bf99_0_248_2025-10-23_16-23-48/captures/before_alignment_4_2.jpg';1;'Thu Oct 23, 2025 at 12:28:14';'Thu Oct 23, 2025 at 12:28:14'
'before_alignment_4_3.jpg';'JHAMAB00020-04_68f558f43f23e15e4e99bf99_0_248_2025-10-23_16-23-48/captures/before_alignment_4_3.jpg';1;'Thu Oct 23, 2025 at 12:28:30';'Thu Oct 23, 2025 at 12:28:30'
'before_alignment_4_4.jpg';'JHAMAB00020-04_68f558f43f23e15e4e99bf99_0_248_2025-10-23_16-23-48/captures/before_alignment_4_4.jpg';1;'Thu Oct 23, 2025 at 12:28:44';'Thu Oct 23, 2025 at 12:28:44'
'before_alignment_4_5.jpg';'JHAMAB00020-04_68f558f43f23e15e4e99bf99_0_248_2025-10-23_16-23-48/captures/before_alignment_4_5.jpg';1;'Thu Oct 23, 2025 at 12:29:00';'Thu Oct 23, 2025 at 12:29:00'
'before_alignment_5_5.jpg';'JHAMAB00020-04_68f558f43f23e15e4e99bf99_0_248_2025-10-23_16-23-48/captures/before_alignment_5_5.jpg';1;'Thu Oct 23, 2025 at 12:29:15';'Thu Oct 23, 2025 at 12:29:15'
'before_alignment_5_4.jpg';'JHAMAB00020-04_68f558f43f23e15e4e99bf99_0_248_2025-10-23_16-23-48/captures/before_alignment_5_4.jpg';1;'Thu Oct 23, 2025 at 12:29:42';'Thu Oct 23, 2025 at 12:29:42'
'after_alignment_5_3.jpg';'JHAMAB00020-04_68f558f43f23e15e4e99bf99_0_248_2025-10-23_16-23-48/captures/after_alignment_5_3.jpg';1;'Thu Oct 23, 2025 at 12:29:49';'Thu Oct 23, 2025 at 12:29:49'
'after_alignment_5_2.jpg';'JHAMAB00020-04_68f558f43f23e15e4e99bf99_0_248_2025-10-23_16-23-48/captures/after_alignment_5_2.jpg';1;'Thu Oct 23, 2025 at 12:30:05';'Thu Oct 23, 2025 at 12:30:05'
'after_alignment_5_1.jpg';'JHAMAB00020-04_68f558f43f23e15e4e99bf99_0_248_2025-10-23_16-23-48/captures/after_alignment_5_1.jpg';1;'Thu Oct 23, 2025 at 12:30:20';'Thu Oct 23, 2025 at 12:30:20'
'before_alignment_1_5.jpg';'JHAMAB00020-05_68f558f43f23e15e4e99bf9a_0_251_2025-10-23_16-37-45/captures/before_alignment_1_5.jpg';1;'Thu Oct 23, 2025 at 12:38:20';'Thu Oct 23, 2025 at 12:38:20'
'before_alignment_1_4.jpg';'JHAMAB00020-05_68f558f43f23e15e4e99bf9a_0_251_2025-10-23_16-37-45/captures/before_alignment_1_4.jpg';1;'Thu Oct 23, 2025 at 12:38:25';'Thu Oct 23, 2025 at 12:38:25'
'before_alignment_1_3.jpg';'JHAMAB00020-05_68f558f43f23e15e4e99bf9a_0_251_2025-10-23_16-37-45/captures/before_alignment_1_3.jpg';1;'Thu Oct 23, 2025 at 12:38:41';'Thu Oct 23, 2025 at 12:38:41'
'before_alignment_1_2.jpg';'JHAMAB00020-05_68f558f43f23e15e4e99bf9a_0_251_2025-10-23_16-37-45/captures/before_alignment_1_2.jpg';1;'Thu Oct 23, 2025 at 12:39:00';'Thu Oct 23, 2025 at 12:39:00'
'after_alignment_1_1.jpg';'JHAMAB00020-05_68f558f43f23e15e4e99bf9a_0_251_2025-10-23_16-37-45/captures/after_alignment_1_1.jpg';1;'Thu Oct 23, 2025 at 12:39:09';'Thu Oct 23, 2025 at 12:39:09'
'after_alignment_2_1.jpg';'JHAMAB00020-05_68f558f43f23e15e4e99bf9a_0_251_2025-10-23_16-37-45/captures/after_alignment_2_1.jpg';1;'Thu Oct 23, 2025 at 12:39:24';'Thu Oct 23, 2025 at 12:39:24'
'after_alignment_2_2.jpg';'JHAMAB00020-05_68f558f43f23e15e4e99bf9a_0_251_2025-10-23_16-37-45/captures/after_alignment_2_2.jpg';1;'Thu Oct 23, 2025 at 12:39:39';'Thu Oct 23, 2025 at 12:39:39'
'after_alignment_2_3.jpg';'JHAMAB00020-05_68f558f43f23e15e4e99bf9a_0_251_2025-10-23_16-37-45/captures/after_alignment_2_3.jpg';1;'Thu Oct 23, 2025 at 12:39:55';'Thu Oct 23, 2025 at 12:39:55'
'before_alignment_2_5.jpg';'JHAMAB00020-05_68f558f43f23e15e4e99bf9a_0_251_2025-10-23_16-37-45/captures/before_alignment_2_5.jpg';1;'Thu Oct 23, 2025 at 12:40:32';'Thu Oct 23, 2025 at 12:40:32'
'before_alignment_3_5.jpg';'JHAMAB00020-05_68f558f43f23e15e4e99bf9a_0_251_2025-10-23_16-37-45/captures/before_alignment_3_5.jpg';1;'Thu Oct 23, 2025 at 12:40:59';'Thu Oct 23, 2025 at 12:40:59'
'after_alignment_3_4.jpg';'JHAMAB00020-05_68f558f43f23e15e4e99bf9a_0_251_2025-10-23_16-37-45/captures/after_alignment_3_4.jpg';1;'Thu Oct 23, 2025 at 12:41:06';'Thu Oct 23, 2025 at 12:41:06'
'after_alignment_3_3.jpg';'JHAMAB00020-05_68f558f43f23e15e4e99bf9a_0_251_2025-10-23_16-37-45/captures/after_alignment_3_3.jpg';1;'Thu Oct 23, 2025 at 12:41:21';'Thu Oct 23, 2025 at 12:41:21'
'after_alignment_3_2.jpg';'JHAMAB00020-05_68f558f43f23e15e4e99bf9a_0_251_2025-10-23_16-37-45/captures/after_alignment_3_2.jpg';1;'Thu Oct 23, 2025 at 12:41:37';'Thu Oct 23, 2025 at 12:41:37'
'after_alignment_3_1.jpg';'JHAMAB00020-05_68f558f43f23e15e4e99bf9a_0_251_2025-10-23_16-37-45/captures/after_alignment_3_1.jpg';1;'Thu Oct 23, 2025 at 12:41:53';'Thu Oct 23, 2025 at 12:41:53'
'before_alignment_4_2.jpg';'JHAMAB00020-05_68f558f43f23e15e4e99bf9a_0_251_2025-10-23_16-37-45/captures/before_alignment_4_2.jpg';1;'Thu Oct 23, 2025 at 12:42:27';'Thu Oct 23, 2025 at 12:42:27'
'before_alignment_4_3.jpg';'JHAMAB00020-05_68f558f43f23e15e4e99bf9a_0_251_2025-10-23_16-37-45/captures/before_alignment_4_3.jpg';1;'Thu Oct 23, 2025 at 12:42:43';'Thu Oct 23, 2025 at 12:42:43'
'before_alignment_4_4.jpg';'JHAMAB00020-05_68f558f43f23e15e4e99bf9a_0_251_2025-10-23_16-37-45/captures/before_alignment_4_4.jpg';1;'Thu Oct 23, 2025 at 12:42:58';'Thu Oct 23, 2025 at 12:42:58'
'before_alignment_4_5.jpg';'JHAMAB00020-05_68f558f43f23e15e4e99bf9a_0_251_2025-10-23_16-37-45/captures/before_alignment_4_5.jpg';1;'Thu Oct 23, 2025 at 12:43:13';'Thu Oct 23, 2025 at 12:43:13'
'before_alignment_5_5.jpg';'JHAMAB00020-05_68f558f43f23e15e4e99bf9a_0_251_2025-10-23_16-37-45/captures/before_alignment_5_5.jpg';1;'Thu Oct 23, 2025 at 12:43:28';'Thu Oct 23, 2025 at 12:43:28'
'before_alignment_5_4.jpg';'JHAMAB00020-05_68f558f43f23e15e4e99bf9a_0_251_2025-10-23_16-37-45/captures/before_alignment_5_4.jpg';1;'Thu Oct 23, 2025 at 12:43:43';'Thu Oct 23, 2025 at 12:43:43'
'before_alignment_5_3.jpg';'JHAMAB00020-05_68f558f43f23e15e4e99bf9a_0_251_2025-10-23_16-37-45/captures/before_alignment_5_3.jpg';1;'Thu Oct 23, 2025 at 12:44:11';'Thu Oct 23, 2025 at 12:44:11'
'after_alignment_5_2.jpg';'JHAMAB00020-05_68f558f43f23e15e4e99bf9a_0_251_2025-10-23_16-37-45/captures/after_alignment_5_2.jpg';1;'Thu Oct 23, 2025 at 12:44:18';'Thu Oct 23, 2025 at 12:44:18'
'after_alignment_5_1.jpg';'JHAMAB00020-05_68f558f43f23e15e4e99bf9a_0_251_2025-10-23_16-37-45/captures/after_alignment_5_1.jpg';1;'Thu Oct 23, 2025 at 12:44:33';'Thu Oct 23, 2025 at 12:44:33'
'before_alignment_1_5.jpg';'JHAMAB00020-06_68f558f43f23e15e4e99bf9b_0_253_2025-10-23_16-51-01/captures/before_alignment_1_5.jpg';1;'Thu Oct 23, 2025 at 12:51:29';'Thu Oct 23, 2025 at 12:51:29'
'after_alignment_1_5.jpg';'JHAMAB00020-06_68f558f43f23e15e4e99bf9b_0_253_2025-10-23_16-54-04/captures/after_alignment_1_5.jpg';1;'Thu Oct 23, 2025 at 12:54:32';'Thu Oct 23, 2025 at 12:54:32'
'after_alignment_1_4.jpg';'JHAMAB00020-06_68f558f43f23e15e4e99bf9b_0_253_2025-10-23_16-54-04/captures/after_alignment_1_4.jpg';1;'Thu Oct 23, 2025 at 12:54:45';'Thu Oct 23, 2025 at 12:54:45'
'after_alignment_1_3.jpg';'JHAMAB00020-06_68f558f43f23e15e4e99bf9b_0_253_2025-10-23_16-54-04/captures/after_alignment_1_3.jpg';1;'Thu Oct 23, 2025 at 12:55:00';'Thu Oct 23, 2025 at 12:55:00'
'after_alignment_1_2.jpg';'JHAMAB00020-06_68f558f43f23e15e4e99bf9b_0_253_2025-10-23_16-54-04/captures/after_alignment_1_2.jpg';1;'Thu Oct 23, 2025 at 12:55:08';'Thu Oct 23, 2025 at 12:55:08'
'after_alignment_1_1.jpg';'JHAMAB00020-06_68f558f43f23e15e4e99bf9b_0_253_2025-10-23_16-54-04/captures/after_alignment_1_1.jpg';1;'Thu Oct 23, 2025 at 12:55:23';'Thu Oct 23, 2025 at 12:55:23'
'after_alignment_2_1.jpg';'JHAMAB00020-06_68f558f43f23e15e4e99bf9b_0_253_2025-10-23_16-54-04/captures/after_alignment_2_1.jpg';1;'Thu Oct 23, 2025 at 12:55:39';'Thu Oct 23, 2025 at 12:55:39'
'after_alignment_2_2.jpg';'JHAMAB00020-06_68f558f43f23e15e4e99bf9b_0_253_2025-10-23_16-54-04/captures/after_alignment_2_2.jpg';1;'Thu Oct 23, 2025 at 12:55:53';'Thu Oct 23, 2025 at 12:55:53'
'after_alignment_2_3.jpg';'JHAMAB00020-06_68f558f43f23e15e4e99bf9b_0_253_2025-10-23_16-54-04/captures/after_alignment_2_3.jpg';1;'Thu Oct 23, 2025 at 12:56:08';'Thu Oct 23, 2025 at 12:56:08'
'after_alignment_2_4.jpg';'JHAMAB00020-06_68f558f43f23e15e4e99bf9b_0_253_2025-10-23_16-54-04/captures/after_alignment_2_4.jpg';1;'Thu Oct 23, 2025 at 12:56:25';'Thu Oct 23, 2025 at 12:56:25'
'after_alignment_2_5.jpg';'JHAMAB00020-06_68f558f43f23e15e4e99bf9b_0_253_2025-10-23_16-54-04/captures/after_alignment_2_5.jpg';1;'Thu Oct 23, 2025 at 12:56:41';'Thu Oct 23, 2025 at 12:56:41'
'after_alignment_3_5.jpg';'JHAMAB00020-06_68f558f43f23e15e4e99bf9b_0_253_2025-10-23_16-54-04/captures/after_alignment_3_5.jpg';1;'Thu Oct 23, 2025 at 12:56:55';'Thu Oct 23, 2025 at 12:56:55'
'after_alignment_3_4.jpg';'JHAMAB00020-06_68f558f43f23e15e4e99bf9b_0_253_2025-10-23_16-54-04/captures/after_alignment_3_4.jpg';1;'Thu Oct 23, 2025 at 12:57:11';'Thu Oct 23, 2025 at 12:57:11'
'after_alignment_3_3.jpg';'JHAMAB00020-06_68f558f43f23e15e4e99bf9b_0_253_2025-10-23_16-54-04/captures/after_alignment_3_3.jpg';1;'Thu Oct 23, 2025 at 12:57:26';'Thu Oct 23, 2025 at 12:57:26'
'after_alignment_3_2.jpg';'JHAMAB00020-06_68f558f43f23e15e4e99bf9b_0_253_2025-10-23_16-54-04/captures/after_alignment_3_2.jpg';1;'Thu Oct 23, 2025 at 12:57:41';'Thu Oct 23, 2025 at 12:57:41'
'after_alignment_3_1.jpg';'JHAMAB00020-06_68f558f43f23e15e4e99bf9b_0_253_2025-10-23_16-54-04/captures/after_alignment_3_1.jpg';1;'Thu Oct 23, 2025 at 12:57:56';'Thu Oct 23, 2025 at 12:57:56'
'after_alignment_4_1.jpg';'JHAMAB00020-06_68f558f43f23e15e4e99bf9b_0_253_2025-10-23_16-54-04/captures/after_alignment_4_1.jpg';1;'Thu Oct 23, 2025 at 12:58:11';'Thu Oct 23, 2025 at 12:58:11'
'after_alignment_4_2.jpg';'JHAMAB00020-06_68f558f43f23e15e4e99bf9b_0_253_2025-10-23_16-54-04/captures/after_alignment_4_2.jpg';1;'Thu Oct 23, 2025 at 12:58:26';'Thu Oct 23, 2025 at 12:58:26'
'after_alignment_4_3.jpg';'JHAMAB00020-06_68f558f43f23e15e4e99bf9b_0_253_2025-10-23_16-54-04/captures/after_alignment_4_3.jpg';1;'Thu Oct 23, 2025 at 12:58:43';'Thu Oct 23, 2025 at 12:58:43'
'after_alignment_4_4.jpg';'JHAMAB00020-06_68f558f43f23e15e4e99bf9b_0_253_2025-10-23_16-54-04/captures/after_alignment_4_4.jpg';1;'Thu Oct 23, 2025 at 12:58:59';'Thu Oct 23, 2025 at 12:58:59'
'after_alignment_4_5.jpg';'JHAMAB00020-06_68f558f43f23e15e4e99bf9b_0_253_2025-10-23_16-54-04/captures/after_alignment_4_5.jpg';1;'Thu Oct 23, 2025 at 12:59:14';'Thu Oct 23, 2025 at 12:59:14'
'after_alignment_5_5.jpg';'JHAMAB00020-06_68f558f43f23e15e4e99bf9b_0_253_2025-10-23_16-54-04/captures/after_alignment_5_5.jpg';1;'Thu Oct 23, 2025 at 12:59:29';'Thu Oct 23, 2025 at 12:59:29'
'after_alignment_5_4.jpg';'JHAMAB00020-06_68f558f43f23e15e4e99bf9b_0_253_2025-10-23_16-54-04/captures/after_alignment_5_4.jpg';1;'Thu Oct 23, 2025 at 12:59:44';'Thu Oct 23, 2025 at 12:59:44'
'after_alignment_5_3.jpg';'JHAMAB00020-06_68f558f43f23e15e4e99bf9b_0_253_2025-10-23_16-54-04/captures/after_alignment_5_3.jpg';1;'Thu Oct 23, 2025 at 12:59:59';'Thu Oct 23, 2025 at 12:59:59'
'after_alignment_5_2.jpg';'JHAMAB00020-06_68f558f43f23e15e4e99bf9b_0_253_2025-10-23_16-54-04/captures/after_alignment_5_2.jpg';1;'Thu Oct 23, 2025 at 13:00:15';'Thu Oct 23, 2025 at 13:00:15'
'after_alignment_5_1.jpg';'JHAMAB00020-06_68f558f43f23e15e4e99bf9b_0_253_2025-10-23_16-54-04/captures/after_alignment_5_1.jpg';1;'Thu Oct 23, 2025 at 13:00:30';'Thu Oct 23, 2025 at 13:00:30'
'before_alignment_1_5.jpg';'JHAMAB00021-03_68f5592a3f23e15e4e99bfb3_0_261_2025-10-23_18-04-03/captures/before_alignment_1_5.jpg';1;'Thu Oct 23, 2025 at 14:05:24';'Thu Oct 23, 2025 at 14:05:24'
'before_alignment_1_4.jpg';'JHAMAB00021-03_68f5592a3f23e15e4e99bfb3_0_261_2025-10-23_18-04-03/captures/before_alignment_1_4.jpg';1;'Thu Oct 23, 2025 at 14:05:24';'Thu Oct 23, 2025 at 14:05:24'
'before_alignment_1_3.jpg';'JHAMAB00021-03_68f5592a3f23e15e4e99bfb3_0_261_2025-10-23_18-04-03/captures/before_alignment_1_3.jpg';1;'Thu Oct 23, 2025 at 14:05:24';'Thu Oct 23, 2025 at 14:05:24'
'before_alignment_1_2.jpg';'JHAMAB00021-03_68f5592a3f23e15e4e99bfb3_0_261_2025-10-23_18-04-03/captures/before_alignment_1_2.jpg';1;'Thu Oct 23, 2025 at 14:05:24';'Thu Oct 23, 2025 at 14:05:24'
'before_alignment_1_1.jpg';'JHAMAB00021-03_68f5592a3f23e15e4e99bfb3_0_261_2025-10-23_18-04-03/captures/before_alignment_1_1.jpg';1;'Thu Oct 23, 2025 at 14:05:42';'Thu Oct 23, 2025 at 14:05:42'
'after_alignment_2_1.jpg';'JHAMAB00021-03_68f5592a3f23e15e4e99bfb3_0_261_2025-10-23_18-04-03/captures/after_alignment_2_1.jpg';1;'Thu Oct 23, 2025 at 14:05:49';'Thu Oct 23, 2025 at 14:05:49'
'after_alignment_2_2.jpg';'JHAMAB00021-03_68f5592a3f23e15e4e99bfb3_0_261_2025-10-23_18-04-03/captures/after_alignment_2_2.jpg';1;'Thu Oct 23, 2025 at 14:06:05';'Thu Oct 23, 2025 at 14:06:05'
'after_alignment_2_3.jpg';'JHAMAB00021-03_68f5592a3f23e15e4e99bfb3_0_261_2025-10-23_18-04-03/captures/after_alignment_2_3.jpg';1;'Thu Oct 23, 2025 at 14:06:20';'Thu Oct 23, 2025 at 14:06:20'
'after_alignment_2_4.jpg';'JHAMAB00021-03_68f5592a3f23e15e4e99bfb3_0_261_2025-10-23_18-04-03/captures/after_alignment_2_4.jpg';1;'Thu Oct 23, 2025 at 14:06:35';'Thu Oct 23, 2025 at 14:06:35'
'after_alignment_2_5.jpg';'JHAMAB00021-03_68f5592a3f23e15e4e99bfb3_0_261_2025-10-23_18-04-03/captures/after_alignment_2_5.jpg';1;'Thu Oct 23, 2025 at 14:06:51';'Thu Oct 23, 2025 at 14:06:51'
'after_alignment_3_5.jpg';'JHAMAB00021-03_68f5592a3f23e15e4e99bfb3_0_261_2025-10-23_18-04-03/captures/after_alignment_3_5.jpg';1;'Thu Oct 23, 2025 at 14:07:05';'Thu Oct 23, 2025 at 14:07:05'
'after_alignment_3_4.jpg';'JHAMAB00021-03_68f5592a3f23e15e4e99bfb3_0_261_2025-10-23_18-04-03/captures/after_alignment_3_4.jpg';1;'Thu Oct 23, 2025 at 14:07:21';'Thu Oct 23, 2025 at 14:07:21'
'after_alignment_3_3.jpg';'JHAMAB00021-03_68f5592a3f23e15e4e99bfb3_0_261_2025-10-23_18-04-03/captures/after_alignment_3_3.jpg';1;'Thu Oct 23, 2025 at 14:07:36';'Thu Oct 23, 2025 at 14:07:36'
'after_alignment_3_2.jpg';'JHAMAB00021-03_68f5592a3f23e15e4e99bfb3_0_261_2025-10-23_18-04-03/captures/after_alignment_3_2.jpg';1;'Thu Oct 23, 2025 at 14:07:51';'Thu Oct 23, 2025 at 14:07:51'
'before_alignment_4_1.jpg';'JHAMAB00021-03_68f5592a3f23e15e4e99bfb3_0_261_2025-10-23_18-04-03/captures/before_alignment_4_1.jpg';1;'Thu Oct 23, 2025 at 14:08:25';'Thu Oct 23, 2025 at 14:08:25'
'before_alignment_4_2.jpg';'JHAMAB00021-03_68f5592a3f23e15e4e99bfb3_0_261_2025-10-23_18-04-03/captures/before_alignment_4_2.jpg';1;'Thu Oct 23, 2025 at 14:08:41';'Thu Oct 23, 2025 at 14:08:41'
'before_alignment_4_3.jpg';'JHAMAB00021-03_68f5592a3f23e15e4e99bfb3_0_261_2025-10-23_18-04-03/captures/before_alignment_4_3.jpg';1;'Thu Oct 23, 2025 at 14:08:56';'Thu Oct 23, 2025 at 14:08:56'
'before_alignment_4_4.jpg';'JHAMAB00021-03_68f5592a3f23e15e4e99bfb3_0_261_2025-10-23_18-04-03/captures/before_alignment_4_4.jpg';1;'Thu Oct 23, 2025 at 14:09:11';'Thu Oct 23, 2025 at 14:09:11'
'before_alignment_4_5.jpg';'JHAMAB00021-03_68f5592a3f23e15e4e99bfb3_0_261_2025-10-23_18-04-03/captures/before_alignment_4_5.jpg';1;'Thu Oct 23, 2025 at 14:09:26';'Thu Oct 23, 2025 at 14:09:26'
'before_alignment_5_5.jpg';'JHAMAB00021-03_68f5592a3f23e15e4e99bfb3_0_261_2025-10-23_18-04-03/captures/before_alignment_5_5.jpg';1;'Thu Oct 23, 2025 at 14:09:41';'Thu Oct 23, 2025 at 14:09:41'
'before_alignment_5_4.jpg';'JHAMAB00021-03_68f5592a3f23e15e4e99bfb3_0_261_2025-10-23_18-04-03/captures/before_alignment_5_4.jpg';1;'Thu Oct 23, 2025 at 14:09:56';'Thu Oct 23, 2025 at 14:09:56'
'before_alignment_5_3.jpg';'JHAMAB00021-03_68f5592a3f23e15e4e99bfb3_0_261_2025-10-23_18-04-03/captures/before_alignment_5_3.jpg';1;'Thu Oct 23, 2025 at 14:10:12';'Thu Oct 23, 2025 at 14:10:12'
'before_alignment_5_2.jpg';'JHAMAB00021-03_68f5592a3f23e15e4e99bfb3_0_261_2025-10-23_18-04-03/captures/before_alignment_5_2.jpg';1;'Thu Oct 23, 2025 at 14:10:27';'Thu Oct 23, 2025 at 14:10:27'
'before_alignment_5_1.jpg';'JHAMAB00021-03_68f5592a3f23e15e4e99bfb3_0_261_2025-10-23_18-04-03/captures/before_alignment_5_1.jpg';1;'Thu Oct 23, 2025 at 14:10:42';'Thu Oct 23, 2025 at 14:10:42'
'LMI_20251023_JHAMAB00021-03.csv';'JHAMAB00021-03_68f5592a3f23e15e4e99bfb3_0_261_2025-10-23_18-04-03/data_files/LMI_20251023_JHAMAB00021-03.csv';1;'Thu Oct 23, 2025 at 14:10:49';'Thu Oct 23, 2025 at 14:10:49'
'after_alignment_1_5.jpg';'JHAMAB00021-04_68f5592a3f23e15e4e99bfb4_0_262_2025-10-23_18-15-25/captures/after_alignment_1_5.jpg';1;'Thu Oct 23, 2025 at 14:15:56';'Thu Oct 23, 2025 at 14:15:56'
'after_alignment_1_4.jpg';'JHAMAB00021-04_68f5592a3f23e15e4e99bfb4_0_262_2025-10-23_18-15-25/captures/after_alignment_1_4.jpg';1;'Thu Oct 23, 2025 at 14:16:06';'Thu Oct 23, 2025 at 14:16:06'
'after_alignment_1_3.jpg';'JHAMAB00021-04_68f5592a3f23e15e4e99bfb4_0_262_2025-10-23_18-15-25/captures/after_alignment_1_3.jpg';1;'Thu Oct 23, 2025 at 14:16:22';'Thu Oct 23, 2025 at 14:16:22'
'after_alignment_1_2.jpg';'JHAMAB00021-04_68f5592a3f23e15e4e99bfb4_0_262_2025-10-23_18-15-25/captures/after_alignment_1_2.jpg';1;'Thu Oct 23, 2025 at 14:16:39';'Thu Oct 23, 2025 at 14:16:39'
'after_alignment_1_1.jpg';'JHAMAB00021-04_68f5592a3f23e15e4e99bfb4_0_262_2025-10-23_18-15-25/captures/after_alignment_1_1.jpg';1;'Thu Oct 23, 2025 at 14:16:55';'Thu Oct 23, 2025 at 14:16:55'
'after_alignment_2_1.jpg';'JHAMAB00021-04_68f5592a3f23e15e4e99bfb4_0_262_2025-10-23_18-15-25/captures/after_alignment_2_1.jpg';1;'Thu Oct 23, 2025 at 14:17:10';'Thu Oct 23, 2025 at 14:17:10'
'after_alignment_2_2.jpg';'JHAMAB00021-04_68f5592a3f23e15e4e99bfb4_0_262_2025-10-23_18-15-25/captures/after_alignment_2_2.jpg';1;'Thu Oct 23, 2025 at 14:17:26';'Thu Oct 23, 2025 at 14:17:26'
'after_alignment_2_3.jpg';'JHAMAB00021-04_68f5592a3f23e15e4e99bfb4_0_262_2025-10-23_18-15-25/captures/after_alignment_2_3.jpg';1;'Thu Oct 23, 2025 at 14:17:44';'Thu Oct 23, 2025 at 14:17:44'
'after_alignment_2_4.jpg';'JHAMAB00021-04_68f5592a3f23e15e4e99bfb4_0_262_2025-10-23_18-15-25/captures/after_alignment_2_4.jpg';1;'Thu Oct 23, 2025 at 14:17:59';'Thu Oct 23, 2025 at 14:17:59'
'after_alignment_2_5.jpg';'JHAMAB00021-04_68f5592a3f23e15e4e99bfb4_0_262_2025-10-23_18-15-25/captures/after_alignment_2_5.jpg';1;'Thu Oct 23, 2025 at 14:18:14';'Thu Oct 23, 2025 at 14:18:14'
'after_alignment_3_5.jpg';'JHAMAB00021-04_68f5592a3f23e15e4e99bfb4_0_262_2025-10-23_18-15-25/captures/after_alignment_3_5.jpg';1;'Thu Oct 23, 2025 at 14:18:30';'Thu Oct 23, 2025 at 14:18:30'
'after_alignment_3_4.jpg';'JHAMAB00021-04_68f5592a3f23e15e4e99bfb4_0_262_2025-10-23_18-15-25/captures/after_alignment_3_4.jpg';1;'Thu Oct 23, 2025 at 14:18:45';'Thu Oct 23, 2025 at 14:18:45'
'after_alignment_3_3.jpg';'JHAMAB00021-04_68f5592a3f23e15e4e99bfb4_0_262_2025-10-23_18-15-25/captures/after_alignment_3_3.jpg';1;'Thu Oct 23, 2025 at 14:19:00';'Thu Oct 23, 2025 at 14:19:00'
'after_alignment_3_2.jpg';'JHAMAB00021-04_68f5592a3f23e15e4e99bfb4_0_262_2025-10-23_18-15-25/captures/after_alignment_3_2.jpg';1;'Thu Oct 23, 2025 at 14:19:15';'Thu Oct 23, 2025 at 14:19:15'
'after_alignment_3_1.jpg';'JHAMAB00021-04_68f5592a3f23e15e4e99bfb4_0_262_2025-10-23_18-15-25/captures/after_alignment_3_1.jpg';1;'Thu Oct 23, 2025 at 14:19:30';'Thu Oct 23, 2025 at 14:19:30'
'after_alignment_4_1.jpg';'JHAMAB00021-04_68f5592a3f23e15e4e99bfb4_0_262_2025-10-23_18-15-25/captures/after_alignment_4_1.jpg';1;'Thu Oct 23, 2025 at 14:19:45';'Thu Oct 23, 2025 at 14:19:45'
'after_alignment_4_2.jpg';'JHAMAB00021-04_68f5592a3f23e15e4e99bfb4_0_262_2025-10-23_18-15-25/captures/after_alignment_4_2.jpg';1;'Thu Oct 23, 2025 at 14:20:01';'Thu Oct 23, 2025 at 14:20:01'
'after_alignment_4_3.jpg';'JHAMAB00021-04_68f5592a3f23e15e4e99bfb4_0_262_2025-10-23_18-15-25/captures/after_alignment_4_3.jpg';1;'Thu Oct 23, 2025 at 14:20:15';'Thu Oct 23, 2025 at 14:20:15'
'after_alignment_4_4.jpg';'JHAMAB00021-04_68f5592a3f23e15e4e99bfb4_0_262_2025-10-23_18-15-25/captures/after_alignment_4_4.jpg';1;'Thu Oct 23, 2025 at 14:20:31';'Thu Oct 23, 2025 at 14:20:31'
'after_alignment_4_5.jpg';'JHAMAB00021-04_68f5592a3f23e15e4e99bfb4_0_262_2025-10-23_18-15-25/captures/after_alignment_4_5.jpg';1;'Thu Oct 23, 2025 at 14:20:46';'Thu Oct 23, 2025 at 14:20:46'
'after_alignment_5_5.jpg';'JHAMAB00021-04_68f5592a3f23e15e4e99bfb4_0_262_2025-10-23_18-15-25/captures/after_alignment_5_5.jpg';1;'Thu Oct 23, 2025 at 14:21:01';'Thu Oct 23, 2025 at 14:21:01'
'after_alignment_5_4.jpg';'JHAMAB00021-04_68f5592a3f23e15e4e99bfb4_0_262_2025-10-23_18-15-25/captures/after_alignment_5_4.jpg';1;'Thu Oct 23, 2025 at 14:21:16';'Thu Oct 23, 2025 at 14:21:16'
'after_alignment_5_3.jpg';'JHAMAB00021-04_68f5592a3f23e15e4e99bfb4_0_262_2025-10-23_18-15-25/captures/after_alignment_5_3.jpg';1;'Thu Oct 23, 2025 at 14:21:31';'Thu Oct 23, 2025 at 14:21:31'
'after_alignment_5_2.jpg';'JHAMAB00021-04_68f5592a3f23e15e4e99bfb4_0_262_2025-10-23_18-15-25/captures/after_alignment_5_2.jpg';1;'Thu Oct 23, 2025 at 14:21:47';'Thu Oct 23, 2025 at 14:21:47'
'after_alignment_5_1.jpg';'JHAMAB00021-04_68f5592a3f23e15e4e99bfb4_0_262_2025-10-23_18-15-25/captures/after_alignment_5_1.jpg';1;'Thu Oct 23, 2025 at 14:22:02';'Thu Oct 23, 2025 at 14:22:02'
'before_alignment_1_5.jpg';'JHAMAB00019-07_68f5589c5c4e7db49fe46b88_0_263_2025-10-23_18-27-16/captures/before_alignment_1_5.jpg';1;'Thu Oct 23, 2025 at 14:27:48';'Thu Oct 23, 2025 at 14:27:48'
'before_alignment_1_4.jpg';'JHAMAB00019-07_68f5589c5c4e7db49fe46b88_0_263_2025-10-23_18-27-16/captures/before_alignment_1_4.jpg';1;'Thu Oct 23, 2025 at 14:27:57';'Thu Oct 23, 2025 at 14:27:57'
'before_alignment_1_3.jpg';'JHAMAB00019-07_68f5589c5c4e7db49fe46b88_0_263_2025-10-23_18-27-16/captures/before_alignment_1_3.jpg';1;'Thu Oct 23, 2025 at 14:28:12';'Thu Oct 23, 2025 at 14:28:12'
'before_alignment_1_2.jpg';'JHAMAB00019-07_68f5589c5c4e7db49fe46b88_0_263_2025-10-23_18-27-16/captures/before_alignment_1_2.jpg';1;'Thu Oct 23, 2025 at 14:28:28';'Thu Oct 23, 2025 at 14:28:28'
'before_alignment_1_1.jpg';'JHAMAB00019-07_68f5589c5c4e7db49fe46b88_0_263_2025-10-23_18-27-16/captures/before_alignment_1_1.jpg';1;'Thu Oct 23, 2025 at 14:28:44';'Thu Oct 23, 2025 at 14:28:44'
'before_alignment_2_1.jpg';'JHAMAB00019-07_68f5589c5c4e7db49fe46b88_0_263_2025-10-23_18-27-16/captures/before_alignment_2_1.jpg';1;'Thu Oct 23, 2025 at 14:28:59';'Thu Oct 23, 2025 at 14:28:59'
'before_alignment_2_2.jpg';'JHAMAB00019-07_68f5589c5c4e7db49fe46b88_0_263_2025-10-23_18-27-16/captures/before_alignment_2_2.jpg';1;'Thu Oct 23, 2025 at 14:29:14';'Thu Oct 23, 2025 at 14:29:14'
'before_alignment_2_3.jpg';'JHAMAB00019-07_68f5589c5c4e7db49fe46b88_0_263_2025-10-23_18-27-16/captures/before_alignment_2_3.jpg';1;'Thu Oct 23, 2025 at 14:29:29';'Thu Oct 23, 2025 at 14:29:29'
'before_alignment_2_4.jpg';'JHAMAB00019-07_68f5589c5c4e7db49fe46b88_0_263_2025-10-23_18-27-16/captures/before_alignment_2_4.jpg';1;'Thu Oct 23, 2025 at 14:29:45';'Thu Oct 23, 2025 at 14:29:45'
'before_alignment_2_5.jpg';'JHAMAB00019-07_68f5589c5c4e7db49fe46b88_0_263_2025-10-23_18-27-16/captures/before_alignment_2_5.jpg';1;'Thu Oct 23, 2025 at 14:30:12';'Thu Oct 23, 2025 at 14:30:12'
'after_alignment_3_5.jpg';'JHAMAB00019-07_68f5589c5c4e7db49fe46b88_0_263_2025-10-23_18-27-16/captures/after_alignment_3_5.jpg';1;'Thu Oct 23, 2025 at 14:30:19';'Thu Oct 23, 2025 at 14:30:19'
'after_alignment_3_4.jpg';'JHAMAB00019-07_68f5589c5c4e7db49fe46b88_0_263_2025-10-23_18-27-16/captures/after_alignment_3_4.jpg';1;'Thu Oct 23, 2025 at 14:30:36';'Thu Oct 23, 2025 at 14:30:36'
'after_alignment_3_3.jpg';'JHAMAB00019-07_68f5589c5c4e7db49fe46b88_0_263_2025-10-23_18-27-16/captures/after_alignment_3_3.jpg';1;'Thu Oct 23, 2025 at 14:30:50';'Thu Oct 23, 2025 at 14:30:50'
'after_alignment_3_2.jpg';'JHAMAB00019-07_68f5589c5c4e7db49fe46b88_0_263_2025-10-23_18-27-16/captures/after_alignment_3_2.jpg';1;'Thu Oct 23, 2025 at 14:31:06';'Thu Oct 23, 2025 at 14:31:06'
'after_alignment_3_1.jpg';'JHAMAB00019-07_68f5589c5c4e7db49fe46b88_0_263_2025-10-23_18-27-16/captures/after_alignment_3_1.jpg';1;'Thu Oct 23, 2025 at 14:31:20';'Thu Oct 23, 2025 at 14:31:20'
'after_alignment_4_1.jpg';'JHAMAB00019-07_68f5589c5c4e7db49fe46b88_0_263_2025-10-23_18-27-16/captures/after_alignment_4_1.jpg';1;'Thu Oct 23, 2025 at 14:31:36';'Thu Oct 23, 2025 at 14:31:36'
'after_alignment_4_2.jpg';'JHAMAB00019-07_68f5589c5c4e7db49fe46b88_0_263_2025-10-23_18-27-16/captures/after_alignment_4_2.jpg';1;'Thu Oct 23, 2025 at 14:31:50';'Thu Oct 23, 2025 at 14:31:50'
'after_alignment_4_3.jpg';'JHAMAB00019-07_68f5589c5c4e7db49fe46b88_0_263_2025-10-23_18-27-16/captures/after_alignment_4_3.jpg';1;'Thu Oct 23, 2025 at 14:32:06';'Thu Oct 23, 2025 at 14:32:06'
'after_alignment_4_4.jpg';'JHAMAB00019-07_68f5589c5c4e7db49fe46b88_0_263_2025-10-23_18-27-16/captures/after_alignment_4_4.jpg';1;'Thu Oct 23, 2025 at 14:32:21';'Thu Oct 23, 2025 at 14:32:21'
'after_alignment_4_5.jpg';'JHAMAB00019-07_68f5589c5c4e7db49fe46b88_0_263_2025-10-23_18-27-16/captures/after_alignment_4_5.jpg';1;'Thu Oct 23, 2025 at 14:32:36';'Thu Oct 23, 2025 at 14:32:36'
'after_alignment_5_5.jpg';'JHAMAB00019-07_68f5589c5c4e7db49fe46b88_0_263_2025-10-23_18-27-16/captures/after_alignment_5_5.jpg';1;'Thu Oct 23, 2025 at 14:32:52';'Thu Oct 23, 2025 at 14:32:52'
'after_alignment_5_4.jpg';'JHAMAB00019-07_68f5589c5c4e7db49fe46b88_0_263_2025-10-23_18-27-16/captures/after_alignment_5_4.jpg';1;'Thu Oct 23, 2025 at 14:33:07';'Thu Oct 23, 2025 at 14:33:07'
'after_alignment_5_3.jpg';'JHAMAB00019-07_68f5589c5c4e7db49fe46b88_0_263_2025-10-23_18-27-16/captures/after_alignment_5_3.jpg';1;'Thu Oct 23, 2025 at 14:33:22';'Thu Oct 23, 2025 at 14:33:22'
'after_alignment_5_2.jpg';'JHAMAB00019-07_68f5589c5c4e7db49fe46b88_0_263_2025-10-23_18-27-16/captures/after_alignment_5_2.jpg';1;'Thu Oct 23, 2025 at 14:33:37';'Thu Oct 23, 2025 at 14:33:37'
'after_alignment_5_1.jpg';'JHAMAB00019-07_68f5589c5c4e7db49fe46b88_0_263_2025-10-23_18-27-16/captures/after_alignment_5_1.jpg';1;'Thu Oct 23, 2025 at 14:33:52';'Thu Oct 23, 2025 at 14:33:52'
'before_alignment_1_5.jpg';'JHAMAB00019-08_68f5589c5c4e7db49fe46b89_0_264_2025-10-23_18-38-20/captures/before_alignment_1_5.jpg';1;'Thu Oct 23, 2025 at 14:38:53';'Thu Oct 23, 2025 at 14:38:53'
'before_alignment_1_4.jpg';'JHAMAB00019-08_68f5589c5c4e7db49fe46b89_0_264_2025-10-23_18-38-20/captures/before_alignment_1_4.jpg';1;'Thu Oct 23, 2025 at 14:39:00';'Thu Oct 23, 2025 at 14:39:00'
'before_alignment_1_3.jpg';'JHAMAB00019-08_68f5589c5c4e7db49fe46b89_0_264_2025-10-23_18-38-20/captures/before_alignment_1_3.jpg';1;'Thu Oct 23, 2025 at 14:39:16';'Thu Oct 23, 2025 at 14:39:16'
'before_alignment_1_2.jpg';'JHAMAB00019-08_68f5589c5c4e7db49fe46b89_0_264_2025-10-23_18-38-20/captures/before_alignment_1_2.jpg';1;'Thu Oct 23, 2025 at 14:39:31';'Thu Oct 23, 2025 at 14:39:31'
'before_alignment_1_1.jpg';'JHAMAB00019-08_68f5589c5c4e7db49fe46b89_0_264_2025-10-23_18-38-20/captures/before_alignment_1_1.jpg';1;'Thu Oct 23, 2025 at 14:39:46';'Thu Oct 23, 2025 at 14:39:46'
'before_alignment_2_1.jpg';'JHAMAB00019-08_68f5589c5c4e7db49fe46b89_0_264_2025-10-23_18-38-20/captures/before_alignment_2_1.jpg';1;'Thu Oct 23, 2025 at 14:40:13';'Thu Oct 23, 2025 at 14:40:13'
'after_alignment_2_2.jpg';'JHAMAB00019-08_68f5589c5c4e7db49fe46b89_0_264_2025-10-23_18-38-20/captures/after_alignment_2_2.jpg';1;'Thu Oct 23, 2025 at 14:40:21';'Thu Oct 23, 2025 at 14:40:21'
'after_alignment_2_3.jpg';'JHAMAB00019-08_68f5589c5c4e7db49fe46b89_0_264_2025-10-23_18-38-20/captures/after_alignment_2_3.jpg';1;'Thu Oct 23, 2025 at 14:40:36';'Thu Oct 23, 2025 at 14:40:36'
'after_alignment_2_4.jpg';'JHAMAB00019-08_68f5589c5c4e7db49fe46b89_0_264_2025-10-23_18-38-20/captures/after_alignment_2_4.jpg';1;'Thu Oct 23, 2025 at 14:40:51';'Thu Oct 23, 2025 at 14:40:51'
'after_alignment_2_5.jpg';'JHAMAB00019-08_68f5589c5c4e7db49fe46b89_0_264_2025-10-23_18-38-20/captures/after_alignment_2_5.jpg';1;'Thu Oct 23, 2025 at 14:41:06';'Thu Oct 23, 2025 at 14:41:06'
'after_alignment_3_5.jpg';'JHAMAB00019-08_68f5589c5c4e7db49fe46b89_0_264_2025-10-23_18-38-20/captures/after_alignment_3_5.jpg';1;'Thu Oct 23, 2025 at 14:41:21';'Thu Oct 23, 2025 at 14:41:21'
'after_alignment_3_4.jpg';'JHAMAB00019-08_68f5589c5c4e7db49fe46b89_0_264_2025-10-23_18-38-20/captures/after_alignment_3_4.jpg';1;'Thu Oct 23, 2025 at 14:41:36';'Thu Oct 23, 2025 at 14:41:36'
'after_alignment_3_3.jpg';'JHAMAB00019-08_68f5589c5c4e7db49fe46b89_0_264_2025-10-23_18-38-20/captures/after_alignment_3_3.jpg';1;'Thu Oct 23, 2025 at 14:41:52';'Thu Oct 23, 2025 at 14:41:52'
'after_alignment_3_2.jpg';'JHAMAB00019-08_68f5589c5c4e7db49fe46b89_0_264_2025-10-23_18-38-20/captures/after_alignment_3_2.jpg';1;'Thu Oct 23, 2025 at 14:42:07';'Thu Oct 23, 2025 at 14:42:07'
'after_alignment_3_1.jpg';'JHAMAB00019-08_68f5589c5c4e7db49fe46b89_0_264_2025-10-23_18-38-20/captures/after_alignment_3_1.jpg';1;'Thu Oct 23, 2025 at 14:42:22';'Thu Oct 23, 2025 at 14:42:22'
'after_alignment_4_1.jpg';'JHAMAB00019-08_68f5589c5c4e7db49fe46b89_0_264_2025-10-23_18-38-20/captures/after_alignment_4_1.jpg';1;'Thu Oct 23, 2025 at 14:42:37';'Thu Oct 23, 2025 at 14:42:37'
'after_alignment_4_2.jpg';'JHAMAB00019-08_68f5589c5c4e7db49fe46b89_0_264_2025-10-23_18-38-20/captures/after_alignment_4_2.jpg';1;'Thu Oct 23, 2025 at 14:42:52';'Thu Oct 23, 2025 at 14:42:52'
'after_alignment_4_3.jpg';'JHAMAB00019-08_68f5589c5c4e7db49fe46b89_0_264_2025-10-23_18-38-20/captures/after_alignment_4_3.jpg';1;'Thu Oct 23, 2025 at 14:43:07';'Thu Oct 23, 2025 at 14:43:07'
'after_alignment_4_4.jpg';'JHAMAB00019-08_68f5589c5c4e7db49fe46b89_0_264_2025-10-23_18-38-20/captures/after_alignment_4_4.jpg';1;'Thu Oct 23, 2025 at 14:43:23';'Thu Oct 23, 2025 at 14:43:23'
'after_alignment_4_5.jpg';'JHAMAB00019-08_68f5589c5c4e7db49fe46b89_0_264_2025-10-23_18-38-20/captures/after_alignment_4_5.jpg';1;'Thu Oct 23, 2025 at 14:43:38';'Thu Oct 23, 2025 at 14:43:38'
'after_alignment_5_5.jpg';'JHAMAB00019-08_68f5589c5c4e7db49fe46b89_0_264_2025-10-23_18-38-20/captures/after_alignment_5_5.jpg';1;'Thu Oct 23, 2025 at 14:43:53';'Thu Oct 23, 2025 at 14:43:53'
'after_alignment_5_4.jpg';'JHAMAB00019-08_68f5589c5c4e7db49fe46b89_0_264_2025-10-23_18-38-20/captures/after_alignment_5_4.jpg';1;'Thu Oct 23, 2025 at 14:44:09';'Thu Oct 23, 2025 at 14:44:09'
'after_alignment_5_3.jpg';'JHAMAB00019-08_68f5589c5c4e7db49fe46b89_0_264_2025-10-23_18-38-20/captures/after_alignment_5_3.jpg';1;'Thu Oct 23, 2025 at 14:44:23';'Thu Oct 23, 2025 at 14:44:23'
'after_alignment_5_2.jpg';'JHAMAB00019-08_68f5589c5c4e7db49fe46b89_0_264_2025-10-23_18-38-20/captures/after_alignment_5_2.jpg';1;'Thu Oct 23, 2025 at 14:44:40';'Thu Oct 23, 2025 at 14:44:40'
'after_alignment_5_1.jpg';'JHAMAB00019-08_68f5589c5c4e7db49fe46b89_0_264_2025-10-23_18-38-20/captures/after_alignment_5_1.jpg';1;'Thu Oct 23, 2025 at 14:44:56';'Thu Oct 23, 2025 at 14:44:56'
'before_alignment_1_5.jpg';'JHAMAB00019-09_68f5589c5c4e7db49fe46b8a_0_265_2025-10-23_18-49-12/captures/before_alignment_1_5.jpg';1;'Thu Oct 23, 2025 at 14:49:42';'Thu Oct 23, 2025 at 14:49:42'
'before_alignment_1_4.jpg';'JHAMAB00019-09_68f5589c5c4e7db49fe46b8a_0_265_2025-10-23_18-49-12/captures/before_alignment_1_4.jpg';1;'Thu Oct 23, 2025 at 14:49:52';'Thu Oct 23, 2025 at 14:49:52'
'before_alignment_1_3.jpg';'JHAMAB00019-09_68f5589c5c4e7db49fe46b8a_0_265_2025-10-23_18-49-12/captures/before_alignment_1_3.jpg';1;'Thu Oct 23, 2025 at 14:50:07';'Thu Oct 23, 2025 at 14:50:07'
'before_alignment_1_2.jpg';'JHAMAB00019-09_68f5589c5c4e7db49fe46b8a_0_265_2025-10-23_18-49-12/captures/before_alignment_1_2.jpg';1;'Thu Oct 23, 2025 at 14:50:22';'Thu Oct 23, 2025 at 14:50:22'
'before_alignment_1_1.jpg';'JHAMAB00019-09_68f5589c5c4e7db49fe46b8a_0_265_2025-10-23_18-49-12/captures/before_alignment_1_1.jpg';1;'Thu Oct 23, 2025 at 14:50:50';'Thu Oct 23, 2025 at 14:50:50'
'after_alignment_2_1.jpg';'JHAMAB00019-09_68f5589c5c4e7db49fe46b8a_0_265_2025-10-23_18-49-12/captures/after_alignment_2_1.jpg';1;'Thu Oct 23, 2025 at 14:50:57';'Thu Oct 23, 2025 at 14:50:57'
'before_alignment_2_3.jpg';'JHAMAB00019-09_68f5589c5c4e7db49fe46b8a_0_265_2025-10-23_18-49-12/captures/before_alignment_2_3.jpg';1;'Thu Oct 23, 2025 at 14:51:32';'Thu Oct 23, 2025 at 14:51:32'
'before_alignment_2_4.jpg';'JHAMAB00019-09_68f5589c5c4e7db49fe46b8a_0_265_2025-10-23_18-49-12/captures/before_alignment_2_4.jpg';1;'Thu Oct 23, 2025 at 14:51:48';'Thu Oct 23, 2025 at 14:51:48'
'before_alignment_2_5.jpg';'JHAMAB00019-09_68f5589c5c4e7db49fe46b8a_0_265_2025-10-23_18-49-12/captures/before_alignment_2_5.jpg';1;'Thu Oct 23, 2025 at 14:52:03';'Thu Oct 23, 2025 at 14:52:03'
'before_alignment_3_5.jpg';'JHAMAB00019-09_68f5589c5c4e7db49fe46b8a_0_265_2025-10-23_18-49-12/captures/before_alignment_3_5.jpg';1;'Thu Oct 23, 2025 at 14:52:18';'Thu Oct 23, 2025 at 14:52:18'
'before_alignment_3_4.jpg';'JHAMAB00019-09_68f5589c5c4e7db49fe46b8a_0_265_2025-10-23_18-49-12/captures/before_alignment_3_4.jpg';1;'Thu Oct 23, 2025 at 14:52:34';'Thu Oct 23, 2025 at 14:52:34'
'before_alignment_3_3.jpg';'JHAMAB00019-09_68f5589c5c4e7db49fe46b8a_0_265_2025-10-23_18-49-12/captures/before_alignment_3_3.jpg';1;'Thu Oct 23, 2025 at 14:52:49';'Thu Oct 23, 2025 at 14:52:49'
'before_alignment_3_2.jpg';'JHAMAB00019-09_68f5589c5c4e7db49fe46b8a_0_265_2025-10-23_18-49-12/captures/before_alignment_3_2.jpg';1;'Thu Oct 23, 2025 at 14:53:04';'Thu Oct 23, 2025 at 14:53:04'
'before_alignment_3_1.jpg';'JHAMAB00019-09_68f5589c5c4e7db49fe46b8a_0_265_2025-10-23_18-49-12/captures/before_alignment_3_1.jpg';1;'Thu Oct 23, 2025 at 14:53:20';'Thu Oct 23, 2025 at 14:53:20'
'before_alignment_4_1.jpg';'JHAMAB00019-09_68f5589c5c4e7db49fe46b8a_0_265_2025-10-23_18-49-12/captures/before_alignment_4_1.jpg';1;'Thu Oct 23, 2025 at 14:53:36';'Thu Oct 23, 2025 at 14:53:36'
'before_alignment_4_2.jpg';'JHAMAB00019-09_68f5589c5c4e7db49fe46b8a_0_265_2025-10-23_18-49-12/captures/before_alignment_4_2.jpg';1;'Thu Oct 23, 2025 at 14:53:50';'Thu Oct 23, 2025 at 14:53:50'
'before_alignment_4_3.jpg';'JHAMAB00019-09_68f5589c5c4e7db49fe46b8a_0_265_2025-10-23_18-49-12/captures/before_alignment_4_3.jpg';1;'Thu Oct 23, 2025 at 14:54:06';'Thu Oct 23, 2025 at 14:54:06'
'before_alignment_4_4.jpg';'JHAMAB00019-09_68f5589c5c4e7db49fe46b8a_0_265_2025-10-23_18-49-12/captures/before_alignment_4_4.jpg';1;'Thu Oct 23, 2025 at 14:54:21';'Thu Oct 23, 2025 at 14:54:21'
'before_alignment_4_5.jpg';'JHAMAB00019-09_68f5589c5c4e7db49fe46b8a_0_265_2025-10-23_18-49-12/captures/before_alignment_4_5.jpg';1;'Thu Oct 23, 2025 at 14:54:36';'Thu Oct 23, 2025 at 14:54:36'
'before_alignment_5_5.jpg';'JHAMAB00019-09_68f5589c5c4e7db49fe46b8a_0_265_2025-10-23_18-49-12/captures/before_alignment_5_5.jpg';1;'Thu Oct 23, 2025 at 14:54:51';'Thu Oct 23, 2025 at 14:54:51'
'before_alignment_5_4.jpg';'JHAMAB00019-09_68f5589c5c4e7db49fe46b8a_0_265_2025-10-23_18-49-12/captures/before_alignment_5_4.jpg';1;'Thu Oct 23, 2025 at 14:55:06';'Thu Oct 23, 2025 at 14:55:06'
'before_alignment_5_3.jpg';'JHAMAB00019-09_68f5589c5c4e7db49fe46b8a_0_265_2025-10-23_18-49-12/captures/before_alignment_5_3.jpg';1;'Thu Oct 23, 2025 at 14:55:22';'Thu Oct 23, 2025 at 14:55:22'
'before_alignment_5_2.jpg';'JHAMAB00019-09_68f5589c5c4e7db49fe46b8a_0_265_2025-10-23_18-49-12/captures/before_alignment_5_2.jpg';1;'Thu Oct 23, 2025 at 14:55:37';'Thu Oct 23, 2025 at 14:55:37'
'before_alignment_5_1.jpg';'JHAMAB00019-09_68f5589c5c4e7db49fe46b8a_0_265_2025-10-23_18-49-12/captures/before_alignment_5_1.jpg';1;'Thu Oct 23, 2025 at 14:55:52';'Thu Oct 23, 2025 at 14:55:52'
'LMI_20251023_JHAMAB00019-09.csv';'JHAMAB00019-09_68f5589c5c4e7db49fe46b8a_0_265_2025-10-23_18-49-12/data_files/LMI_20251023_JHAMAB00019-09.csv';1;'Thu Oct 23, 2025 at 14:55:59';'Thu Oct 23, 2025 at 14:55:59'
'after_alignment_1_5.jpg';'JHAMAB00020-07_68f558f43f23e15e4e99bf9c_0_266_2025-10-23_19-01-46/captures/after_alignment_1_5.jpg';1;'Thu Oct 23, 2025 at 15:02:11';'Thu Oct 23, 2025 at 15:02:11'
'after_alignment_1_4.jpg';'JHAMAB00020-07_68f558f43f23e15e4e99bf9c_0_266_2025-10-23_19-01-46/captures/after_alignment_1_4.jpg';1;'Thu Oct 23, 2025 at 15:02:26';'Thu Oct 23, 2025 at 15:02:26'
'after_alignment_1_3.jpg';'JHAMAB00020-07_68f558f43f23e15e4e99bf9c_0_266_2025-10-23_19-01-46/captures/after_alignment_1_3.jpg';1;'Thu Oct 23, 2025 at 15:02:41';'Thu Oct 23, 2025 at 15:02:41'
'after_alignment_1_2.jpg';'JHAMAB00020-07_68f558f43f23e15e4e99bf9c_0_266_2025-10-23_19-01-46/captures/after_alignment_1_2.jpg';1;'Thu Oct 23, 2025 at 15:02:56';'Thu Oct 23, 2025 at 15:02:56'
'after_alignment_1_1.jpg';'JHAMAB00020-07_68f558f43f23e15e4e99bf9c_0_266_2025-10-23_19-01-46/captures/after_alignment_1_1.jpg';1;'Thu Oct 23, 2025 at 15:03:11';'Thu Oct 23, 2025 at 15:03:11'
'after_alignment_2_1.jpg';'JHAMAB00020-07_68f558f43f23e15e4e99bf9c_0_266_2025-10-23_19-01-46/captures/after_alignment_2_1.jpg';1;'Thu Oct 23, 2025 at 15:03:26';'Thu Oct 23, 2025 at 15:03:26'
'after_alignment_2_2.jpg';'JHAMAB00020-07_68f558f43f23e15e4e99bf9c_0_266_2025-10-23_19-01-46/captures/after_alignment_2_2.jpg';1;'Thu Oct 23, 2025 at 15:03:41';'Thu Oct 23, 2025 at 15:03:41'
'after_alignment_2_3.jpg';'JHAMAB00020-07_68f558f43f23e15e4e99bf9c_0_266_2025-10-23_19-01-46/captures/after_alignment_2_3.jpg';1;'Thu Oct 23, 2025 at 15:03:57';'Thu Oct 23, 2025 at 15:03:57'
'after_alignment_2_4.jpg';'JHAMAB00020-07_68f558f43f23e15e4e99bf9c_0_266_2025-10-23_19-01-46/captures/after_alignment_2_4.jpg';1;'Thu Oct 23, 2025 at 15:04:12';'Thu Oct 23, 2025 at 15:04:12'
'after_alignment_2_5.jpg';'JHAMAB00020-07_68f558f43f23e15e4e99bf9c_0_266_2025-10-23_19-01-46/captures/after_alignment_2_5.jpg';1;'Thu Oct 23, 2025 at 15:04:27';'Thu Oct 23, 2025 at 15:04:27'
'after_alignment_3_5.jpg';'JHAMAB00020-07_68f558f43f23e15e4e99bf9c_0_266_2025-10-23_19-01-46/captures/after_alignment_3_5.jpg';1;'Thu Oct 23, 2025 at 15:04:43';'Thu Oct 23, 2025 at 15:04:43'
'after_alignment_3_4.jpg';'JHAMAB00020-07_68f558f43f23e15e4e99bf9c_0_266_2025-10-23_19-01-46/captures/after_alignment_3_4.jpg';1;'Thu Oct 23, 2025 at 15:04:57';'Thu Oct 23, 2025 at 15:04:57'
'after_alignment_3_3.jpg';'JHAMAB00020-07_68f558f43f23e15e4e99bf9c_0_266_2025-10-23_19-01-46/captures/after_alignment_3_3.jpg';1;'Thu Oct 23, 2025 at 15:05:13';'Thu Oct 23, 2025 at 15:05:13'
'after_alignment_3_2.jpg';'JHAMAB00020-07_68f558f43f23e15e4e99bf9c_0_266_2025-10-23_19-01-46/captures/after_alignment_3_2.jpg';1;'Thu Oct 23, 2025 at 15:05:28';'Thu Oct 23, 2025 at 15:05:28'
'after_alignment_3_1.jpg';'JHAMAB00020-07_68f558f43f23e15e4e99bf9c_0_266_2025-10-23_19-01-46/captures/after_alignment_3_1.jpg';1;'Thu Oct 23, 2025 at 15:05:43';'Thu Oct 23, 2025 at 15:05:43'
'after_alignment_4_1.jpg';'JHAMAB00020-07_68f558f43f23e15e4e99bf9c_0_266_2025-10-23_19-01-46/captures/after_alignment_4_1.jpg';1;'Thu Oct 23, 2025 at 15:05:58';'Thu Oct 23, 2025 at 15:05:58'
'after_alignment_4_2.jpg';'JHAMAB00020-07_68f558f43f23e15e4e99bf9c_0_266_2025-10-23_19-01-46/captures/after_alignment_4_2.jpg';1;'Thu Oct 23, 2025 at 15:06:13';'Thu Oct 23, 2025 at 15:06:13'
'after_alignment_4_3.jpg';'JHAMAB00020-07_68f558f43f23e15e4e99bf9c_0_266_2025-10-23_19-01-46/captures/after_alignment_4_3.jpg';1;'Thu Oct 23, 2025 at 15:06:29';'Thu Oct 23, 2025 at 15:06:29'
'after_alignment_4_4.jpg';'JHAMAB00020-07_68f558f43f23e15e4e99bf9c_0_266_2025-10-23_19-01-46/captures/after_alignment_4_4.jpg';1;'Thu Oct 23, 2025 at 15:06:43';'Thu Oct 23, 2025 at 15:06:43'
'after_alignment_4_5.jpg';'JHAMAB00020-07_68f558f43f23e15e4e99bf9c_0_266_2025-10-23_19-01-46/captures/after_alignment_4_5.jpg';1;'Thu Oct 23, 2025 at 15:06:58';'Thu Oct 23, 2025 at 15:06:58'
'after_alignment_5_5.jpg';'JHAMAB00020-07_68f558f43f23e15e4e99bf9c_0_266_2025-10-23_19-01-46/captures/after_alignment_5_5.jpg';1;'Thu Oct 23, 2025 at 15:07:14';'Thu Oct 23, 2025 at 15:07:14'
'after_alignment_5_4.jpg';'JHAMAB00020-07_68f558f43f23e15e4e99bf9c_0_266_2025-10-23_19-01-46/captures/after_alignment_5_4.jpg';1;'Thu Oct 23, 2025 at 15:07:29';'Thu Oct 23, 2025 at 15:07:29'
'after_alignment_5_3.jpg';'JHAMAB00020-07_68f558f43f23e15e4e99bf9c_0_266_2025-10-23_19-01-46/captures/after_alignment_5_3.jpg';1;'Thu Oct 23, 2025 at 15:07:44';'Thu Oct 23, 2025 at 15:07:44'
'after_alignment_5_2.jpg';'JHAMAB00020-07_68f558f43f23e15e4e99bf9c_0_266_2025-10-23_19-01-46/captures/after_alignment_5_2.jpg';1;'Thu Oct 23, 2025 at 15:07:59';'Thu Oct 23, 2025 at 15:07:59'
'after_alignment_5_1.jpg';'JHAMAB00020-07_68f558f43f23e15e4e99bf9c_0_266_2025-10-23_19-01-46/captures/after_alignment_5_1.jpg';1;'Thu Oct 23, 2025 at 15:08:14';'Thu Oct 23, 2025 at 15:08:14'
'before_alignment_1_5.jpg';'JHAMAB00020-08_68f558f43f23e15e4e99bf9d_0_267_2025-10-23_19-12-14/captures/before_alignment_1_5.jpg';1;'Thu Oct 23, 2025 at 15:12:41';'Thu Oct 23, 2025 at 15:12:41'
'before_alignment_1_4.jpg';'JHAMAB00020-08_68f558f43f23e15e4e99bf9d_0_267_2025-10-23_19-12-14/captures/before_alignment_1_4.jpg';1;'Thu Oct 23, 2025 at 15:12:48';'Thu Oct 23, 2025 at 15:12:48'
'before_alignment_1_3.jpg';'JHAMAB00020-08_68f558f43f23e15e4e99bf9d_0_267_2025-10-23_19-12-14/captures/before_alignment_1_3.jpg';1;'Thu Oct 23, 2025 at 15:13:03';'Thu Oct 23, 2025 at 15:13:03'
'before_alignment_1_2.jpg';'JHAMAB00020-08_68f558f43f23e15e4e99bf9d_0_267_2025-10-23_19-12-14/captures/before_alignment_1_2.jpg';1;'Thu Oct 23, 2025 at 15:13:18';'Thu Oct 23, 2025 at 15:13:18'
'before_alignment_1_1.jpg';'JHAMAB00020-08_68f558f43f23e15e4e99bf9d_0_267_2025-10-23_19-12-14/captures/before_alignment_1_1.jpg';1;'Thu Oct 23, 2025 at 15:13:34';'Thu Oct 23, 2025 at 15:13:34'
'before_alignment_2_1.jpg';'JHAMAB00020-08_68f558f43f23e15e4e99bf9d_0_267_2025-10-23_19-12-14/captures/before_alignment_2_1.jpg';1;'Thu Oct 23, 2025 at 15:13:50';'Thu Oct 23, 2025 at 15:13:50'
'before_alignment_2_2.jpg';'JHAMAB00020-08_68f558f43f23e15e4e99bf9d_0_267_2025-10-23_19-12-14/captures/before_alignment_2_2.jpg';1;'Thu Oct 23, 2025 at 15:14:05';'Thu Oct 23, 2025 at 15:14:05'
'before_alignment_2_3.jpg';'JHAMAB00020-08_68f558f43f23e15e4e99bf9d_0_267_2025-10-23_19-12-14/captures/before_alignment_2_3.jpg';1;'Thu Oct 23, 2025 at 15:14:20';'Thu Oct 23, 2025 at 15:14:20'
'before_alignment_2_4.jpg';'JHAMAB00020-08_68f558f43f23e15e4e99bf9d_0_267_2025-10-23_19-12-14/captures/before_alignment_2_4.jpg';1;'Thu Oct 23, 2025 at 15:14:36';'Thu Oct 23, 2025 at 15:14:36'
'before_alignment_2_5.jpg';'JHAMAB00020-08_68f558f43f23e15e4e99bf9d_0_267_2025-10-23_19-12-14/captures/before_alignment_2_5.jpg';1;'Thu Oct 23, 2025 at 15:14:51';'Thu Oct 23, 2025 at 15:14:51'
'before_alignment_3_5.jpg';'JHAMAB00020-08_68f558f43f23e15e4e99bf9d_0_267_2025-10-23_19-12-14/captures/before_alignment_3_5.jpg';1;'Thu Oct 23, 2025 at 15:15:06';'Thu Oct 23, 2025 at 15:15:06'
'before_alignment_3_4.jpg';'JHAMAB00020-08_68f558f43f23e15e4e99bf9d_0_267_2025-10-23_19-12-14/captures/before_alignment_3_4.jpg';1;'Thu Oct 23, 2025 at 15:15:22';'Thu Oct 23, 2025 at 15:15:22'
'before_alignment_3_3.jpg';'JHAMAB00020-08_68f558f43f23e15e4e99bf9d_0_267_2025-10-23_19-12-14/captures/before_alignment_3_3.jpg';1;'Thu Oct 23, 2025 at 15:15:37';'Thu Oct 23, 2025 at 15:15:37'
'before_alignment_3_2.jpg';'JHAMAB00020-08_68f558f43f23e15e4e99bf9d_0_267_2025-10-23_19-12-14/captures/before_alignment_3_2.jpg';1;'Thu Oct 23, 2025 at 15:15:52';'Thu Oct 23, 2025 at 15:15:52'
'before_alignment_3_1.jpg';'JHAMAB00020-08_68f558f43f23e15e4e99bf9d_0_267_2025-10-23_19-12-14/captures/before_alignment_3_1.jpg';1;'Thu Oct 23, 2025 at 15:16:08';'Thu Oct 23, 2025 at 15:16:08'
'before_alignment_4_1.jpg';'JHAMAB00020-08_68f558f43f23e15e4e99bf9d_0_267_2025-10-23_19-12-14/captures/before_alignment_4_1.jpg';1;'Thu Oct 23, 2025 at 15:16:24';'Thu Oct 23, 2025 at 15:16:24'
'before_alignment_4_2.jpg';'JHAMAB00020-08_68f558f43f23e15e4e99bf9d_0_267_2025-10-23_19-12-14/captures/before_alignment_4_2.jpg';1;'Thu Oct 23, 2025 at 15:16:39';'Thu Oct 23, 2025 at 15:16:39'
'before_alignment_4_3.jpg';'JHAMAB00020-08_68f558f43f23e15e4e99bf9d_0_267_2025-10-23_19-12-14/captures/before_alignment_4_3.jpg';1;'Thu Oct 23, 2025 at 15:16:47';'Thu Oct 23, 2025 at 15:16:47'
'before_alignment_4_4.jpg';'JHAMAB00020-08_68f558f43f23e15e4e99bf9d_0_267_2025-10-23_19-12-14/captures/before_alignment_4_4.jpg';1;'Thu Oct 23, 2025 at 15:17:02';'Thu Oct 23, 2025 at 15:17:02'
'before_alignment_4_5.jpg';'JHAMAB00020-08_68f558f43f23e15e4e99bf9d_0_267_2025-10-23_19-12-14/captures/before_alignment_4_5.jpg';1;'Thu Oct 23, 2025 at 15:17:10';'Thu Oct 23, 2025 at 15:17:10'
'before_alignment_5_5.jpg';'JHAMAB00020-08_68f558f43f23e15e4e99bf9d_0_267_2025-10-23_19-12-14/captures/before_alignment_5_5.jpg';1;'Thu Oct 23, 2025 at 15:17:27';'Thu Oct 23, 2025 at 15:17:27'
'before_alignment_5_4.jpg';'JHAMAB00020-08_68f558f43f23e15e4e99bf9d_0_267_2025-10-23_19-12-14/captures/before_alignment_5_4.jpg';1;'Thu Oct 23, 2025 at 15:17:42';'Thu Oct 23, 2025 at 15:17:42'
'before_alignment_5_3.jpg';'JHAMAB00020-08_68f558f43f23e15e4e99bf9d_0_267_2025-10-23_19-12-14/captures/before_alignment_5_3.jpg';1;'Thu Oct 23, 2025 at 15:17:57';'Thu Oct 23, 2025 at 15:17:57'
'before_alignment_5_2.jpg';'JHAMAB00020-08_68f558f43f23e15e4e99bf9d_0_267_2025-10-23_19-12-14/captures/before_alignment_5_2.jpg';1;'Thu Oct 23, 2025 at 15:18:12';'Thu Oct 23, 2025 at 15:18:12'
'before_alignment_5_1.jpg';'JHAMAB00020-08_68f558f43f23e15e4e99bf9d_0_267_2025-10-23_19-12-14/captures/before_alignment_5_1.jpg';1;'Thu Oct 23, 2025 at 15:18:20';'Thu Oct 23, 2025 at 15:18:20'
'LMI_20251023_JHAMAB00020-08.csv';'JHAMAB00020-08_68f558f43f23e15e4e99bf9d_0_267_2025-10-23_19-12-14/data_files/LMI_20251023_JHAMAB00020-08.csv';1;'Thu Oct 23, 2025 at 15:18:28';'Thu Oct 23, 2025 at 15:18:28'
'after_alignment_1_5.jpg';'JHAMAB00020-09_68f558f43f23e15e4e99bf9e_0_268_2025-10-23_19-22-37/captures/after_alignment_1_5.jpg';1;'Thu Oct 23, 2025 at 15:23:07';'Thu Oct 23, 2025 at 15:23:07'
'after_alignment_1_4.jpg';'JHAMAB00020-09_68f558f43f23e15e4e99bf9e_0_268_2025-10-23_19-22-37/captures/after_alignment_1_4.jpg';1;'Thu Oct 23, 2025 at 15:23:17';'Thu Oct 23, 2025 at 15:23:17'
'after_alignment_1_3.jpg';'JHAMAB00020-09_68f558f43f23e15e4e99bf9e_0_268_2025-10-23_19-22-37/captures/after_alignment_1_3.jpg';1;'Thu Oct 23, 2025 at 15:23:32';'Thu Oct 23, 2025 at 15:23:32'
'after_alignment_1_2.jpg';'JHAMAB00020-09_68f558f43f23e15e4e99bf9e_0_268_2025-10-23_19-22-37/captures/after_alignment_1_2.jpg';1;'Thu Oct 23, 2025 at 15:23:49';'Thu Oct 23, 2025 at 15:23:49'
'after_alignment_1_1.jpg';'JHAMAB00020-09_68f558f43f23e15e4e99bf9e_0_268_2025-10-23_19-22-37/captures/after_alignment_1_1.jpg';1;'Thu Oct 23, 2025 at 15:24:04';'Thu Oct 23, 2025 at 15:24:04'
'after_alignment_2_1.jpg';'JHAMAB00020-09_68f558f43f23e15e4e99bf9e_0_268_2025-10-23_19-22-37/captures/after_alignment_2_1.jpg';1;'Thu Oct 23, 2025 at 15:24:20';'Thu Oct 23, 2025 at 15:24:20'
'after_alignment_2_2.jpg';'JHAMAB00020-09_68f558f43f23e15e4e99bf9e_0_268_2025-10-23_19-22-37/captures/after_alignment_2_2.jpg';1;'Thu Oct 23, 2025 at 15:24:35';'Thu Oct 23, 2025 at 15:24:35'
'after_alignment_2_3.jpg';'JHAMAB00020-09_68f558f43f23e15e4e99bf9e_0_268_2025-10-23_19-22-37/captures/after_alignment_2_3.jpg';1;'Thu Oct 23, 2025 at 15:24:51';'Thu Oct 23, 2025 at 15:24:51'
'after_alignment_2_4.jpg';'JHAMAB00020-09_68f558f43f23e15e4e99bf9e_0_268_2025-10-23_19-22-37/captures/after_alignment_2_4.jpg';1;'Thu Oct 23, 2025 at 15:25:06';'Thu Oct 23, 2025 at 15:25:06'
'after_alignment_2_5.jpg';'JHAMAB00020-09_68f558f43f23e15e4e99bf9e_0_268_2025-10-23_19-22-37/captures/after_alignment_2_5.jpg';1;'Thu Oct 23, 2025 at 15:25:21';'Thu Oct 23, 2025 at 15:25:21'
'after_alignment_3_5.jpg';'JHAMAB00020-09_68f558f43f23e15e4e99bf9e_0_268_2025-10-23_19-22-37/captures/after_alignment_3_5.jpg';1;'Thu Oct 23, 2025 at 15:25:36';'Thu Oct 23, 2025 at 15:25:36'
'after_alignment_3_4.jpg';'JHAMAB00020-09_68f558f43f23e15e4e99bf9e_0_268_2025-10-23_19-22-37/captures/after_alignment_3_4.jpg';1;'Thu Oct 23, 2025 at 15:25:52';'Thu Oct 23, 2025 at 15:25:52'
'after_alignment_3_3.jpg';'JHAMAB00020-09_68f558f43f23e15e4e99bf9e_0_268_2025-10-23_19-22-37/captures/after_alignment_3_3.jpg';1;'Thu Oct 23, 2025 at 15:26:08';'Thu Oct 23, 2025 at 15:26:08'
'after_alignment_3_2.jpg';'JHAMAB00020-09_68f558f43f23e15e4e99bf9e_0_268_2025-10-23_19-22-37/captures/after_alignment_3_2.jpg';1;'Thu Oct 23, 2025 at 15:26:23';'Thu Oct 23, 2025 at 15:26:23'
'after_alignment_3_1.jpg';'JHAMAB00020-09_68f558f43f23e15e4e99bf9e_0_268_2025-10-23_19-22-37/captures/after_alignment_3_1.jpg';1;'Thu Oct 23, 2025 at 15:26:38';'Thu Oct 23, 2025 at 15:26:38'
'after_alignment_4_1.jpg';'JHAMAB00020-09_68f558f43f23e15e4e99bf9e_0_268_2025-10-23_19-22-37/captures/after_alignment_4_1.jpg';1;'Thu Oct 23, 2025 at 15:26:53';'Thu Oct 23, 2025 at 15:26:53'
'after_alignment_4_2.jpg';'JHAMAB00020-09_68f558f43f23e15e4e99bf9e_0_268_2025-10-23_19-22-37/captures/after_alignment_4_2.jpg';1;'Thu Oct 23, 2025 at 15:27:08';'Thu Oct 23, 2025 at 15:27:08'
'after_alignment_4_3.jpg';'JHAMAB00020-09_68f558f43f23e15e4e99bf9e_0_268_2025-10-23_19-22-37/captures/after_alignment_4_3.jpg';1;'Thu Oct 23, 2025 at 15:27:23';'Thu Oct 23, 2025 at 15:27:23'
'after_alignment_4_4.jpg';'JHAMAB00020-09_68f558f43f23e15e4e99bf9e_0_268_2025-10-23_19-22-37/captures/after_alignment_4_4.jpg';1;'Thu Oct 23, 2025 at 15:27:31';'Thu Oct 23, 2025 at 15:27:31'
'after_alignment_4_5.jpg';'JHAMAB00020-09_68f558f43f23e15e4e99bf9e_0_268_2025-10-23_19-22-37/captures/after_alignment_4_5.jpg';1;'Thu Oct 23, 2025 at 15:27:39';'Thu Oct 23, 2025 at 15:27:39'
'after_alignment_5_5.jpg';'JHAMAB00020-09_68f558f43f23e15e4e99bf9e_0_268_2025-10-23_19-22-37/captures/after_alignment_5_5.jpg';1;'Thu Oct 23, 2025 at 15:27:55';'Thu Oct 23, 2025 at 15:27:55'
'after_alignment_5_4.jpg';'JHAMAB00020-09_68f558f43f23e15e4e99bf9e_0_268_2025-10-23_19-22-37/captures/after_alignment_5_4.jpg';1;'Thu Oct 23, 2025 at 15:28:09';'Thu Oct 23, 2025 at 15:28:09'
'after_alignment_5_3.jpg';'JHAMAB00020-09_68f558f43f23e15e4e99bf9e_0_268_2025-10-23_19-22-37/captures/after_alignment_5_3.jpg';1;'Thu Oct 23, 2025 at 15:28:25';'Thu Oct 23, 2025 at 15:28:25'
'after_alignment_5_2.jpg';'JHAMAB00020-09_68f558f43f23e15e4e99bf9e_0_268_2025-10-23_19-22-37/captures/after_alignment_5_2.jpg';1;'Thu Oct 23, 2025 at 15:28:40';'Thu Oct 23, 2025 at 15:28:40'
'after_alignment_5_1.jpg';'JHAMAB00020-09_68f558f43f23e15e4e99bf9e_0_268_2025-10-23_19-22-37/captures/after_alignment_5_1.jpg';1;'Thu Oct 23, 2025 at 15:28:55';'Thu Oct 23, 2025 at 15:28:55'
'before_alignment_1_5.jpg';'JHAMAB00021-05_68f5592a3f23e15e4e99bfb5_0_269_2025-10-23_19-34-08/captures/before_alignment_1_5.jpg';1;'Thu Oct 23, 2025 at 15:34:41';'Thu Oct 23, 2025 at 15:34:41'
'before_alignment_1_4.jpg';'JHAMAB00021-05_68f5592a3f23e15e4e99bfb5_0_269_2025-10-23_19-34-08/captures/before_alignment_1_4.jpg';1;'Thu Oct 23, 2025 at 15:34:48';'Thu Oct 23, 2025 at 15:34:48'
'before_alignment_1_3.jpg';'JHAMAB00021-05_68f5592a3f23e15e4e99bfb5_0_269_2025-10-23_19-34-08/captures/before_alignment_1_3.jpg';1;'Thu Oct 23, 2025 at 15:35:02';'Thu Oct 23, 2025 at 15:35:02'
'before_alignment_1_2.jpg';'JHAMAB00021-05_68f5592a3f23e15e4e99bfb5_0_269_2025-10-23_19-34-08/captures/before_alignment_1_2.jpg';1;'Thu Oct 23, 2025 at 15:35:16';'Thu Oct 23, 2025 at 15:35:16'
'before_alignment_1_1.jpg';'JHAMAB00021-05_68f5592a3f23e15e4e99bfb5_0_269_2025-10-23_19-34-08/captures/before_alignment_1_1.jpg';1;'Thu Oct 23, 2025 at 15:35:31';'Thu Oct 23, 2025 at 15:35:31'
'before_alignment_2_1.jpg';'JHAMAB00021-05_68f5592a3f23e15e4e99bfb5_0_269_2025-10-23_19-34-08/captures/before_alignment_2_1.jpg';1;'Thu Oct 23, 2025 at 15:35:46';'Thu Oct 23, 2025 at 15:35:46'
'before_alignment_2_2.jpg';'JHAMAB00021-05_68f5592a3f23e15e4e99bfb5_0_269_2025-10-23_19-34-08/captures/before_alignment_2_2.jpg';1;'Thu Oct 23, 2025 at 15:36:00';'Thu Oct 23, 2025 at 15:36:00'
'before_alignment_2_3.jpg';'JHAMAB00021-05_68f5592a3f23e15e4e99bfb5_0_269_2025-10-23_19-34-08/captures/before_alignment_2_3.jpg';1;'Thu Oct 23, 2025 at 15:36:18';'Thu Oct 23, 2025 at 15:36:18'
'before_alignment_2_4.jpg';'JHAMAB00021-05_68f5592a3f23e15e4e99bfb5_0_269_2025-10-23_19-34-08/captures/before_alignment_2_4.jpg';1;'Thu Oct 23, 2025 at 15:36:33';'Thu Oct 23, 2025 at 15:36:33'
'before_alignment_2_5.jpg';'JHAMAB00021-05_68f5592a3f23e15e4e99bfb5_0_269_2025-10-23_19-34-08/captures/before_alignment_2_5.jpg';1;'Thu Oct 23, 2025 at 15:36:48';'Thu Oct 23, 2025 at 15:36:48'
'before_alignment_3_5.jpg';'JHAMAB00021-05_68f5592a3f23e15e4e99bfb5_0_269_2025-10-23_19-34-08/captures/before_alignment_3_5.jpg';1;'Thu Oct 23, 2025 at 15:37:03';'Thu Oct 23, 2025 at 15:37:03'
'before_alignment_3_4.jpg';'JHAMAB00021-05_68f5592a3f23e15e4e99bfb5_0_269_2025-10-23_19-34-08/captures/before_alignment_3_4.jpg';1;'Thu Oct 23, 2025 at 15:37:18';'Thu Oct 23, 2025 at 15:37:18'
'before_alignment_3_3.jpg';'JHAMAB00021-05_68f5592a3f23e15e4e99bfb5_0_269_2025-10-23_19-34-08/captures/before_alignment_3_3.jpg';1;'Thu Oct 23, 2025 at 15:37:34';'Thu Oct 23, 2025 at 15:37:34'
'before_alignment_3_2.jpg';'JHAMAB00021-05_68f5592a3f23e15e4e99bfb5_0_269_2025-10-23_19-34-08/captures/before_alignment_3_2.jpg';1;'Thu Oct 23, 2025 at 15:37:49';'Thu Oct 23, 2025 at 15:37:49'
'before_alignment_3_1.jpg';'JHAMAB00021-05_68f5592a3f23e15e4e99bfb5_0_269_2025-10-23_19-34-08/captures/before_alignment_3_1.jpg';1;'Thu Oct 23, 2025 at 15:38:04';'Thu Oct 23, 2025 at 15:38:04'
'before_alignment_4_1.jpg';'JHAMAB00021-05_68f5592a3f23e15e4e99bfb5_0_269_2025-10-23_19-34-08/captures/before_alignment_4_1.jpg';1;'Thu Oct 23, 2025 at 15:38:19';'Thu Oct 23, 2025 at 15:38:19'
'before_alignment_4_2.jpg';'JHAMAB00021-05_68f5592a3f23e15e4e99bfb5_0_269_2025-10-23_19-34-08/captures/before_alignment_4_2.jpg';1;'Thu Oct 23, 2025 at 15:38:34';'Thu Oct 23, 2025 at 15:38:34'
'before_alignment_4_3.jpg';'JHAMAB00021-05_68f5592a3f23e15e4e99bfb5_0_269_2025-10-23_19-34-08/captures/before_alignment_4_3.jpg';1;'Thu Oct 23, 2025 at 15:38:49';'Thu Oct 23, 2025 at 15:38:49'
'before_alignment_4_4.jpg';'JHAMAB00021-05_68f5592a3f23e15e4e99bfb5_0_269_2025-10-23_19-34-08/captures/before_alignment_4_4.jpg';1;'Thu Oct 23, 2025 at 15:39:05';'Thu Oct 23, 2025 at 15:39:05'
'before_alignment_4_5.jpg';'JHAMAB00021-05_68f5592a3f23e15e4e99bfb5_0_269_2025-10-23_19-34-08/captures/before_alignment_4_5.jpg';1;'Thu Oct 23, 2025 at 15:39:19';'Thu Oct 23, 2025 at 15:39:19'
'before_alignment_5_5.jpg';'JHAMAB00021-05_68f5592a3f23e15e4e99bfb5_0_269_2025-10-23_19-34-08/captures/before_alignment_5_5.jpg';1;'Thu Oct 23, 2025 at 15:39:35';'Thu Oct 23, 2025 at 15:39:35'
'before_alignment_5_4.jpg';'JHAMAB00021-05_68f5592a3f23e15e4e99bfb5_0_269_2025-10-23_19-34-08/captures/before_alignment_5_4.jpg';1;'Thu Oct 23, 2025 at 15:39:50';'Thu Oct 23, 2025 at 15:39:50'
'before_alignment_5_3.jpg';'JHAMAB00021-05_68f5592a3f23e15e4e99bfb5_0_269_2025-10-23_19-34-08/captures/before_alignment_5_3.jpg';1;'Thu Oct 23, 2025 at 15:40:05';'Thu Oct 23, 2025 at 15:40:05'
'before_alignment_5_2.jpg';'JHAMAB00021-05_68f5592a3f23e15e4e99bfb5_0_269_2025-10-23_19-34-08/captures/before_alignment_5_2.jpg';1;'Thu Oct 23, 2025 at 15:40:20';'Thu Oct 23, 2025 at 15:40:20'
'before_alignment_5_1.jpg';'JHAMAB00021-05_68f5592a3f23e15e4e99bfb5_0_269_2025-10-23_19-34-08/captures/before_alignment_5_1.jpg';1;'Thu Oct 23, 2025 at 15:40:35';'Thu Oct 23, 2025 at 15:40:35'
'LMI_20251023_JHAMAB00021-05.csv';'JHAMAB00021-05_68f5592a3f23e15e4e99bfb5_0_269_2025-10-23_19-34-08/data_files/LMI_20251023_JHAMAB00021-05.csv';1;'Thu Oct 23, 2025 at 15:40:42';'Thu Oct 23, 2025 at 15:40:42'
'after_alignment_1_5.jpg';'JHAMAB00021-06_68f5592a3f23e15e4e99bfb6_0_270_2025-10-23_19-44-35/captures/after_alignment_1_5.jpg';1;'Thu Oct 23, 2025 at 15:45:09';'Thu Oct 23, 2025 at 15:45:09'
'after_alignment_1_4.jpg';'JHAMAB00021-06_68f5592a3f23e15e4e99bfb6_0_270_2025-10-23_19-44-35/captures/after_alignment_1_4.jpg';1;'Thu Oct 23, 2025 at 15:45:16';'Thu Oct 23, 2025 at 15:45:16'
'after_alignment_1_3.jpg';'JHAMAB00021-06_68f5592a3f23e15e4e99bfb6_0_270_2025-10-23_19-44-35/captures/after_alignment_1_3.jpg';1;'Thu Oct 23, 2025 at 15:45:31';'Thu Oct 23, 2025 at 15:45:31'
'after_alignment_1_2.jpg';'JHAMAB00021-06_68f5592a3f23e15e4e99bfb6_0_270_2025-10-23_19-44-35/captures/after_alignment_1_2.jpg';1;'Thu Oct 23, 2025 at 15:45:46';'Thu Oct 23, 2025 at 15:45:46'
'after_alignment_1_1.jpg';'JHAMAB00021-06_68f5592a3f23e15e4e99bfb6_0_270_2025-10-23_19-44-35/captures/after_alignment_1_1.jpg';1;'Thu Oct 23, 2025 at 15:46:02';'Thu Oct 23, 2025 at 15:46:02'
'after_alignment_2_1.jpg';'JHAMAB00021-06_68f5592a3f23e15e4e99bfb6_0_270_2025-10-23_19-44-35/captures/after_alignment_2_1.jpg';1;'Thu Oct 23, 2025 at 15:46:17';'Thu Oct 23, 2025 at 15:46:17'
'before_alignment_2_3.jpg';'JHAMAB00021-06_68f5592a3f23e15e4e99bfb6_0_270_2025-10-23_19-44-35/captures/before_alignment_2_3.jpg';1;'Thu Oct 23, 2025 at 15:46:51';'Thu Oct 23, 2025 at 15:46:51'
'before_alignment_2_4.jpg';'JHAMAB00021-06_68f5592a3f23e15e4e99bfb6_0_270_2025-10-23_19-44-35/captures/before_alignment_2_4.jpg';1;'Thu Oct 23, 2025 at 15:47:07';'Thu Oct 23, 2025 at 15:47:07'
'before_alignment_2_5.jpg';'JHAMAB00021-06_68f5592a3f23e15e4e99bfb6_0_270_2025-10-23_19-44-35/captures/before_alignment_2_5.jpg';1;'Thu Oct 23, 2025 at 15:47:22';'Thu Oct 23, 2025 at 15:47:22'
'before_alignment_3_5.jpg';'JHAMAB00021-06_68f5592a3f23e15e4e99bfb6_0_270_2025-10-23_19-44-35/captures/before_alignment_3_5.jpg';1;'Thu Oct 23, 2025 at 15:47:37';'Thu Oct 23, 2025 at 15:47:37'
'before_alignment_3_4.jpg';'JHAMAB00021-06_68f5592a3f23e15e4e99bfb6_0_270_2025-10-23_19-44-35/captures/before_alignment_3_4.jpg';1;'Thu Oct 23, 2025 at 15:47:52';'Thu Oct 23, 2025 at 15:47:52'
'before_alignment_3_3.jpg';'JHAMAB00021-06_68f5592a3f23e15e4e99bfb6_0_270_2025-10-23_19-44-35/captures/before_alignment_3_3.jpg';1;'Thu Oct 23, 2025 at 15:48:08';'Thu Oct 23, 2025 at 15:48:08'
'before_alignment_3_2.jpg';'JHAMAB00021-06_68f5592a3f23e15e4e99bfb6_0_270_2025-10-23_19-44-35/captures/before_alignment_3_2.jpg';1;'Thu Oct 23, 2025 at 15:48:35';'Thu Oct 23, 2025 at 15:48:35'
'after_alignment_3_1.jpg';'JHAMAB00021-06_68f5592a3f23e15e4e99bfb6_0_270_2025-10-23_19-44-35/captures/after_alignment_3_1.jpg';1;'Thu Oct 23, 2025 at 15:48:42';'Thu Oct 23, 2025 at 15:48:42'
'after_alignment_4_1.jpg';'JHAMAB00021-06_68f5592a3f23e15e4e99bfb6_0_270_2025-10-23_19-44-35/captures/after_alignment_4_1.jpg';1;'Thu Oct 23, 2025 at 15:48:57';'Thu Oct 23, 2025 at 15:48:57'
'after_alignment_4_2.jpg';'JHAMAB00021-06_68f5592a3f23e15e4e99bfb6_0_270_2025-10-23_19-44-35/captures/after_alignment_4_2.jpg';1;'Thu Oct 23, 2025 at 15:49:13';'Thu Oct 23, 2025 at 15:49:13'
'before_alignment_4_4.jpg';'JHAMAB00021-06_68f5592a3f23e15e4e99bfb6_0_270_2025-10-23_19-44-35/captures/before_alignment_4_4.jpg';1;'Thu Oct 23, 2025 at 15:49:47';'Thu Oct 23, 2025 at 15:49:47'
'before_alignment_4_5.jpg';'JHAMAB00021-06_68f5592a3f23e15e4e99bfb6_0_270_2025-10-23_19-44-35/captures/before_alignment_4_5.jpg';1;'Thu Oct 23, 2025 at 15:50:02';'Thu Oct 23, 2025 at 15:50:02'
'before_alignment_5_5.jpg';'JHAMAB00021-06_68f5592a3f23e15e4e99bfb6_0_270_2025-10-23_19-44-35/captures/before_alignment_5_5.jpg';1;'Thu Oct 23, 2025 at 15:50:18';'Thu Oct 23, 2025 at 15:50:18'
'before_alignment_5_4.jpg';'JHAMAB00021-06_68f5592a3f23e15e4e99bfb6_0_270_2025-10-23_19-44-35/captures/before_alignment_5_4.jpg';1;'Thu Oct 23, 2025 at 15:50:34';'Thu Oct 23, 2025 at 15:50:34'
'before_alignment_5_3.jpg';'JHAMAB00021-06_68f5592a3f23e15e4e99bfb6_0_270_2025-10-23_19-44-35/captures/before_alignment_5_3.jpg';1;'Thu Oct 23, 2025 at 15:50:49';'Thu Oct 23, 2025 at 15:50:49'
'before_alignment_5_2.jpg';'JHAMAB00021-06_68f5592a3f23e15e4e99bfb6_0_270_2025-10-23_19-44-35/captures/before_alignment_5_2.jpg';1;'Thu Oct 23, 2025 at 15:51:16';'Thu Oct 23, 2025 at 15:51:16'
'after_alignment_5_1.jpg';'JHAMAB00021-06_68f5592a3f23e15e4e99bfb6_0_270_2025-10-23_19-44-35/captures/after_alignment_5_1.jpg';1;'Thu Oct 23, 2025 at 15:51:23';'Thu Oct 23, 2025 at 15:51:23'
'before_alignment_1_5.jpg';'JHAMAB00019-10_68f5589c5c4e7db49fe46b8b_0_271_2025-10-23_19-55-19/captures/before_alignment_1_5.jpg';1;'Thu Oct 23, 2025 at 15:55:44';'Thu Oct 23, 2025 at 15:55:44'
'before_alignment_1_4.jpg';'JHAMAB00019-10_68f5589c5c4e7db49fe46b8b_0_271_2025-10-23_19-55-19/captures/before_alignment_1_4.jpg';1;'Thu Oct 23, 2025 at 15:56:00';'Thu Oct 23, 2025 at 15:56:00'
'before_alignment_1_3.jpg';'JHAMAB00019-10_68f5589c5c4e7db49fe46b8b_0_271_2025-10-23_19-55-19/captures/before_alignment_1_3.jpg';1;'Thu Oct 23, 2025 at 15:56:15';'Thu Oct 23, 2025 at 15:56:15'
'before_alignment_1_2.jpg';'JHAMAB00019-10_68f5589c5c4e7db49fe46b8b_0_271_2025-10-23_19-55-19/captures/before_alignment_1_2.jpg';1;'Thu Oct 23, 2025 at 15:56:30';'Thu Oct 23, 2025 at 15:56:30'
'before_alignment_1_1.jpg';'JHAMAB00019-10_68f5589c5c4e7db49fe46b8b_0_271_2025-10-23_19-55-19/captures/before_alignment_1_1.jpg';1;'Thu Oct 23, 2025 at 15:56:46';'Thu Oct 23, 2025 at 15:56:46'
'before_alignment_2_1.jpg';'JHAMAB00019-10_68f5589c5c4e7db49fe46b8b_0_271_2025-10-23_19-55-19/captures/before_alignment_2_1.jpg';1;'Thu Oct 23, 2025 at 15:57:02';'Thu Oct 23, 2025 at 15:57:02'
'before_alignment_2_2.jpg';'JHAMAB00019-10_68f5589c5c4e7db49fe46b8b_0_271_2025-10-23_19-55-19/captures/before_alignment_2_2.jpg';1;'Thu Oct 23, 2025 at 15:57:17';'Thu Oct 23, 2025 at 15:57:17'
'before_alignment_2_3.jpg';'JHAMAB00019-10_68f5589c5c4e7db49fe46b8b_0_271_2025-10-23_19-55-19/captures/before_alignment_2_3.jpg';1;'Thu Oct 23, 2025 at 15:57:32';'Thu Oct 23, 2025 at 15:57:32'
'before_alignment_2_4.jpg';'JHAMAB00019-10_68f5589c5c4e7db49fe46b8b_0_271_2025-10-23_19-55-19/captures/before_alignment_2_4.jpg';1;'Thu Oct 23, 2025 at 15:57:47';'Thu Oct 23, 2025 at 15:57:47'
'before_alignment_2_5.jpg';'JHAMAB00019-10_68f5589c5c4e7db49fe46b8b_0_271_2025-10-23_19-55-19/captures/before_alignment_2_5.jpg';1;'Thu Oct 23, 2025 at 15:58:03';'Thu Oct 23, 2025 at 15:58:03'
'before_alignment_3_5.jpg';'JHAMAB00019-10_68f5589c5c4e7db49fe46b8b_0_271_2025-10-23_19-55-19/captures/before_alignment_3_5.jpg';1;'Thu Oct 23, 2025 at 15:58:18';'Thu Oct 23, 2025 at 15:58:18'
'before_alignment_3_4.jpg';'JHAMAB00019-10_68f5589c5c4e7db49fe46b8b_0_271_2025-10-23_19-55-19/captures/before_alignment_3_4.jpg';1;'Thu Oct 23, 2025 at 15:58:33';'Thu Oct 23, 2025 at 15:58:33'
'before_alignment_3_3.jpg';'JHAMAB00019-10_68f5589c5c4e7db49fe46b8b_0_271_2025-10-23_19-55-19/captures/before_alignment_3_3.jpg';1;'Thu Oct 23, 2025 at 15:58:49';'Thu Oct 23, 2025 at 15:58:49'
'before_alignment_3_2.jpg';'JHAMAB00019-10_68f5589c5c4e7db49fe46b8b_0_271_2025-10-23_19-55-19/captures/before_alignment_3_2.jpg';1;'Thu Oct 23, 2025 at 15:59:04';'Thu Oct 23, 2025 at 15:59:04'
'before_alignment_3_1.jpg';'JHAMAB00019-10_68f5589c5c4e7db49fe46b8b_0_271_2025-10-23_19-55-19/captures/before_alignment_3_1.jpg';1;'Thu Oct 23, 2025 at 15:59:19';'Thu Oct 23, 2025 at 15:59:19'
'before_alignment_4_1.jpg';'JHAMAB00019-10_68f5589c5c4e7db49fe46b8b_0_271_2025-10-23_19-55-19/captures/before_alignment_4_1.jpg';1;'Thu Oct 23, 2025 at 15:59:34';'Thu Oct 23, 2025 at 15:59:34'
'before_alignment_4_2.jpg';'JHAMAB00019-10_68f5589c5c4e7db49fe46b8b_0_271_2025-10-23_19-55-19/captures/before_alignment_4_2.jpg';1;'Thu Oct 23, 2025 at 15:59:49';'Thu Oct 23, 2025 at 15:59:49'
'before_alignment_4_3.jpg';'JHAMAB00019-10_68f5589c5c4e7db49fe46b8b_0_271_2025-10-23_19-55-19/captures/before_alignment_4_3.jpg';1;'Thu Oct 23, 2025 at 16:00:04';'Thu Oct 23, 2025 at 16:00:04'
'before_alignment_4_4.jpg';'JHAMAB00019-10_68f5589c5c4e7db49fe46b8b_0_271_2025-10-23_19-55-19/captures/before_alignment_4_4.jpg';1;'Thu Oct 23, 2025 at 16:00:20';'Thu Oct 23, 2025 at 16:00:20'
'before_alignment_4_5.jpg';'JHAMAB00019-10_68f5589c5c4e7db49fe46b8b_0_271_2025-10-23_19-55-19/captures/before_alignment_4_5.jpg';1;'Thu Oct 23, 2025 at 16:00:35';'Thu Oct 23, 2025 at 16:00:35'
'before_alignment_5_5.jpg';'JHAMAB00019-10_68f5589c5c4e7db49fe46b8b_0_271_2025-10-23_19-55-19/captures/before_alignment_5_5.jpg';1;'Thu Oct 23, 2025 at 16:00:51';'Thu Oct 23, 2025 at 16:00:51'
'before_alignment_5_4.jpg';'JHAMAB00019-10_68f5589c5c4e7db49fe46b8b_0_271_2025-10-23_19-55-19/captures/before_alignment_5_4.jpg';1;'Thu Oct 23, 2025 at 16:01:05';'Thu Oct 23, 2025 at 16:01:05'
'before_alignment_5_3.jpg';'JHAMAB00019-10_68f5589c5c4e7db49fe46b8b_0_271_2025-10-23_19-55-19/captures/before_alignment_5_3.jpg';1;'Thu Oct 23, 2025 at 16:01:21';'Thu Oct 23, 2025 at 16:01:21'
'before_alignment_5_2.jpg';'JHAMAB00019-10_68f5589c5c4e7db49fe46b8b_0_271_2025-10-23_19-55-19/captures/before_alignment_5_2.jpg';1;'Thu Oct 23, 2025 at 16:01:37';'Thu Oct 23, 2025 at 16:01:37'
'before_alignment_5_1.jpg';'JHAMAB00019-10_68f5589c5c4e7db49fe46b8b_0_271_2025-10-23_19-55-19/captures/before_alignment_5_1.jpg';1;'Thu Oct 23, 2025 at 16:01:52';'Thu Oct 23, 2025 at 16:01:52'
'LMI_20251023_JHAMAB00019-10.csv';'JHAMAB00019-10_68f5589c5c4e7db49fe46b8b_0_271_2025-10-23_19-55-19/data_files/LMI_20251023_JHAMAB00019-10.csv';1;'Thu Oct 23, 2025 at 16:01:59';'Thu Oct 23, 2025 at 16:01:59'
'after_alignment_1_5.jpg';'JHAMAB00019-11_68f5589c5c4e7db49fe46b8c_0_272_2025-10-23_20-06-41/captures/after_alignment_1_5.jpg';1;'Thu Oct 23, 2025 at 16:07:06';'Thu Oct 23, 2025 at 16:07:06'
'after_alignment_1_4.jpg';'JHAMAB00019-11_68f5589c5c4e7db49fe46b8c_0_272_2025-10-23_20-06-41/captures/after_alignment_1_4.jpg';1;'Thu Oct 23, 2025 at 16:07:20';'Thu Oct 23, 2025 at 16:07:20'
'after_alignment_1_3.jpg';'JHAMAB00019-11_68f5589c5c4e7db49fe46b8c_0_272_2025-10-23_20-06-41/captures/after_alignment_1_3.jpg';1;'Thu Oct 23, 2025 at 16:07:35';'Thu Oct 23, 2025 at 16:07:35'
'after_alignment_1_2.jpg';'JHAMAB00019-11_68f5589c5c4e7db49fe46b8c_0_272_2025-10-23_20-06-41/captures/after_alignment_1_2.jpg';1;'Thu Oct 23, 2025 at 16:07:51';'Thu Oct 23, 2025 at 16:07:51'
'after_alignment_1_1.jpg';'JHAMAB00019-11_68f5589c5c4e7db49fe46b8c_0_272_2025-10-23_20-06-41/captures/after_alignment_1_1.jpg';1;'Thu Oct 23, 2025 at 16:08:06';'Thu Oct 23, 2025 at 16:08:06'
'after_alignment_2_1.jpg';'JHAMAB00019-11_68f5589c5c4e7db49fe46b8c_0_272_2025-10-23_20-06-41/captures/after_alignment_2_1.jpg';1;'Thu Oct 23, 2025 at 16:08:21';'Thu Oct 23, 2025 at 16:08:21'
'after_alignment_2_2.jpg';'JHAMAB00019-11_68f5589c5c4e7db49fe46b8c_0_272_2025-10-23_20-06-41/captures/after_alignment_2_2.jpg';1;'Thu Oct 23, 2025 at 16:08:36';'Thu Oct 23, 2025 at 16:08:36'
'after_alignment_2_3.jpg';'JHAMAB00019-11_68f5589c5c4e7db49fe46b8c_0_272_2025-10-23_20-06-41/captures/after_alignment_2_3.jpg';1;'Thu Oct 23, 2025 at 16:08:52';'Thu Oct 23, 2025 at 16:08:52'
'after_alignment_2_4.jpg';'JHAMAB00019-11_68f5589c5c4e7db49fe46b8c_0_272_2025-10-23_20-06-41/captures/after_alignment_2_4.jpg';1;'Thu Oct 23, 2025 at 16:09:08';'Thu Oct 23, 2025 at 16:09:08'
'after_alignment_2_5.jpg';'JHAMAB00019-11_68f5589c5c4e7db49fe46b8c_0_272_2025-10-23_20-06-41/captures/after_alignment_2_5.jpg';1;'Thu Oct 23, 2025 at 16:09:23';'Thu Oct 23, 2025 at 16:09:23'
'after_alignment_3_5.jpg';'JHAMAB00019-11_68f5589c5c4e7db49fe46b8c_0_272_2025-10-23_20-06-41/captures/after_alignment_3_5.jpg';1;'Thu Oct 23, 2025 at 16:09:38';'Thu Oct 23, 2025 at 16:09:38'
'after_alignment_3_4.jpg';'JHAMAB00019-11_68f5589c5c4e7db49fe46b8c_0_272_2025-10-23_20-06-41/captures/after_alignment_3_4.jpg';1;'Thu Oct 23, 2025 at 16:09:53';'Thu Oct 23, 2025 at 16:09:53'
'after_alignment_3_3.jpg';'JHAMAB00019-11_68f5589c5c4e7db49fe46b8c_0_272_2025-10-23_20-06-41/captures/after_alignment_3_3.jpg';1;'Thu Oct 23, 2025 at 16:10:08';'Thu Oct 23, 2025 at 16:10:08'
'after_alignment_3_2.jpg';'JHAMAB00019-11_68f5589c5c4e7db49fe46b8c_0_272_2025-10-23_20-06-41/captures/after_alignment_3_2.jpg';1;'Thu Oct 23, 2025 at 16:10:23';'Thu Oct 23, 2025 at 16:10:23'
'after_alignment_3_1.jpg';'JHAMAB00019-11_68f5589c5c4e7db49fe46b8c_0_272_2025-10-23_20-06-41/captures/after_alignment_3_1.jpg';1;'Thu Oct 23, 2025 at 16:10:38';'Thu Oct 23, 2025 at 16:10:38'
'after_alignment_4_1.jpg';'JHAMAB00019-11_68f5589c5c4e7db49fe46b8c_0_272_2025-10-23_20-06-41/captures/after_alignment_4_1.jpg';1;'Thu Oct 23, 2025 at 16:10:53';'Thu Oct 23, 2025 at 16:10:53'
'after_alignment_4_2.jpg';'JHAMAB00019-11_68f5589c5c4e7db49fe46b8c_0_272_2025-10-23_20-06-41/captures/after_alignment_4_2.jpg';1;'Thu Oct 23, 2025 at 16:11:09';'Thu Oct 23, 2025 at 16:11:09'
'after_alignment_4_3.jpg';'JHAMAB00019-11_68f5589c5c4e7db49fe46b8c_0_272_2025-10-23_20-06-41/captures/after_alignment_4_3.jpg';1;'Thu Oct 23, 2025 at 16:11:25';'Thu Oct 23, 2025 at 16:11:25'
'after_alignment_4_4.jpg';'JHAMAB00019-11_68f5589c5c4e7db49fe46b8c_0_272_2025-10-23_20-06-41/captures/after_alignment_4_4.jpg';1;'Thu Oct 23, 2025 at 16:11:40';'Thu Oct 23, 2025 at 16:11:40'
'after_alignment_4_5.jpg';'JHAMAB00019-11_68f5589c5c4e7db49fe46b8c_0_272_2025-10-23_20-06-41/captures/after_alignment_4_5.jpg';1;'Thu Oct 23, 2025 at 16:11:55';'Thu Oct 23, 2025 at 16:11:55'
'after_alignment_5_5.jpg';'JHAMAB00019-11_68f5589c5c4e7db49fe46b8c_0_272_2025-10-23_20-06-41/captures/after_alignment_5_5.jpg';1;'Thu Oct 23, 2025 at 16:12:10';'Thu Oct 23, 2025 at 16:12:10'
'after_alignment_5_4.jpg';'JHAMAB00019-11_68f5589c5c4e7db49fe46b8c_0_272_2025-10-23_20-06-41/captures/after_alignment_5_4.jpg';1;'Thu Oct 23, 2025 at 16:12:25';'Thu Oct 23, 2025 at 16:12:25'
'after_alignment_5_3.jpg';'JHAMAB00019-11_68f5589c5c4e7db49fe46b8c_0_272_2025-10-23_20-06-41/captures/after_alignment_5_3.jpg';1;'Thu Oct 23, 2025 at 16:12:40';'Thu Oct 23, 2025 at 16:12:40'
'after_alignment_5_2.jpg';'JHAMAB00019-11_68f5589c5c4e7db49fe46b8c_0_272_2025-10-23_20-06-41/captures/after_alignment_5_2.jpg';1;'Thu Oct 23, 2025 at 16:12:55';'Thu Oct 23, 2025 at 16:12:55'
'after_alignment_5_1.jpg';'JHAMAB00019-11_68f5589c5c4e7db49fe46b8c_0_272_2025-10-23_20-06-41/captures/after_alignment_5_1.jpg';1;'Thu Oct 23, 2025 at 16:13:10';'Thu Oct 23, 2025 at 16:13:10'
'before_alignment_1_5.jpg';'JHAMAB00019-12_68f5589c5c4e7db49fe46b8d_0_273_2025-10-23_20-16-39/captures/before_alignment_1_5.jpg';1;'Thu Oct 23, 2025 at 16:17:09';'Thu Oct 23, 2025 at 16:17:09'
'before_alignment_1_4.jpg';'JHAMAB00019-12_68f5589c5c4e7db49fe46b8d_0_273_2025-10-23_20-16-39/captures/before_alignment_1_4.jpg';1;'Thu Oct 23, 2025 at 16:17:19';'Thu Oct 23, 2025 at 16:17:19'
'before_alignment_1_3.jpg';'JHAMAB00019-12_68f5589c5c4e7db49fe46b8d_0_273_2025-10-23_20-16-39/captures/before_alignment_1_3.jpg';1;'Thu Oct 23, 2025 at 16:17:34';'Thu Oct 23, 2025 at 16:17:34'
'before_alignment_1_2.jpg';'JHAMAB00019-12_68f5589c5c4e7db49fe46b8d_0_273_2025-10-23_20-16-39/captures/before_alignment_1_2.jpg';1;'Thu Oct 23, 2025 at 16:17:49';'Thu Oct 23, 2025 at 16:17:49'
'before_alignment_1_1.jpg';'JHAMAB00019-12_68f5589c5c4e7db49fe46b8d_0_273_2025-10-23_20-16-39/captures/before_alignment_1_1.jpg';1;'Thu Oct 23, 2025 at 16:18:04';'Thu Oct 23, 2025 at 16:18:04'
'before_alignment_2_1.jpg';'JHAMAB00019-12_68f5589c5c4e7db49fe46b8d_0_273_2025-10-23_20-16-39/captures/before_alignment_2_1.jpg';1;'Thu Oct 23, 2025 at 16:18:19';'Thu Oct 23, 2025 at 16:18:19'
'before_alignment_2_2.jpg';'JHAMAB00019-12_68f5589c5c4e7db49fe46b8d_0_273_2025-10-23_20-16-39/captures/before_alignment_2_2.jpg';1;'Thu Oct 23, 2025 at 16:18:34';'Thu Oct 23, 2025 at 16:18:34'
'before_alignment_2_3.jpg';'JHAMAB00019-12_68f5589c5c4e7db49fe46b8d_0_273_2025-10-23_20-16-39/captures/before_alignment_2_3.jpg';1;'Thu Oct 23, 2025 at 16:18:49';'Thu Oct 23, 2025 at 16:18:49'
'before_alignment_2_4.jpg';'JHAMAB00019-12_68f5589c5c4e7db49fe46b8d_0_273_2025-10-23_20-16-39/captures/before_alignment_2_4.jpg';1;'Thu Oct 23, 2025 at 16:19:05';'Thu Oct 23, 2025 at 16:19:05'
'before_alignment_2_5.jpg';'JHAMAB00019-12_68f5589c5c4e7db49fe46b8d_0_273_2025-10-23_20-16-39/captures/before_alignment_2_5.jpg';1;'Thu Oct 23, 2025 at 16:19:20';'Thu Oct 23, 2025 at 16:19:20'
'before_alignment_3_5.jpg';'JHAMAB00019-12_68f5589c5c4e7db49fe46b8d_0_273_2025-10-23_20-16-39/captures/before_alignment_3_5.jpg';1;'Thu Oct 23, 2025 at 16:19:35';'Thu Oct 23, 2025 at 16:19:35'
'before_alignment_3_4.jpg';'JHAMAB00019-12_68f5589c5c4e7db49fe46b8d_0_273_2025-10-23_20-16-39/captures/before_alignment_3_4.jpg';1;'Thu Oct 23, 2025 at 16:19:50';'Thu Oct 23, 2025 at 16:19:50'
'before_alignment_3_3.jpg';'JHAMAB00019-12_68f5589c5c4e7db49fe46b8d_0_273_2025-10-23_20-16-39/captures/before_alignment_3_3.jpg';1;'Thu Oct 23, 2025 at 16:20:06';'Thu Oct 23, 2025 at 16:20:06'
'before_alignment_3_2.jpg';'JHAMAB00019-12_68f5589c5c4e7db49fe46b8d_0_273_2025-10-23_20-16-39/captures/before_alignment_3_2.jpg';1;'Thu Oct 23, 2025 at 16:20:20';'Thu Oct 23, 2025 at 16:20:20'
'before_alignment_3_1.jpg';'JHAMAB00019-12_68f5589c5c4e7db49fe46b8d_0_273_2025-10-23_20-16-39/captures/before_alignment_3_1.jpg';1;'Thu Oct 23, 2025 at 16:20:36';'Thu Oct 23, 2025 at 16:20:36'
'before_alignment_4_1.jpg';'JHAMAB00019-12_68f5589c5c4e7db49fe46b8d_0_273_2025-10-23_20-16-39/captures/before_alignment_4_1.jpg';1;'Thu Oct 23, 2025 at 16:20:51';'Thu Oct 23, 2025 at 16:20:51'
'before_alignment_4_2.jpg';'JHAMAB00019-12_68f5589c5c4e7db49fe46b8d_0_273_2025-10-23_20-16-39/captures/before_alignment_4_2.jpg';1;'Thu Oct 23, 2025 at 16:21:06';'Thu Oct 23, 2025 at 16:21:06'
'before_alignment_4_3.jpg';'JHAMAB00019-12_68f5589c5c4e7db49fe46b8d_0_273_2025-10-23_20-16-39/captures/before_alignment_4_3.jpg';1;'Thu Oct 23, 2025 at 16:21:21';'Thu Oct 23, 2025 at 16:21:21'
'before_alignment_4_4.jpg';'JHAMAB00019-12_68f5589c5c4e7db49fe46b8d_0_273_2025-10-23_20-16-39/captures/before_alignment_4_4.jpg';1;'Thu Oct 23, 2025 at 16:21:36';'Thu Oct 23, 2025 at 16:21:36'
'before_alignment_4_5.jpg';'JHAMAB00019-12_68f5589c5c4e7db49fe46b8d_0_273_2025-10-23_20-16-39/captures/before_alignment_4_5.jpg';1;'Thu Oct 23, 2025 at 16:21:51';'Thu Oct 23, 2025 at 16:21:51'
'before_alignment_5_5.jpg';'JHAMAB00019-12_68f5589c5c4e7db49fe46b8d_0_273_2025-10-23_20-16-39/captures/before_alignment_5_5.jpg';1;'Thu Oct 23, 2025 at 16:22:06';'Thu Oct 23, 2025 at 16:22:06'
'before_alignment_5_4.jpg';'JHAMAB00019-12_68f5589c5c4e7db49fe46b8d_0_273_2025-10-23_20-16-39/captures/before_alignment_5_4.jpg';1;'Thu Oct 23, 2025 at 16:22:21';'Thu Oct 23, 2025 at 16:22:21'
'before_alignment_5_3.jpg';'JHAMAB00019-12_68f5589c5c4e7db49fe46b8d_0_273_2025-10-23_20-16-39/captures/before_alignment_5_3.jpg';1;'Thu Oct 23, 2025 at 16:22:36';'Thu Oct 23, 2025 at 16:22:36'
'before_alignment_5_2.jpg';'JHAMAB00019-12_68f5589c5c4e7db49fe46b8d_0_273_2025-10-23_20-16-39/captures/before_alignment_5_2.jpg';1;'Thu Oct 23, 2025 at 16:22:52';'Thu Oct 23, 2025 at 16:22:52'
'before_alignment_5_1.jpg';'JHAMAB00019-12_68f5589c5c4e7db49fe46b8d_0_273_2025-10-23_20-16-39/captures/before_alignment_5_1.jpg';1;'Thu Oct 23, 2025 at 16:23:06';'Thu Oct 23, 2025 at 16:23:06'
'LMI_20251023_JHAMAB00019-12.csv';'JHAMAB00019-12_68f5589c5c4e7db49fe46b8d_0_273_2025-10-23_20-16-39/data_files/LMI_20251023_JHAMAB00019-12.csv';1;'Thu Oct 23, 2025 at 16:23:14';'Thu Oct 23, 2025 at 16:23:14'
'before_alignment_1_5.jpg';'JHAMAB00020-10_68f558f43f23e15e4e99bf9f_0_274_2025-10-23_20-31-42/captures/before_alignment_1_5.jpg';1;'Thu Oct 23, 2025 at 16:32:17';'Thu Oct 23, 2025 at 16:32:17'
'before_alignment_1_4.jpg';'JHAMAB00020-10_68f558f43f23e15e4e99bf9f_0_274_2025-10-23_20-31-42/captures/before_alignment_1_4.jpg';1;'Thu Oct 23, 2025 at 16:32:22';'Thu Oct 23, 2025 at 16:32:22'
'before_alignment_1_3.jpg';'JHAMAB00020-10_68f558f43f23e15e4e99bf9f_0_274_2025-10-23_20-31-42/captures/before_alignment_1_3.jpg';1;'Thu Oct 23, 2025 at 16:32:37';'Thu Oct 23, 2025 at 16:32:37'
'before_alignment_1_2.jpg';'JHAMAB00020-10_68f558f43f23e15e4e99bf9f_0_274_2025-10-23_20-31-42/captures/before_alignment_1_2.jpg';1;'Thu Oct 23, 2025 at 16:32:52';'Thu Oct 23, 2025 at 16:32:52'
'before_alignment_1_1.jpg';'JHAMAB00020-10_68f558f43f23e15e4e99bf9f_0_274_2025-10-23_20-31-42/captures/before_alignment_1_1.jpg';1;'Thu Oct 23, 2025 at 16:33:07';'Thu Oct 23, 2025 at 16:33:07'
'before_alignment_2_1.jpg';'JHAMAB00020-10_68f558f43f23e15e4e99bf9f_0_274_2025-10-23_20-31-42/captures/before_alignment_2_1.jpg';1;'Thu Oct 23, 2025 at 16:33:23';'Thu Oct 23, 2025 at 16:33:23'
'before_alignment_2_2.jpg';'JHAMAB00020-10_68f558f43f23e15e4e99bf9f_0_274_2025-10-23_20-31-42/captures/before_alignment_2_2.jpg';1;'Thu Oct 23, 2025 at 16:33:30';'Thu Oct 23, 2025 at 16:33:30'
'before_alignment_2_3.jpg';'JHAMAB00020-10_68f558f43f23e15e4e99bf9f_0_274_2025-10-23_20-31-42/captures/before_alignment_2_3.jpg';1;'Thu Oct 23, 2025 at 16:33:45';'Thu Oct 23, 2025 at 16:33:45'
'before_alignment_2_4.jpg';'JHAMAB00020-10_68f558f43f23e15e4e99bf9f_0_274_2025-10-23_20-31-42/captures/before_alignment_2_4.jpg';1;'Thu Oct 23, 2025 at 16:34:00';'Thu Oct 23, 2025 at 16:34:00'
'before_alignment_2_5.jpg';'JHAMAB00020-10_68f558f43f23e15e4e99bf9f_0_274_2025-10-23_20-31-42/captures/before_alignment_2_5.jpg';1;'Thu Oct 23, 2025 at 16:34:15';'Thu Oct 23, 2025 at 16:34:15'
'before_alignment_3_5.jpg';'JHAMAB00020-10_68f558f43f23e15e4e99bf9f_0_274_2025-10-23_20-31-42/captures/before_alignment_3_5.jpg';1;'Thu Oct 23, 2025 at 16:34:31';'Thu Oct 23, 2025 at 16:34:31'
'before_alignment_3_4.jpg';'JHAMAB00020-10_68f558f43f23e15e4e99bf9f_0_274_2025-10-23_20-31-42/captures/before_alignment_3_4.jpg';1;'Thu Oct 23, 2025 at 16:34:45';'Thu Oct 23, 2025 at 16:34:45'
'before_alignment_3_3.jpg';'JHAMAB00020-10_68f558f43f23e15e4e99bf9f_0_274_2025-10-23_20-31-42/captures/before_alignment_3_3.jpg';1;'Thu Oct 23, 2025 at 16:35:01';'Thu Oct 23, 2025 at 16:35:01'
'before_alignment_3_2.jpg';'JHAMAB00020-10_68f558f43f23e15e4e99bf9f_0_274_2025-10-23_20-31-42/captures/before_alignment_3_2.jpg';1;'Thu Oct 23, 2025 at 16:35:16';'Thu Oct 23, 2025 at 16:35:16'
'before_alignment_3_1.jpg';'JHAMAB00020-10_68f558f43f23e15e4e99bf9f_0_274_2025-10-23_20-31-42/captures/before_alignment_3_1.jpg';1;'Thu Oct 23, 2025 at 16:35:31';'Thu Oct 23, 2025 at 16:35:31'
'before_alignment_4_1.jpg';'JHAMAB00020-10_68f558f43f23e15e4e99bf9f_0_274_2025-10-23_20-31-42/captures/before_alignment_4_1.jpg';1;'Thu Oct 23, 2025 at 16:35:47';'Thu Oct 23, 2025 at 16:35:47'
'before_alignment_4_2.jpg';'JHAMAB00020-10_68f558f43f23e15e4e99bf9f_0_274_2025-10-23_20-31-42/captures/before_alignment_4_2.jpg';1;'Thu Oct 23, 2025 at 16:36:02';'Thu Oct 23, 2025 at 16:36:02'
'before_alignment_4_3.jpg';'JHAMAB00020-10_68f558f43f23e15e4e99bf9f_0_274_2025-10-23_20-31-42/captures/before_alignment_4_3.jpg';1;'Thu Oct 23, 2025 at 16:36:17';'Thu Oct 23, 2025 at 16:36:17'
'before_alignment_4_4.jpg';'JHAMAB00020-10_68f558f43f23e15e4e99bf9f_0_274_2025-10-23_20-31-42/captures/before_alignment_4_4.jpg';1;'Thu Oct 23, 2025 at 16:36:31';'Thu Oct 23, 2025 at 16:36:31'
'before_alignment_4_5.jpg';'JHAMAB00020-10_68f558f43f23e15e4e99bf9f_0_274_2025-10-23_20-31-42/captures/before_alignment_4_5.jpg';1;'Thu Oct 23, 2025 at 16:36:47';'Thu Oct 23, 2025 at 16:36:47'
'before_alignment_5_5.jpg';'JHAMAB00020-10_68f558f43f23e15e4e99bf9f_0_274_2025-10-23_20-31-42/captures/before_alignment_5_5.jpg';1;'Thu Oct 23, 2025 at 16:37:02';'Thu Oct 23, 2025 at 16:37:02'
'before_alignment_5_4.jpg';'JHAMAB00020-10_68f558f43f23e15e4e99bf9f_0_274_2025-10-23_20-31-42/captures/before_alignment_5_4.jpg';1;'Thu Oct 23, 2025 at 16:37:18';'Thu Oct 23, 2025 at 16:37:18'
'before_alignment_5_3.jpg';'JHAMAB00020-10_68f558f43f23e15e4e99bf9f_0_274_2025-10-23_20-31-42/captures/before_alignment_5_3.jpg';1;'Thu Oct 23, 2025 at 16:37:33';'Thu Oct 23, 2025 at 16:37:33'
'before_alignment_5_2.jpg';'JHAMAB00020-10_68f558f43f23e15e4e99bf9f_0_274_2025-10-23_20-31-42/captures/before_alignment_5_2.jpg';1;'Thu Oct 23, 2025 at 16:37:48';'Thu Oct 23, 2025 at 16:37:48'
'before_alignment_5_1.jpg';'JHAMAB00020-10_68f558f43f23e15e4e99bf9f_0_274_2025-10-23_20-31-42/captures/before_alignment_5_1.jpg';1;'Thu Oct 23, 2025 at 16:38:03';'Thu Oct 23, 2025 at 16:38:03'
'LMI_20251023_JHAMAB00020-10.csv';'JHAMAB00020-10_68f558f43f23e15e4e99bf9f_0_274_2025-10-23_20-31-42/data_files/LMI_20251023_JHAMAB00020-10.csv';1;'Thu Oct 23, 2025 at 16:38:10';'Thu Oct 23, 2025 at 16:38:10'
'after_alignment_1_5.jpg';'JHAMAB00020-11_68f558f43f23e15e4e99bfa0_0_275_2025-10-23_20-43-03/captures/after_alignment_1_5.jpg';1;'Thu Oct 23, 2025 at 16:43:33';'Thu Oct 23, 2025 at 16:43:33'
'after_alignment_1_4.jpg';'JHAMAB00020-11_68f558f43f23e15e4e99bfa0_0_275_2025-10-23_20-43-03/captures/after_alignment_1_4.jpg';1;'Thu Oct 23, 2025 at 16:43:43';'Thu Oct 23, 2025 at 16:43:43'
'after_alignment_1_3.jpg';'JHAMAB00020-11_68f558f43f23e15e4e99bfa0_0_275_2025-10-23_20-43-03/captures/after_alignment_1_3.jpg';1;'Thu Oct 23, 2025 at 16:43:58';'Thu Oct 23, 2025 at 16:43:58'
'after_alignment_1_2.jpg';'JHAMAB00020-11_68f558f43f23e15e4e99bfa0_0_275_2025-10-23_20-43-03/captures/after_alignment_1_2.jpg';1;'Thu Oct 23, 2025 at 16:44:13';'Thu Oct 23, 2025 at 16:44:13'
'after_alignment_1_1.jpg';'JHAMAB00020-11_68f558f43f23e15e4e99bfa0_0_275_2025-10-23_20-43-03/captures/after_alignment_1_1.jpg';1;'Thu Oct 23, 2025 at 16:44:28';'Thu Oct 23, 2025 at 16:44:28'
'after_alignment_2_1.jpg';'JHAMAB00020-11_68f558f43f23e15e4e99bfa0_0_275_2025-10-23_20-43-03/captures/after_alignment_2_1.jpg';1;'Thu Oct 23, 2025 at 16:44:44';'Thu Oct 23, 2025 at 16:44:44'
'after_alignment_2_2.jpg';'JHAMAB00020-11_68f558f43f23e15e4e99bfa0_0_275_2025-10-23_20-43-03/captures/after_alignment_2_2.jpg';1;'Thu Oct 23, 2025 at 16:44:59';'Thu Oct 23, 2025 at 16:44:59'
'after_alignment_2_3.jpg';'JHAMAB00020-11_68f558f43f23e15e4e99bfa0_0_275_2025-10-23_20-43-03/captures/after_alignment_2_3.jpg';1;'Thu Oct 23, 2025 at 16:45:14';'Thu Oct 23, 2025 at 16:45:14'
'after_alignment_2_4.jpg';'JHAMAB00020-11_68f558f43f23e15e4e99bfa0_0_275_2025-10-23_20-43-03/captures/after_alignment_2_4.jpg';1;'Thu Oct 23, 2025 at 16:45:29';'Thu Oct 23, 2025 at 16:45:29'
'after_alignment_2_5.jpg';'JHAMAB00020-11_68f558f43f23e15e4e99bfa0_0_275_2025-10-23_20-43-03/captures/after_alignment_2_5.jpg';1;'Thu Oct 23, 2025 at 16:45:46';'Thu Oct 23, 2025 at 16:45:46'
'after_alignment_3_5.jpg';'JHAMAB00020-11_68f558f43f23e15e4e99bfa0_0_275_2025-10-23_20-43-03/captures/after_alignment_3_5.jpg';1;'Thu Oct 23, 2025 at 16:46:01';'Thu Oct 23, 2025 at 16:46:01'
'after_alignment_3_4.jpg';'JHAMAB00020-11_68f558f43f23e15e4e99bfa0_0_275_2025-10-23_20-43-03/captures/after_alignment_3_4.jpg';1;'Thu Oct 23, 2025 at 16:46:15';'Thu Oct 23, 2025 at 16:46:15'
'after_alignment_3_3.jpg';'JHAMAB00020-11_68f558f43f23e15e4e99bfa0_0_275_2025-10-23_20-43-03/captures/after_alignment_3_3.jpg';1;'Thu Oct 23, 2025 at 16:46:31';'Thu Oct 23, 2025 at 16:46:31'
'after_alignment_3_2.jpg';'JHAMAB00020-11_68f558f43f23e15e4e99bfa0_0_275_2025-10-23_20-43-03/captures/after_alignment_3_2.jpg';1;'Thu Oct 23, 2025 at 16:46:46';'Thu Oct 23, 2025 at 16:46:46'
'after_alignment_3_1.jpg';'JHAMAB00020-11_68f558f43f23e15e4e99bfa0_0_275_2025-10-23_20-43-03/captures/after_alignment_3_1.jpg';1;'Thu Oct 23, 2025 at 16:47:01';'Thu Oct 23, 2025 at 16:47:01'
'after_alignment_4_1.jpg';'JHAMAB00020-11_68f558f43f23e15e4e99bfa0_0_275_2025-10-23_20-43-03/captures/after_alignment_4_1.jpg';1;'Thu Oct 23, 2025 at 16:47:16';'Thu Oct 23, 2025 at 16:47:16'
'after_alignment_4_2.jpg';'JHAMAB00020-11_68f558f43f23e15e4e99bfa0_0_275_2025-10-23_20-43-03/captures/after_alignment_4_2.jpg';1;'Thu Oct 23, 2025 at 16:47:31';'Thu Oct 23, 2025 at 16:47:31'
'after_alignment_4_3.jpg';'JHAMAB00020-11_68f558f43f23e15e4e99bfa0_0_275_2025-10-23_20-43-03/captures/after_alignment_4_3.jpg';1;'Thu Oct 23, 2025 at 16:47:46';'Thu Oct 23, 2025 at 16:47:46'
'after_alignment_4_4.jpg';'JHAMAB00020-11_68f558f43f23e15e4e99bfa0_0_275_2025-10-23_20-43-03/captures/after_alignment_4_4.jpg';1;'Thu Oct 23, 2025 at 16:48:01';'Thu Oct 23, 2025 at 16:48:01'
'after_alignment_4_5.jpg';'JHAMAB00020-11_68f558f43f23e15e4e99bfa0_0_275_2025-10-23_20-43-03/captures/after_alignment_4_5.jpg';1;'Thu Oct 23, 2025 at 16:48:17';'Thu Oct 23, 2025 at 16:48:17'
'after_alignment_5_5.jpg';'JHAMAB00020-11_68f558f43f23e15e4e99bfa0_0_275_2025-10-23_20-43-03/captures/after_alignment_5_5.jpg';1;'Thu Oct 23, 2025 at 16:48:32';'Thu Oct 23, 2025 at 16:48:32'
'after_alignment_5_4.jpg';'JHAMAB00020-11_68f558f43f23e15e4e99bfa0_0_275_2025-10-23_20-43-03/captures/after_alignment_5_4.jpg';1;'Thu Oct 23, 2025 at 16:48:47';'Thu Oct 23, 2025 at 16:48:47'
'after_alignment_5_3.jpg';'JHAMAB00020-11_68f558f43f23e15e4e99bfa0_0_275_2025-10-23_20-43-03/captures/after_alignment_5_3.jpg';1;'Thu Oct 23, 2025 at 16:49:02';'Thu Oct 23, 2025 at 16:49:02'
'after_alignment_5_2.jpg';'JHAMAB00020-11_68f558f43f23e15e4e99bfa0_0_275_2025-10-23_20-43-03/captures/after_alignment_5_2.jpg';1;'Thu Oct 23, 2025 at 16:49:17';'Thu Oct 23, 2025 at 16:49:17'
'after_alignment_5_1.jpg';'JHAMAB00020-11_68f558f43f23e15e4e99bfa0_0_275_2025-10-23_20-43-03/captures/after_alignment_5_1.jpg';1;'Thu Oct 23, 2025 at 16:49:32';'Thu Oct 23, 2025 at 16:49:32'
'before_alignment_1_5.jpg';'JHAMAB00020-12_68f558f43f23e15e4e99bfa1_0_276_2025-10-23_20-53-49/captures/before_alignment_1_5.jpg';1;'Thu Oct 23, 2025 at 16:54:25';'Thu Oct 23, 2025 at 16:54:25'
'before_alignment_1_3.jpg';'JHAMAB00020-12_68f558f43f23e15e4e99bfa1_0_276_2025-10-23_20-53-49/captures/before_alignment_1_3.jpg';1;'Thu Oct 23, 2025 at 16:55:03';'Thu Oct 23, 2025 at 16:55:03'
'before_alignment_1_1.jpg';'JHAMAB00020-12_68f558f43f23e15e4e99bfa1_0_276_2025-10-23_20-53-49/captures/before_alignment_1_1.jpg';1;'Thu Oct 23, 2025 at 16:55:42';'Thu Oct 23, 2025 at 16:55:42'
'before_alignment_2_2.jpg';'JHAMAB00020-12_68f558f43f23e15e4e99bfa1_0_276_2025-10-23_20-53-49/captures/before_alignment_2_2.jpg';1;'Thu Oct 23, 2025 at 16:56:20';'Thu Oct 23, 2025 at 16:56:20'
'before_alignment_2_4.jpg';'JHAMAB00020-12_68f558f43f23e15e4e99bfa1_0_276_2025-10-23_20-53-49/captures/before_alignment_2_4.jpg';1;'Thu Oct 23, 2025 at 16:56:59';'Thu Oct 23, 2025 at 16:56:59'
'before_alignment_3_5.jpg';'JHAMAB00020-12_68f558f43f23e15e4e99bfa1_0_276_2025-10-23_20-53-49/captures/before_alignment_3_5.jpg';1;'Thu Oct 23, 2025 at 16:57:37';'Thu Oct 23, 2025 at 16:57:37'
'before_alignment_3_3.jpg';'JHAMAB00020-12_68f558f43f23e15e4e99bfa1_0_276_2025-10-23_20-53-49/captures/before_alignment_3_3.jpg';1;'Thu Oct 23, 2025 at 16:58:15';'Thu Oct 23, 2025 at 16:58:15'
'before_alignment_3_1.jpg';'JHAMAB00020-12_68f558f43f23e15e4e99bfa1_0_276_2025-10-23_20-53-49/captures/before_alignment_3_1.jpg';1;'Thu Oct 23, 2025 at 16:58:53';'Thu Oct 23, 2025 at 16:58:53'
'before_alignment_4_2.jpg';'JHAMAB00020-12_68f558f43f23e15e4e99bfa1_0_276_2025-10-23_20-53-49/captures/before_alignment_4_2.jpg';1;'Thu Oct 23, 2025 at 16:59:32';'Thu Oct 23, 2025 at 16:59:32'
'before_alignment_4_4.jpg';'JHAMAB00020-12_68f558f43f23e15e4e99bfa1_0_276_2025-10-23_20-53-49/captures/before_alignment_4_4.jpg';1;'Thu Oct 23, 2025 at 17:00:10';'Thu Oct 23, 2025 at 17:00:10'
'before_alignment_5_5.jpg';'JHAMAB00020-12_68f558f43f23e15e4e99bfa1_0_276_2025-10-23_20-53-49/captures/before_alignment_5_5.jpg';1;'Thu Oct 23, 2025 at 17:00:48';'Thu Oct 23, 2025 at 17:00:48'
'before_alignment_5_3.jpg';'JHAMAB00020-12_68f558f43f23e15e4e99bfa1_0_276_2025-10-23_20-53-49/captures/before_alignment_5_3.jpg';1;'Thu Oct 23, 2025 at 17:01:27';'Thu Oct 23, 2025 at 17:01:27'
'before_alignment_5_1.jpg';'JHAMAB00020-12_68f558f43f23e15e4e99bfa1_0_276_2025-10-23_20-53-49/captures/before_alignment_5_1.jpg';1;'Thu Oct 23, 2025 at 17:02:06';'Thu Oct 23, 2025 at 17:02:06'
'before_alignment_1_5.jpg';'JHAMAB00020-12_68f558f43f23e15e4e99bfa1_0_277_2025-10-23_21-07-15/captures/before_alignment_1_5.jpg';1;'Thu Oct 23, 2025 at 17:07:44';'Thu Oct 23, 2025 at 17:07:44'
'before_alignment_1_4.jpg';'JHAMAB00020-12_68f558f43f23e15e4e99bfa1_0_277_2025-10-23_21-07-15/captures/before_alignment_1_4.jpg';1;'Thu Oct 23, 2025 at 17:07:44';'Thu Oct 23, 2025 at 17:07:44'
'before_alignment_1_3.jpg';'JHAMAB00020-12_68f558f43f23e15e4e99bfa1_0_277_2025-10-23_21-07-15/captures/before_alignment_1_3.jpg';1;'Thu Oct 23, 2025 at 17:07:52';'Thu Oct 23, 2025 at 17:07:52'
'before_alignment_1_2.jpg';'JHAMAB00020-12_68f558f43f23e15e4e99bfa1_0_277_2025-10-23_21-07-15/captures/before_alignment_1_2.jpg';1;'Thu Oct 23, 2025 at 17:08:08';'Thu Oct 23, 2025 at 17:08:08'
'before_alignment_1_1.jpg';'JHAMAB00020-12_68f558f43f23e15e4e99bfa1_0_277_2025-10-23_21-07-15/captures/before_alignment_1_1.jpg';1;'Thu Oct 23, 2025 at 17:08:22';'Thu Oct 23, 2025 at 17:08:22'
'before_alignment_2_1.jpg';'JHAMAB00020-12_68f558f43f23e15e4e99bfa1_0_277_2025-10-23_21-07-15/captures/before_alignment_2_1.jpg';1;'Thu Oct 23, 2025 at 17:08:50';'Thu Oct 23, 2025 at 17:08:50'
'before_alignment_1_5.jpg';'JHAMAB00022-01_690b972cbdbc07658446b192_0_339_2025-11-06_16-13-43/captures/before_alignment_1_5.jpg';1;'Thu Nov 06, 2025 at 11:14:43';'Thu Nov 06, 2025 at 11:14:43'
'before_alignment_1_1.jpg';'JHAMAB00022-01_690b972cbdbc07658446b192_0_339_2025-11-06_16-13-43/captures/before_alignment_1_1.jpg';1;'Thu Nov 06, 2025 at 11:15:08';'Thu Nov 06, 2025 at 11:15:08'
'before_alignment_2_4.jpg';'JHAMAB00022-01_690b972cbdbc07658446b192_0_339_2025-11-06_16-13-43/captures/before_alignment_2_4.jpg';1;'Thu Nov 06, 2025 at 11:15:47';'Thu Nov 06, 2025 at 11:15:47'
'before_alignment_3_5.jpg';'JHAMAB00022-01_690b972cbdbc07658446b192_0_339_2025-11-06_16-13-43/captures/before_alignment_3_5.jpg';1;'Thu Nov 06, 2025 at 11:16:08';'Thu Nov 06, 2025 at 11:16:08'
'before_alignment_1_5.jpg';'JHAMAB00022-01_690b972cbdbc07658446b192_0_340_2025-11-06_16-19-35/captures/before_alignment_1_5.jpg';1;'Thu Nov 06, 2025 at 11:20:10';'Thu Nov 06, 2025 at 11:20:10'
'before_alignment_1_3.jpg';'JHAMAB00022-01_690b972cbdbc07658446b192_0_340_2025-11-06_16-19-35/captures/before_alignment_1_3.jpg';1;'Thu Nov 06, 2025 at 11:20:20';'Thu Nov 06, 2025 at 11:20:20'
'before_alignment_1_1.jpg';'JHAMAB00022-01_690b972cbdbc07658446b192_0_340_2025-11-06_16-19-35/captures/before_alignment_1_1.jpg';1;'Thu Nov 06, 2025 at 11:20:34';'Thu Nov 06, 2025 at 11:20:34'
'before_alignment_2_2.jpg';'JHAMAB00022-01_690b972cbdbc07658446b192_0_340_2025-11-06_16-19-35/captures/before_alignment_2_2.jpg';1;'Thu Nov 06, 2025 at 11:20:49';'Thu Nov 06, 2025 at 11:20:49'
'before_alignment_2_4.jpg';'JHAMAB00022-01_690b972cbdbc07658446b192_0_340_2025-11-06_16-19-35/captures/before_alignment_2_4.jpg';1;'Thu Nov 06, 2025 at 11:21:04';'Thu Nov 06, 2025 at 11:21:04'
'before_alignment_3_5.jpg';'JHAMAB00022-01_690b972cbdbc07658446b192_0_340_2025-11-06_16-19-35/captures/before_alignment_3_5.jpg';1;'Thu Nov 06, 2025 at 11:21:19';'Thu Nov 06, 2025 at 11:21:19'
'before_alignment_3_3.jpg';'JHAMAB00022-01_690b972cbdbc07658446b192_0_340_2025-11-06_16-19-35/captures/before_alignment_3_3.jpg';1;'Thu Nov 06, 2025 at 11:21:45';'Thu Nov 06, 2025 at 11:21:45'
'after_alignment_3_1.jpg';'JHAMAB00022-01_690b972cbdbc07658446b192_0_340_2025-11-06_16-19-35/captures/after_alignment_3_1.jpg';1;'Thu Nov 06, 2025 at 11:21:55';'Thu Nov 06, 2025 at 11:21:55'
'after_alignment_4_2.jpg';'JHAMAB00022-01_690b972cbdbc07658446b192_0_340_2025-11-06_16-19-35/captures/after_alignment_4_2.jpg';1;'Thu Nov 06, 2025 at 11:22:10';'Thu Nov 06, 2025 at 11:22:10'
'after_alignment_4_4.jpg';'JHAMAB00022-01_690b972cbdbc07658446b192_0_340_2025-11-06_16-19-35/captures/after_alignment_4_4.jpg';1;'Thu Nov 06, 2025 at 11:22:24';'Thu Nov 06, 2025 at 11:22:24'
'after_alignment_5_5.jpg';'JHAMAB00022-01_690b972cbdbc07658446b192_0_340_2025-11-06_16-19-35/captures/after_alignment_5_5.jpg';1;'Thu Nov 06, 2025 at 11:22:40';'Thu Nov 06, 2025 at 11:22:40'
'after_alignment_5_3.jpg';'JHAMAB00022-01_690b972cbdbc07658446b192_0_340_2025-11-06_16-19-35/captures/after_alignment_5_3.jpg';1;'Thu Nov 06, 2025 at 11:22:55';'Thu Nov 06, 2025 at 11:22:55'
'after_alignment_5_1.jpg';'JHAMAB00022-01_690b972cbdbc07658446b192_0_340_2025-11-06_16-19-35/captures/after_alignment_5_1.jpg';1;'Thu Nov 06, 2025 at 11:23:10';'Thu Nov 06, 2025 at 11:23:10'
'before_alignment_1_5.jpg';'JHAMAB00022-02_690b972cbdbc07658446b193_0_340_2025-11-06_16-30-05/captures/before_alignment_1_5.jpg';1;'Thu Nov 06, 2025 at 11:30:44';'Thu Nov 06, 2025 at 11:30:44'
'before_alignment_1_3.jpg';'JHAMAB00022-02_690b972cbdbc07658446b193_0_340_2025-11-06_16-30-05/captures/before_alignment_1_3.jpg';1;'Thu Nov 06, 2025 at 11:31:02';'Thu Nov 06, 2025 at 11:31:02'
'after_alignment_1_1.jpg';'JHAMAB00022-02_690b972cbdbc07658446b193_0_340_2025-11-06_16-30-05/captures/after_alignment_1_1.jpg';1;'Thu Nov 06, 2025 at 11:31:13';'Thu Nov 06, 2025 at 11:31:13'
'before_alignment_2_4.jpg';'JHAMAB00022-02_690b972cbdbc07658446b193_0_340_2025-11-06_16-30-05/captures/before_alignment_2_4.jpg';1;'Thu Nov 06, 2025 at 11:32:00';'Thu Nov 06, 2025 at 11:32:00'
'before_alignment_3_3.jpg';'JHAMAB00022-02_690b972cbdbc07658446b193_0_340_2025-11-06_16-30-05/captures/before_alignment_3_3.jpg';1;'Thu Nov 06, 2025 at 11:32:43';'Thu Nov 06, 2025 at 11:32:43'
'before_alignment_4_2.jpg';'JHAMAB00022-02_690b972cbdbc07658446b193_0_340_2025-11-06_16-30-05/captures/before_alignment_4_2.jpg';1;'Thu Nov 06, 2025 at 11:33:15';'Thu Nov 06, 2025 at 11:33:15'
'before_alignment_4_4.jpg';'JHAMAB00022-02_690b972cbdbc07658446b193_0_340_2025-11-06_16-30-05/captures/before_alignment_4_4.jpg';1;'Thu Nov 06, 2025 at 11:33:34';'Thu Nov 06, 2025 at 11:33:34'
'before_alignment_5_5.jpg';'JHAMAB00022-02_690b972cbdbc07658446b193_0_340_2025-11-06_16-30-05/captures/before_alignment_5_5.jpg';1;'Thu Nov 06, 2025 at 11:34:00';'Thu Nov 06, 2025 at 11:34:00'
'before_alignment_5_1.jpg';'JHAMAB00022-02_690b972cbdbc07658446b193_0_340_2025-11-06_16-30-05/captures/before_alignment_5_1.jpg';1;'Thu Nov 06, 2025 at 11:34:32';'Thu Nov 06, 2025 at 11:34:32'
'LMI_20251106_JHAMAB00022-02.csv';'JHAMAB00022-02_690b972cbdbc07658446b193_0_340_2025-11-06_16-30-05/data_files/LMI_20251106_JHAMAB00022-02.csv';1;'Thu Nov 06, 2025 at 11:34:37';'Thu Nov 06, 2025 at 11:34:37'
'before_alignment_1_4.jpg';'TEST1_0000_0_2_2025-11-06_17-30-38/captures/before_alignment_1_4.jpg';1;'Thu Nov 06, 2025 at 12:32:13';'Thu Nov 06, 2025 at 12:32:13'
'before_alignment_1_3.jpg';'TEST1_0000_0_2_2025-11-06_17-30-38/captures/before_alignment_1_3.jpg';1;'Thu Nov 06, 2025 at 12:32:13';'Thu Nov 06, 2025 at 12:32:13'
'before_alignment_1_2.jpg';'TEST1_0000_0_2_2025-11-06_17-30-38/captures/before_alignment_1_2.jpg';1;'Thu Nov 06, 2025 at 12:32:13';'Thu Nov 06, 2025 at 12:32:13'
'before_alignment_2_1.jpg';'TEST1_0000_0_2_2025-11-06_17-30-38/captures/before_alignment_2_1.jpg';1;'Thu Nov 06, 2025 at 12:32:27';'Thu Nov 06, 2025 at 12:32:27'
'before_alignment_2_2.jpg';'TEST1_0000_0_2_2025-11-06_17-30-38/captures/before_alignment_2_2.jpg';1;'Thu Nov 06, 2025 at 12:32:51';'Thu Nov 06, 2025 at 12:32:51'
'before_alignment_2_3.jpg';'TEST1_0000_0_2_2025-11-06_17-30-38/captures/before_alignment_2_3.jpg';1;'Thu Nov 06, 2025 at 12:33:15';'Thu Nov 06, 2025 at 12:33:15'
'after_alignment_2_4.jpg';'TEST1_0000_0_2_2025-11-06_17-30-38/captures/after_alignment_2_4.jpg';1;'Thu Nov 06, 2025 at 12:33:22';'Thu Nov 06, 2025 at 12:33:22'
'before_alignment_3_5.jpg';'TEST1_0000_0_2_2025-11-06_17-30-38/captures/before_alignment_3_5.jpg';1;'Thu Nov 06, 2025 at 12:33:50';'Thu Nov 06, 2025 at 12:33:50'
'before_alignment_3_4.jpg';'TEST1_0000_0_2_2025-11-06_17-30-38/captures/before_alignment_3_4.jpg';1;'Thu Nov 06, 2025 at 12:34:04';'Thu Nov 06, 2025 at 12:34:04'
'before_alignment_3_3.jpg';'TEST1_0000_0_2_2025-11-06_17-30-38/captures/before_alignment_3_3.jpg';1;'Thu Nov 06, 2025 at 12:34:26';'Thu Nov 06, 2025 at 12:34:26'
'after_alignment_3_2.jpg';'TEST1_0000_0_2_2025-11-06_17-30-38/captures/after_alignment_3_2.jpg';1;'Thu Nov 06, 2025 at 12:34:31';'Thu Nov 06, 2025 at 12:34:31'
'before_alignment_4_1.jpg';'TEST1_0000_0_2_2025-11-06_17-30-38/captures/before_alignment_4_1.jpg';1;'Thu Nov 06, 2025 at 12:35:10';'Thu Nov 06, 2025 at 12:35:10'
'before_alignment_4_2.jpg';'TEST1_0000_0_2_2025-11-06_17-30-38/captures/before_alignment_4_2.jpg';1;'Thu Nov 06, 2025 at 12:35:34';'Thu Nov 06, 2025 at 12:35:34'
'after_alignment_4_3.jpg';'TEST1_0000_0_2_2025-11-06_17-30-38/captures/after_alignment_4_3.jpg';1;'Thu Nov 06, 2025 at 12:35:42';'Thu Nov 06, 2025 at 12:35:42'
'before_alignment_4_5.jpg';'TEST1_0000_0_2_2025-11-06_17-30-38/captures/before_alignment_4_5.jpg';1;'Thu Nov 06, 2025 at 12:36:21';'Thu Nov 06, 2025 at 12:36:21'
'before_alignment_5_4.jpg';'TEST1_0000_0_2_2025-11-06_17-30-38/captures/before_alignment_5_4.jpg';1;'Thu Nov 06, 2025 at 12:37:00';'Thu Nov 06, 2025 at 12:37:00'
'before_alignment_5_2.jpg';'TEST1_0000_0_2_2025-11-06_17-30-38/captures/before_alignment_5_2.jpg';1;'Thu Nov 06, 2025 at 12:37:28';'Thu Nov 06, 2025 at 12:37:28'
'before_alignment_5_1.jpg';'TEST1_0000_0_2_2025-11-06_17-30-38/captures/before_alignment_5_1.jpg';1;'Thu Nov 06, 2025 at 12:37:48';'Thu Nov 06, 2025 at 12:37:48'
'LMI_20251106_TEST1.csv';'TEST1_0000_0_2_2025-11-06_17-30-38/data_files/LMI_20251106_TEST1.csv';1;'Thu Nov 06, 2025 at 12:37:52';'Thu Nov 06, 2025 at 12:37:52'
'after_alignment_1_5.jpg';'TEST1_0000_0_3_2025-11-06_17-58-09/captures/after_alignment_1_5.jpg';1;'Thu Nov 06, 2025 at 12:59:34';'Thu Nov 06, 2025 at 12:59:34'
'after_alignment_1_4.jpg';'TEST1_0000_0_3_2025-11-06_17-58-09/captures/after_alignment_1_4.jpg';1;'Thu Nov 06, 2025 at 12:59:34';'Thu Nov 06, 2025 at 12:59:34'
'before_alignment_1_2.jpg';'TEST1_0000_0_3_2025-11-06_17-58-09/captures/before_alignment_1_2.jpg';1;'Thu Nov 06, 2025 at 12:59:35';'Thu Nov 06, 2025 at 12:59:35'
'before_alignment_2_1.jpg';'TEST1_0000_0_3_2025-11-06_17-58-09/captures/before_alignment_2_1.jpg';1;'Thu Nov 06, 2025 at 13:00:04';'Thu Nov 06, 2025 at 13:00:04'
'before_alignment_2_2.jpg';'TEST1_0000_0_3_2025-11-06_17-58-09/captures/before_alignment_2_2.jpg';1;'Thu Nov 06, 2025 at 13:00:27';'Thu Nov 06, 2025 at 13:00:27'
'before_alignment_2_4.jpg';'TEST1_0000_0_3_2025-11-06_17-58-09/captures/before_alignment_2_4.jpg';1;'Thu Nov 06, 2025 at 13:01:05';'Thu Nov 06, 2025 at 13:01:05'
'before_alignment_3_5.jpg';'TEST1_0000_0_3_2025-11-06_17-58-09/captures/before_alignment_3_5.jpg';1;'Thu Nov 06, 2025 at 13:01:31';'Thu Nov 06, 2025 at 13:01:31'
'before_alignment_3_4.jpg';'TEST1_0000_0_3_2025-11-06_17-58-09/captures/before_alignment_3_4.jpg';1;'Thu Nov 06, 2025 at 13:01:41';'Thu Nov 06, 2025 at 13:01:41'
'before_alignment_3_3.jpg';'TEST1_0000_0_3_2025-11-06_17-58-09/captures/before_alignment_3_3.jpg';1;'Thu Nov 06, 2025 at 13:01:49';'Thu Nov 06, 2025 at 13:01:49'
'before_alignment_3_2.jpg';'TEST1_0000_0_3_2025-11-06_17-58-09/captures/before_alignment_3_2.jpg';1;'Thu Nov 06, 2025 at 13:02:10';'Thu Nov 06, 2025 at 13:02:10'
'after_alignment_3_1.jpg';'TEST1_0000_0_3_2025-11-06_17-58-09/captures/after_alignment_3_1.jpg';1;'Thu Nov 06, 2025 at 13:02:15';'Thu Nov 06, 2025 at 13:02:15'
'before_alignment_4_2.jpg';'TEST1_0000_0_3_2025-11-06_17-58-09/captures/before_alignment_4_2.jpg';1;'Thu Nov 06, 2025 at 13:02:41';'Thu Nov 06, 2025 at 13:02:41'
'before_alignment_4_3.jpg';'TEST1_0000_0_3_2025-11-06_17-58-09/captures/before_alignment_4_3.jpg';1;'Thu Nov 06, 2025 at 13:02:55';'Thu Nov 06, 2025 at 13:02:55'
'before_alignment_4_4.jpg';'TEST1_0000_0_3_2025-11-06_17-58-09/captures/before_alignment_4_4.jpg';1;'Thu Nov 06, 2025 at 13:03:19';'Thu Nov 06, 2025 at 13:03:19'
'before_alignment_5_5.jpg';'TEST1_0000_0_3_2025-11-06_17-58-09/captures/before_alignment_5_5.jpg';1;'Thu Nov 06, 2025 at 13:03:58';'Thu Nov 06, 2025 at 13:03:58'
'after_alignment_5_4.jpg';'TEST1_0000_0_3_2025-11-06_17-58-09/captures/after_alignment_5_4.jpg';1;'Thu Nov 06, 2025 at 13:04:06';'Thu Nov 06, 2025 at 13:04:06'
'after_alignment_5_3.jpg';'TEST1_0000_0_3_2025-11-06_17-58-09/captures/after_alignment_5_3.jpg';1;'Thu Nov 06, 2025 at 13:04:17';'Thu Nov 06, 2025 at 13:04:17'
'after_alignment_5_2.jpg';'TEST1_0000_0_3_2025-11-06_17-58-09/captures/after_alignment_5_2.jpg';1;'Thu Nov 06, 2025 at 13:04:29';'Thu Nov 06, 2025 at 13:04:29'
'after_alignment_5_1.jpg';'TEST1_0000_0_3_2025-11-06_17-58-09/captures/after_alignment_5_1.jpg';1;'Thu Nov 06, 2025 at 13:04:40';'Thu Nov 06, 2025 at 13:04:40'
'before_alignment_1_5.jpg';'TEST00_000000000000000000000000_0_344_2025-11-06_18-31-57/captures/before_alignment_1_5.jpg';1;'Thu Nov 06, 2025 at 13:32:35';'Thu Nov 06, 2025 at 13:32:35'
'before_alignment_1_3.jpg';'TEST00_000000000000000000000000_0_344_2025-11-06_18-31-57/captures/before_alignment_1_3.jpg';1;'Thu Nov 06, 2025 at 13:32:38';'Thu Nov 06, 2025 at 13:32:38'
'before_alignment_1_1.jpg';'TEST00_000000000000000000000000_0_344_2025-11-06_18-31-57/captures/before_alignment_1_1.jpg';1;'Thu Nov 06, 2025 at 13:32:53';'Thu Nov 06, 2025 at 13:32:53'
'before_alignment_2_2.jpg';'TEST00_000000000000000000000000_0_344_2025-11-06_18-31-57/captures/before_alignment_2_2.jpg';1;'Thu Nov 06, 2025 at 13:33:08';'Thu Nov 06, 2025 at 13:33:08'
'before_alignment_2_4.jpg';'TEST00_000000000000000000000000_0_344_2025-11-06_18-31-57/captures/before_alignment_2_4.jpg';1;'Thu Nov 06, 2025 at 13:33:22';'Thu Nov 06, 2025 at 13:33:22'
'before_alignment_3_5.jpg';'TEST00_000000000000000000000000_0_344_2025-11-06_18-31-57/captures/before_alignment_3_5.jpg';1;'Thu Nov 06, 2025 at 13:33:37';'Thu Nov 06, 2025 at 13:33:37'
'before_alignment_3_3.jpg';'TEST00_000000000000000000000000_0_344_2025-11-06_18-31-57/captures/before_alignment_3_3.jpg';1;'Thu Nov 06, 2025 at 13:33:51';'Thu Nov 06, 2025 at 13:33:51'
'before_alignment_3_1.jpg';'TEST00_000000000000000000000000_0_344_2025-11-06_18-31-57/captures/before_alignment_3_1.jpg';1;'Thu Nov 06, 2025 at 13:34:02';'Thu Nov 06, 2025 at 13:34:02'
'before_alignment_4_2.jpg';'TEST00_000000000000000000000000_0_344_2025-11-06_18-31-57/captures/before_alignment_4_2.jpg';1;'Thu Nov 06, 2025 at 13:34:16';'Thu Nov 06, 2025 at 13:34:16'
'before_alignment_4_4.jpg';'TEST00_000000000000000000000000_0_344_2025-11-06_18-31-57/captures/before_alignment_4_4.jpg';1;'Thu Nov 06, 2025 at 13:34:31';'Thu Nov 06, 2025 at 13:34:31'
'before_alignment_5_5.jpg';'TEST00_000000000000000000000000_0_344_2025-11-06_18-31-57/captures/before_alignment_5_5.jpg';1;'Thu Nov 06, 2025 at 13:34:44';'Thu Nov 06, 2025 at 13:34:44'
'before_alignment_5_3.jpg';'TEST00_000000000000000000000000_0_344_2025-11-06_18-31-57/captures/before_alignment_5_3.jpg';1;'Thu Nov 06, 2025 at 13:35:01';'Thu Nov 06, 2025 at 13:35:01'
'before_alignment_5_1.jpg';'TEST00_000000000000000000000000_0_344_2025-11-06_18-31-57/captures/before_alignment_5_1.jpg';1;'Thu Nov 06, 2025 at 13:35:15';'Thu Nov 06, 2025 at 13:35:15'
'LMI_20251106_TEST00.csv';'TEST00_000000000000000000000000_0_344_2025-11-06_18-31-57/data_files/LMI_20251106_TEST00.csv';1;'Thu Nov 06, 2025 at 13:35:15';'Thu Nov 06, 2025 at 13:35:15'
'after_alignment_1_5.jpg';'JHAMAB00022-01_690b972cbdbc07658446b192_0_346_2025-11-06_19-50-28/captures/after_alignment_1_5.jpg';1;'Thu Nov 06, 2025 at 14:51:19';'Thu Nov 06, 2025 at 14:51:19'
'after_alignment_1_3.jpg';'JHAMAB00022-01_690b972cbdbc07658446b192_0_346_2025-11-06_19-50-28/captures/after_alignment_1_3.jpg';1;'Thu Nov 06, 2025 at 14:51:19';'Thu Nov 06, 2025 at 14:51:19'
'after_alignment_1_1.jpg';'JHAMAB00022-01_690b972cbdbc07658446b192_0_346_2025-11-06_19-50-28/captures/after_alignment_1_1.jpg';1;'Thu Nov 06, 2025 at 14:51:19';'Thu Nov 06, 2025 at 14:51:19'
'after_alignment_2_2.jpg';'JHAMAB00022-01_690b972cbdbc07658446b192_0_346_2025-11-06_19-50-28/captures/after_alignment_2_2.jpg';1;'Thu Nov 06, 2025 at 14:51:31';'Thu Nov 06, 2025 at 14:51:31'
'after_alignment_2_4.jpg';'JHAMAB00022-01_690b972cbdbc07658446b192_0_346_2025-11-06_19-50-28/captures/after_alignment_2_4.jpg';1;'Thu Nov 06, 2025 at 14:51:40';'Thu Nov 06, 2025 at 14:51:40'
'after_alignment_3_5.jpg';'JHAMAB00022-01_690b972cbdbc07658446b192_0_346_2025-11-06_19-50-28/captures/after_alignment_3_5.jpg';1;'Thu Nov 06, 2025 at 14:51:51';'Thu Nov 06, 2025 at 14:51:51'
'after_alignment_3_3.jpg';'JHAMAB00022-01_690b972cbdbc07658446b192_0_346_2025-11-06_19-50-28/captures/after_alignment_3_3.jpg';1;'Thu Nov 06, 2025 at 14:52:03';'Thu Nov 06, 2025 at 14:52:03'
'after_alignment_3_1.jpg';'JHAMAB00022-01_690b972cbdbc07658446b192_0_346_2025-11-06_19-50-28/captures/after_alignment_3_1.jpg';1;'Thu Nov 06, 2025 at 14:52:11';'Thu Nov 06, 2025 at 14:52:11'
'after_alignment_4_2.jpg';'JHAMAB00022-01_690b972cbdbc07658446b192_0_346_2025-11-06_19-50-28/captures/after_alignment_4_2.jpg';1;'Thu Nov 06, 2025 at 14:52:23';'Thu Nov 06, 2025 at 14:52:23'
'after_alignment_4_4.jpg';'JHAMAB00022-01_690b972cbdbc07658446b192_0_346_2025-11-06_19-50-28/captures/after_alignment_4_4.jpg';1;'Thu Nov 06, 2025 at 14:52:35';'Thu Nov 06, 2025 at 14:52:35'
'after_alignment_5_5.jpg';'JHAMAB00022-01_690b972cbdbc07658446b192_0_346_2025-11-06_19-50-28/captures/after_alignment_5_5.jpg';1;'Thu Nov 06, 2025 at 14:52:46';'Thu Nov 06, 2025 at 14:52:46'
'after_alignment_5_3.jpg';'JHAMAB00022-01_690b972cbdbc07658446b192_0_346_2025-11-06_19-50-28/captures/after_alignment_5_3.jpg';1;'Thu Nov 06, 2025 at 14:52:59';'Thu Nov 06, 2025 at 14:52:59'
'after_alignment_5_1.jpg';'JHAMAB00022-01_690b972cbdbc07658446b192_0_346_2025-11-06_19-50-28/captures/after_alignment_5_1.jpg';1;'Thu Nov 06, 2025 at 14:53:10';'Thu Nov 06, 2025 at 14:53:10'
'before_alignment_1_3.jpg';'JHAMAB00022-01_690b972cbdbc07658446b192_0_339_2025-11-06_16-13-43/captures/before_alignment_1_3.jpg';1;'Thu Nov 06, 2025 at 11:14:45';'Thu Nov 06, 2025 at 11:14:45'
'before_alignment_2_2.jpg';'JHAMAB00022-01_690b972cbdbc07658446b192_0_339_2025-11-06_16-13-43/captures/before_alignment_2_2.jpg';1;'Thu Nov 06, 2025 at 11:15:28';'Thu Nov 06, 2025 at 11:15:28'
'after_alignment_2_4.jpg';'JHAMAB00022-01_690b972cbdbc07658446b192_0_339_2025-11-06_16-13-43/captures/after_alignment_2_4.jpg';1;'Thu Nov 06, 2025 at 11:15:47';'Thu Nov 06, 2025 at 11:15:47'
'before_alignment_3_3.jpg';'JHAMAB00022-01_690b972cbdbc07658446b192_0_339_2025-11-06_16-13-43/captures/before_alignment_3_3.jpg';1;'Thu Nov 06, 2025 at 11:16:19';'Thu Nov 06, 2025 at 11:16:19'
'after_alignment_1_5.jpg';'JHAMAB00022-01_690b972cbdbc07658446b192_0_340_2025-11-06_16-19-35/captures/after_alignment_1_5.jpg';1;'Thu Nov 06, 2025 at 11:20:10';'Thu Nov 06, 2025 at 11:20:10'
'after_alignment_1_3.jpg';'JHAMAB00022-01_690b972cbdbc07658446b192_0_340_2025-11-06_16-19-35/captures/after_alignment_1_3.jpg';1;'Thu Nov 06, 2025 at 11:20:20';'Thu Nov 06, 2025 at 11:20:20'
'after_alignment_1_1.jpg';'JHAMAB00022-01_690b972cbdbc07658446b192_0_340_2025-11-06_16-19-35/captures/after_alignment_1_1.jpg';1;'Thu Nov 06, 2025 at 11:20:34';'Thu Nov 06, 2025 at 11:20:34'
'after_alignment_2_2.jpg';'JHAMAB00022-01_690b972cbdbc07658446b192_0_340_2025-11-06_16-19-35/captures/after_alignment_2_2.jpg';1;'Thu Nov 06, 2025 at 11:20:49';'Thu Nov 06, 2025 at 11:20:49'
'after_alignment_2_4.jpg';'JHAMAB00022-01_690b972cbdbc07658446b192_0_340_2025-11-06_16-19-35/captures/after_alignment_2_4.jpg';1;'Thu Nov 06, 2025 at 11:21:04';'Thu Nov 06, 2025 at 11:21:04'
'after_alignment_3_5.jpg';'JHAMAB00022-01_690b972cbdbc07658446b192_0_340_2025-11-06_16-19-35/captures/after_alignment_3_5.jpg';1;'Thu Nov 06, 2025 at 11:21:19';'Thu Nov 06, 2025 at 11:21:19'
'before_alignment_3_1.jpg';'JHAMAB00022-01_690b972cbdbc07658446b192_0_340_2025-11-06_16-19-35/captures/before_alignment_3_1.jpg';1;'Thu Nov 06, 2025 at 11:21:55';'Thu Nov 06, 2025 at 11:21:55'
'before_alignment_4_2.jpg';'JHAMAB00022-01_690b972cbdbc07658446b192_0_340_2025-11-06_16-19-35/captures/before_alignment_4_2.jpg';1;'Thu Nov 06, 2025 at 11:22:10';'Thu Nov 06, 2025 at 11:22:10'
'before_alignment_4_4.jpg';'JHAMAB00022-01_690b972cbdbc07658446b192_0_340_2025-11-06_16-19-35/captures/before_alignment_4_4.jpg';1;'Thu Nov 06, 2025 at 11:22:24';'Thu Nov 06, 2025 at 11:22:24'
'before_alignment_5_5.jpg';'JHAMAB00022-01_690b972cbdbc07658446b192_0_340_2025-11-06_16-19-35/captures/before_alignment_5_5.jpg';1;'Thu Nov 06, 2025 at 11:22:40';'Thu Nov 06, 2025 at 11:22:40'
'before_alignment_5_3.jpg';'JHAMAB00022-01_690b972cbdbc07658446b192_0_340_2025-11-06_16-19-35/captures/before_alignment_5_3.jpg';1;'Thu Nov 06, 2025 at 11:22:55';'Thu Nov 06, 2025 at 11:22:55'
'before_alignment_5_1.jpg';'JHAMAB00022-01_690b972cbdbc07658446b192_0_340_2025-11-06_16-19-35/captures/before_alignment_5_1.jpg';1;'Thu Nov 06, 2025 at 11:23:10';'Thu Nov 06, 2025 at 11:23:10'
'LMI_20251106_JHAMAB00022-01.csv';'JHAMAB00022-01_690b972cbdbc07658446b192_0_340_2025-11-06_16-19-35/data_files/LMI_20251106_JHAMAB00022-01.csv';1;'Thu Nov 06, 2025 at 11:23:14';'Thu Nov 06, 2025 at 11:23:14'
'after_alignment_1_5.jpg';'JHAMAB00022-02_690b972cbdbc07658446b193_0_340_2025-11-06_16-30-05/captures/after_alignment_1_5.jpg';1;'Thu Nov 06, 2025 at 11:30:44';'Thu Nov 06, 2025 at 11:30:44'
'before_alignment_1_1.jpg';'JHAMAB00022-02_690b972cbdbc07658446b193_0_340_2025-11-06_16-30-05/captures/before_alignment_1_1.jpg';1;'Thu Nov 06, 2025 at 11:31:13';'Thu Nov 06, 2025 at 11:31:13'
'before_alignment_2_2.jpg';'JHAMAB00022-02_690b972cbdbc07658446b193_0_340_2025-11-06_16-30-05/captures/before_alignment_2_2.jpg';1;'Thu Nov 06, 2025 at 11:31:39';'Thu Nov 06, 2025 at 11:31:39'
'before_alignment_3_5.jpg';'JHAMAB00022-02_690b972cbdbc07658446b193_0_340_2025-11-06_16-30-05/captures/before_alignment_3_5.jpg';1;'Thu Nov 06, 2025 at 11:32:22';'Thu Nov 06, 2025 at 11:32:22'
'before_alignment_3_1.jpg';'JHAMAB00022-02_690b972cbdbc07658446b193_0_340_2025-11-06_16-30-05/captures/before_alignment_3_1.jpg';1;'Thu Nov 06, 2025 at 11:33:05';'Thu Nov 06, 2025 at 11:33:05'
'after_alignment_4_2.jpg';'JHAMAB00022-02_690b972cbdbc07658446b193_0_340_2025-11-06_16-30-05/captures/after_alignment_4_2.jpg';1;'Thu Nov 06, 2025 at 11:33:15';'Thu Nov 06, 2025 at 11:33:15'
'after_alignment_4_4.jpg';'JHAMAB00022-02_690b972cbdbc07658446b193_0_340_2025-11-06_16-30-05/captures/after_alignment_4_4.jpg';1;'Thu Nov 06, 2025 at 11:33:34';'Thu Nov 06, 2025 at 11:33:34'
'before_alignment_5_3.jpg';'JHAMAB00022-02_690b972cbdbc07658446b193_0_340_2025-11-06_16-30-05/captures/before_alignment_5_3.jpg';1;'Thu Nov 06, 2025 at 11:34:21';'Thu Nov 06, 2025 at 11:34:21'
'after_alignment_5_1.jpg';'JHAMAB00022-02_690b972cbdbc07658446b193_0_340_2025-11-06_16-30-05/captures/after_alignment_5_1.jpg';1;'Thu Nov 06, 2025 at 11:34:32';'Thu Nov 06, 2025 at 11:34:32'
'before_alignment_1_5.jpg';'TEST1_0000_0_2_2025-11-06_17-30-38/captures/before_alignment_1_5.jpg';1;'Thu Nov 06, 2025 at 12:32:13';'Thu Nov 06, 2025 at 12:32:13'
'after_alignment_1_4.jpg';'TEST1_0000_0_2_2025-11-06_17-30-38/captures/after_alignment_1_4.jpg';1;'Thu Nov 06, 2025 at 12:32:13';'Thu Nov 06, 2025 at 12:32:13'
'after_alignment_1_3.jpg';'TEST1_0000_0_2_2025-11-06_17-30-38/captures/after_alignment_1_3.jpg';1;'Thu Nov 06, 2025 at 12:32:13';'Thu Nov 06, 2025 at 12:32:13'
'before_alignment_1_1.jpg';'TEST1_0000_0_2_2025-11-06_17-30-38/captures/before_alignment_1_1.jpg';1;'Thu Nov 06, 2025 at 12:32:19';'Thu Nov 06, 2025 at 12:32:19'
'after_alignment_2_1.jpg';'TEST1_0000_0_2_2025-11-06_17-30-38/captures/after_alignment_2_1.jpg';1;'Thu Nov 06, 2025 at 12:32:27';'Thu Nov 06, 2025 at 12:32:27'
'after_alignment_2_2.jpg';'TEST1_0000_0_2_2025-11-06_17-30-38/captures/after_alignment_2_2.jpg';1;'Thu Nov 06, 2025 at 12:32:51';'Thu Nov 06, 2025 at 12:32:51'
'before_alignment_2_4.jpg';'TEST1_0000_0_2_2025-11-06_17-30-38/captures/before_alignment_2_4.jpg';1;'Thu Nov 06, 2025 at 12:33:22';'Thu Nov 06, 2025 at 12:33:22'
'before_alignment_2_5.jpg';'TEST1_0000_0_2_2025-11-06_17-30-38/captures/before_alignment_2_5.jpg';1;'Thu Nov 06, 2025 at 12:33:46';'Thu Nov 06, 2025 at 12:33:46'
'after_alignment_3_5.jpg';'TEST1_0000_0_2_2025-11-06_17-30-38/captures/after_alignment_3_5.jpg';1;'Thu Nov 06, 2025 at 12:33:52';'Thu Nov 06, 2025 at 12:33:52'
'after_alignment_3_4.jpg';'TEST1_0000_0_2_2025-11-06_17-30-38/captures/after_alignment_3_4.jpg';1;'Thu Nov 06, 2025 at 12:34:04';'Thu Nov 06, 2025 at 12:34:04'
'before_alignment_3_2.jpg';'TEST1_0000_0_2_2025-11-06_17-30-38/captures/before_alignment_3_2.jpg';1;'Thu Nov 06, 2025 at 12:34:31';'Thu Nov 06, 2025 at 12:34:31'
'before_alignment_3_1.jpg';'TEST1_0000_0_2_2025-11-06_17-30-38/captures/before_alignment_3_1.jpg';1;'Thu Nov 06, 2025 at 12:34:53';'Thu Nov 06, 2025 at 12:34:53'
'after_alignment_4_1.jpg';'TEST1_0000_0_2_2025-11-06_17-30-38/captures/after_alignment_4_1.jpg';1;'Thu Nov 06, 2025 at 12:35:10';'Thu Nov 06, 2025 at 12:35:10'
'before_alignment_4_3.jpg';'TEST1_0000_0_2_2025-11-06_17-30-38/captures/before_alignment_4_3.jpg';1;'Thu Nov 06, 2025 at 12:35:42';'Thu Nov 06, 2025 at 12:35:42'
'before_alignment_4_4.jpg';'TEST1_0000_0_2_2025-11-06_17-30-38/captures/before_alignment_4_4.jpg';1;'Thu Nov 06, 2025 at 12:36:02';'Thu Nov 06, 2025 at 12:36:02'
'before_alignment_5_5.jpg';'TEST1_0000_0_2_2025-11-06_17-30-38/captures/before_alignment_5_5.jpg';1;'Thu Nov 06, 2025 at 12:36:42';'Thu Nov 06, 2025 at 12:36:42'
'before_alignment_5_3.jpg';'TEST1_0000_0_2_2025-11-06_17-30-38/captures/before_alignment_5_3.jpg';1;'Thu Nov 06, 2025 at 12:37:20';'Thu Nov 06, 2025 at 12:37:20'
'after_alignment_5_2.jpg';'TEST1_0000_0_2_2025-11-06_17-30-38/captures/after_alignment_5_2.jpg';1;'Thu Nov 06, 2025 at 12:37:28';'Thu Nov 06, 2025 at 12:37:28'
'after_alignment_5_1.jpg';'TEST1_0000_0_2_2025-11-06_17-30-38/captures/after_alignment_5_1.jpg';1;'Thu Nov 06, 2025 at 12:37:48';'Thu Nov 06, 2025 at 12:37:48'
'before_alignment_1_5.jpg';'TEST1_0000_0_3_2025-11-06_17-58-09/captures/before_alignment_1_5.jpg';1;'Thu Nov 06, 2025 at 12:59:34';'Thu Nov 06, 2025 at 12:59:34'
'before_alignment_1_4.jpg';'TEST1_0000_0_3_2025-11-06_17-58-09/captures/before_alignment_1_4.jpg';1;'Thu Nov 06, 2025 at 12:59:34';'Thu Nov 06, 2025 at 12:59:34'
'before_alignment_1_3.jpg';'TEST1_0000_0_3_2025-11-06_17-58-09/captures/before_alignment_1_3.jpg';1;'Thu Nov 06, 2025 at 12:59:34';'Thu Nov 06, 2025 at 12:59:34'
'before_alignment_1_1.jpg';'TEST1_0000_0_3_2025-11-06_17-58-09/captures/before_alignment_1_1.jpg';1;'Thu Nov 06, 2025 at 12:59:55';'Thu Nov 06, 2025 at 12:59:55'
'after_alignment_2_1.jpg';'TEST1_0000_0_3_2025-11-06_17-58-09/captures/after_alignment_2_1.jpg';1;'Thu Nov 06, 2025 at 13:00:04';'Thu Nov 06, 2025 at 13:00:04'
'before_alignment_2_3.jpg';'TEST1_0000_0_3_2025-11-06_17-58-09/captures/before_alignment_2_3.jpg';1;'Thu Nov 06, 2025 at 13:00:46';'Thu Nov 06, 2025 at 13:00:46'
'before_alignment_2_5.jpg';'TEST1_0000_0_3_2025-11-06_17-58-09/captures/before_alignment_2_5.jpg';1;'Thu Nov 06, 2025 at 13:01:24';'Thu Nov 06, 2025 at 13:01:24'
'after_alignment_3_5.jpg';'TEST1_0000_0_3_2025-11-06_17-58-09/captures/after_alignment_3_5.jpg';1;'Thu Nov 06, 2025 at 13:01:31';'Thu Nov 06, 2025 at 13:01:31'
'after_alignment_3_4.jpg';'TEST1_0000_0_3_2025-11-06_17-58-09/captures/after_alignment_3_4.jpg';1;'Thu Nov 06, 2025 at 13:01:41';'Thu Nov 06, 2025 at 13:01:41'
'after_alignment_3_3.jpg';'TEST1_0000_0_3_2025-11-06_17-58-09/captures/after_alignment_3_3.jpg';1;'Thu Nov 06, 2025 at 13:01:49';'Thu Nov 06, 2025 at 13:01:49'
'before_alignment_3_1.jpg';'TEST1_0000_0_3_2025-11-06_17-58-09/captures/before_alignment_3_1.jpg';1;'Thu Nov 06, 2025 at 13:02:15';'Thu Nov 06, 2025 at 13:02:15'
'before_alignment_4_1.jpg';'TEST1_0000_0_3_2025-11-06_17-58-09/captures/before_alignment_4_1.jpg';1;'Thu Nov 06, 2025 at 13:02:36';'Thu Nov 06, 2025 at 13:02:36'
'after_alignment_4_2.jpg';'TEST1_0000_0_3_2025-11-06_17-58-09/captures/after_alignment_4_2.jpg';1;'Thu Nov 06, 2025 at 13:02:43';'Thu Nov 06, 2025 at 13:02:43'
'after_alignment_4_3.jpg';'TEST1_0000_0_3_2025-11-06_17-58-09/captures/after_alignment_4_3.jpg';1;'Thu Nov 06, 2025 at 13:02:55';'Thu Nov 06, 2025 at 13:02:55'
'before_alignment_4_5.jpg';'TEST1_0000_0_3_2025-11-06_17-58-09/captures/before_alignment_4_5.jpg';1;'Thu Nov 06, 2025 at 13:03:38';'Thu Nov 06, 2025 at 13:03:38'
'before_alignment_5_4.jpg';'TEST1_0000_0_3_2025-11-06_17-58-09/captures/before_alignment_5_4.jpg';1;'Thu Nov 06, 2025 at 13:04:06';'Thu Nov 06, 2025 at 13:04:06'
'before_alignment_5_3.jpg';'TEST1_0000_0_3_2025-11-06_17-58-09/captures/before_alignment_5_3.jpg';1;'Thu Nov 06, 2025 at 13:04:17';'Thu Nov 06, 2025 at 13:04:17'
'before_alignment_5_2.jpg';'TEST1_0000_0_3_2025-11-06_17-58-09/captures/before_alignment_5_2.jpg';1;'Thu Nov 06, 2025 at 13:04:27';'Thu Nov 06, 2025 at 13:04:27'
'before_alignment_5_1.jpg';'TEST1_0000_0_3_2025-11-06_17-58-09/captures/before_alignment_5_1.jpg';1;'Thu Nov 06, 2025 at 13:04:38';'Thu Nov 06, 2025 at 13:04:38'
'LMI_20251106_TEST1.csv';'TEST1_0000_0_3_2025-11-06_17-58-09/data_files/LMI_20251106_TEST1.csv';1;'Thu Nov 06, 2025 at 13:04:44';'Thu Nov 06, 2025 at 13:04:44'
'after_alignment_1_5.jpg';'TEST00_000000000000000000000000_0_344_2025-11-06_18-31-57/captures/after_alignment_1_5.jpg';1;'Thu Nov 06, 2025 at 13:32:35';'Thu Nov 06, 2025 at 13:32:35'
'after_alignment_1_3.jpg';'TEST00_000000000000000000000000_0_344_2025-11-06_18-31-57/captures/after_alignment_1_3.jpg';1;'Thu Nov 06, 2025 at 13:32:38';'Thu Nov 06, 2025 at 13:32:38'
'after_alignment_1_1.jpg';'TEST00_000000000000000000000000_0_344_2025-11-06_18-31-57/captures/after_alignment_1_1.jpg';1;'Thu Nov 06, 2025 at 13:32:53';'Thu Nov 06, 2025 at 13:32:53'
'after_alignment_2_2.jpg';'TEST00_000000000000000000000000_0_344_2025-11-06_18-31-57/captures/after_alignment_2_2.jpg';1;'Thu Nov 06, 2025 at 13:33:08';'Thu Nov 06, 2025 at 13:33:08'
'after_alignment_2_4.jpg';'TEST00_000000000000000000000000_0_344_2025-11-06_18-31-57/captures/after_alignment_2_4.jpg';1;'Thu Nov 06, 2025 at 13:33:22';'Thu Nov 06, 2025 at 13:33:22'
'after_alignment_3_5.jpg';'TEST00_000000000000000000000000_0_344_2025-11-06_18-31-57/captures/after_alignment_3_5.jpg';1;'Thu Nov 06, 2025 at 13:33:37';'Thu Nov 06, 2025 at 13:33:37'
'after_alignment_3_3.jpg';'TEST00_000000000000000000000000_0_344_2025-11-06_18-31-57/captures/after_alignment_3_3.jpg';1;'Thu Nov 06, 2025 at 13:33:51';'Thu Nov 06, 2025 at 13:33:51'
'after_alignment_3_1.jpg';'TEST00_000000000000000000000000_0_344_2025-11-06_18-31-57/captures/after_alignment_3_1.jpg';1;'Thu Nov 06, 2025 at 13:34:02';'Thu Nov 06, 2025 at 13:34:02'
'after_alignment_4_2.jpg';'TEST00_000000000000000000000000_0_344_2025-11-06_18-31-57/captures/after_alignment_4_2.jpg';1;'Thu Nov 06, 2025 at 13:34:16';'Thu Nov 06, 2025 at 13:34:16'
'after_alignment_4_4.jpg';'TEST00_000000000000000000000000_0_344_2025-11-06_18-31-57/captures/after_alignment_4_4.jpg';1;'Thu Nov 06, 2025 at 13:34:31';'Thu Nov 06, 2025 at 13:34:31'
'after_alignment_5_5.jpg';'TEST00_000000000000000000000000_0_344_2025-11-06_18-31-57/captures/after_alignment_5_5.jpg';1;'Thu Nov 06, 2025 at 13:34:45';'Thu Nov 06, 2025 at 13:34:45'
'after_alignment_5_3.jpg';'TEST00_000000000000000000000000_0_344_2025-11-06_18-31-57/captures/after_alignment_5_3.jpg';1;'Thu Nov 06, 2025 at 13:35:01';'Thu Nov 06, 2025 at 13:35:01'
'after_alignment_5_1.jpg';'TEST00_000000000000000000000000_0_344_2025-11-06_18-31-57/captures/after_alignment_5_1.jpg';1;'Thu Nov 06, 2025 at 13:35:15';'Thu Nov 06, 2025 at 13:35:15'
'before_alignment_1_5.jpg';'JHAMAB00022-01_690b972cbdbc07658446b192_0_346_2025-11-06_19-50-28/captures/before_alignment_1_5.jpg';1;'Thu Nov 06, 2025 at 14:51:19';'Thu Nov 06, 2025 at 14:51:19'
'before_alignment_1_3.jpg';'JHAMAB00022-01_690b972cbdbc07658446b192_0_346_2025-11-06_19-50-28/captures/before_alignment_1_3.jpg';1;'Thu Nov 06, 2025 at 14:51:19';'Thu Nov 06, 2025 at 14:51:19'
'before_alignment_1_1.jpg';'JHAMAB00022-01_690b972cbdbc07658446b192_0_346_2025-11-06_19-50-28/captures/before_alignment_1_1.jpg';1;'Thu Nov 06, 2025 at 14:51:19';'Thu Nov 06, 2025 at 14:51:19'
'before_alignment_2_2.jpg';'JHAMAB00022-01_690b972cbdbc07658446b192_0_346_2025-11-06_19-50-28/captures/before_alignment_2_2.jpg';1;'Thu Nov 06, 2025 at 14:51:31';'Thu Nov 06, 2025 at 14:51:31'
'before_alignment_2_4.jpg';'JHAMAB00022-01_690b972cbdbc07658446b192_0_346_2025-11-06_19-50-28/captures/before_alignment_2_4.jpg';1;'Thu Nov 06, 2025 at 14:51:40';'Thu Nov 06, 2025 at 14:51:40'
'before_alignment_3_5.jpg';'JHAMAB00022-01_690b972cbdbc07658446b192_0_346_2025-11-06_19-50-28/captures/before_alignment_3_5.jpg';1;'Thu Nov 06, 2025 at 14:51:51';'Thu Nov 06, 2025 at 14:51:51'
'before_alignment_3_3.jpg';'JHAMAB00022-01_690b972cbdbc07658446b192_0_346_2025-11-06_19-50-28/captures/before_alignment_3_3.jpg';1;'Thu Nov 06, 2025 at 14:52:03';'Thu Nov 06, 2025 at 14:52:03'
'before_alignment_3_1.jpg';'JHAMAB00022-01_690b972cbdbc07658446b192_0_346_2025-11-06_19-50-28/captures/before_alignment_3_1.jpg';1;'Thu Nov 06, 2025 at 14:52:11';'Thu Nov 06, 2025 at 14:52:11'
'before_alignment_4_2.jpg';'JHAMAB00022-01_690b972cbdbc07658446b192_0_346_2025-11-06_19-50-28/captures/before_alignment_4_2.jpg';1;'Thu Nov 06, 2025 at 14:52:23';'Thu Nov 06, 2025 at 14:52:23'
'before_alignment_4_4.jpg';'JHAMAB00022-01_690b972cbdbc07658446b192_0_346_2025-11-06_19-50-28/captures/before_alignment_4_4.jpg';1;'Thu Nov 06, 2025 at 14:52:35';'Thu Nov 06, 2025 at 14:52:35'
'before_alignment_5_5.jpg';'JHAMAB00022-01_690b972cbdbc07658446b192_0_346_2025-11-06_19-50-28/captures/before_alignment_5_5.jpg';1;'Thu Nov 06, 2025 at 14:52:44';'Thu Nov 06, 2025 at 14:52:44'
'before_alignment_5_3.jpg';'JHAMAB00022-01_690b972cbdbc07658446b192_0_346_2025-11-06_19-50-28/captures/before_alignment_5_3.jpg';1;'Thu Nov 06, 2025 at 14:52:59';'Thu Nov 06, 2025 at 14:52:59'
'before_alignment_5_1.jpg';'JHAMAB00022-01_690b972cbdbc07658446b192_0_346_2025-11-06_19-50-28/captures/before_alignment_5_1.jpg';1;'Thu Nov 06, 2025 at 14:53:10';'Thu Nov 06, 2025 at 14:53:10'
'LMI_20251106_JHAMAB00022-01.csv';'JHAMAB00022-01_690b972cbdbc07658446b192_0_346_2025-11-06_19-50-28/data_files/LMI_20251106_JHAMAB00022-01.csv';1;'Thu Nov 06, 2025 at 14:53:14';'Thu Nov 06, 2025 at 14:53:14'
'before_alignment_1_5.jpg';'TEST1_0000_0_5_2025-11-10_22-37-53/captures/before_alignment_1_5.jpg';1;'Mon Nov 10, 2025 at 17:38:29';'Mon Nov 10, 2025 at 17:38:29'
'before_alignment_1_4.jpg';'TEST1_0000_0_5_2025-11-10_22-37-53/captures/before_alignment_1_4.jpg';1;'Mon Nov 10, 2025 at 17:38:29';'Mon Nov 10, 2025 at 17:38:29'
'before_alignment_1_3.jpg';'TEST1_0000_0_5_2025-11-10_22-37-53/captures/before_alignment_1_3.jpg';1;'Mon Nov 10, 2025 at 17:38:32';'Mon Nov 10, 2025 at 17:38:32'
'before_alignment_1_2.jpg';'TEST1_0000_0_5_2025-11-10_22-37-53/captures/before_alignment_1_2.jpg';1;'Mon Nov 10, 2025 at 17:38:41';'Mon Nov 10, 2025 at 17:38:41'
'before_alignment_1_1.jpg';'TEST1_0000_0_5_2025-11-10_22-37-53/captures/before_alignment_1_1.jpg';1;'Mon Nov 10, 2025 at 17:38:47';'Mon Nov 10, 2025 at 17:38:47'
'before_alignment_2_1.jpg';'TEST1_0000_0_5_2025-11-10_22-37-53/captures/before_alignment_2_1.jpg';1;'Mon Nov 10, 2025 at 17:38:55';'Mon Nov 10, 2025 at 17:38:55'
'before_alignment_2_2.jpg';'TEST1_0000_0_5_2025-11-10_22-37-53/captures/before_alignment_2_2.jpg';1;'Mon Nov 10, 2025 at 17:39:02';'Mon Nov 10, 2025 at 17:39:02'
'before_alignment_2_3.jpg';'TEST1_0000_0_5_2025-11-10_22-37-53/captures/before_alignment_2_3.jpg';1;'Mon Nov 10, 2025 at 17:39:08';'Mon Nov 10, 2025 at 17:39:08'
'before_alignment_2_4.jpg';'TEST1_0000_0_5_2025-11-10_22-37-53/captures/before_alignment_2_4.jpg';1;'Mon Nov 10, 2025 at 17:39:16';'Mon Nov 10, 2025 at 17:39:16'
'before_alignment_2_5.jpg';'TEST1_0000_0_5_2025-11-10_22-37-53/captures/before_alignment_2_5.jpg';1;'Mon Nov 10, 2025 at 17:39:22';'Mon Nov 10, 2025 at 17:39:22'
'after_alignment_1_5.jpg';'TEST1_0000_0_5_2025-11-10_22-37-53/captures/after_alignment_1_5.jpg';1;'Mon Nov 10, 2025 at 17:38:29';'Mon Nov 10, 2025 at 17:38:29'
'after_alignment_1_4.jpg';'TEST1_0000_0_5_2025-11-10_22-37-53/captures/after_alignment_1_4.jpg';1;'Mon Nov 10, 2025 at 17:38:29';'Mon Nov 10, 2025 at 17:38:29'
'after_alignment_1_3.jpg';'TEST1_0000_0_5_2025-11-10_22-37-53/captures/after_alignment_1_3.jpg';1;'Mon Nov 10, 2025 at 17:38:32';'Mon Nov 10, 2025 at 17:38:32'
'after_alignment_1_2.jpg';'TEST1_0000_0_5_2025-11-10_22-37-53/captures/after_alignment_1_2.jpg';1;'Mon Nov 10, 2025 at 17:38:41';'Mon Nov 10, 2025 at 17:38:41'
'after_alignment_1_1.jpg';'TEST1_0000_0_5_2025-11-10_22-37-53/captures/after_alignment_1_1.jpg';1;'Mon Nov 10, 2025 at 17:38:47';'Mon Nov 10, 2025 at 17:38:47'
'after_alignment_2_1.jpg';'TEST1_0000_0_5_2025-11-10_22-37-53/captures/after_alignment_2_1.jpg';1;'Mon Nov 10, 2025 at 17:38:55';'Mon Nov 10, 2025 at 17:38:55'
'after_alignment_2_2.jpg';'TEST1_0000_0_5_2025-11-10_22-37-53/captures/after_alignment_2_2.jpg';1;'Mon Nov 10, 2025 at 17:39:02';'Mon Nov 10, 2025 at 17:39:02'
'after_alignment_2_3.jpg';'TEST1_0000_0_5_2025-11-10_22-37-53/captures/after_alignment_2_3.jpg';1;'Mon Nov 10, 2025 at 17:39:09';'Mon Nov 10, 2025 at 17:39:09'
'after_alignment_2_4.jpg';'TEST1_0000_0_5_2025-11-10_22-37-53/captures/after_alignment_2_4.jpg';1;'Mon Nov 10, 2025 at 17:39:16';'Mon Nov 10, 2025 at 17:39:16'
'after_alignment_2_5.jpg';'TEST1_0000_0_5_2025-11-10_22-37-53/captures/after_alignment_2_5.jpg';1;'Mon Nov 10, 2025 at 17:39:22';'Mon Nov 10, 2025 at 17:39:22'
'experiment_data_LMI-Shots_20251111_Al_F502.xlsx';'SeeMoveShootData/experiment_data_LMI-Shots_20251111_Al_F502.xlsx';1;'Tue Nov 11, 2025 at 10:36:19';'Tue Nov 11, 2025 at 10:36:19'
'experiment_data_LMI-Shots_20251111_Al_F502.xlsx';'SeeMoveShootData/experiment_data_LMI-Shots_20251111_Al_F502.xlsx';1;'Tue Nov 11, 2025 at 10:37:56';'Tue Nov 11, 2025 at 10:37:56'
'experiment_data_LMI-Shots_20251111_Al_F502.xlsx';'SeeMoveShootData/experiment_data_LMI-Shots_20251111_Al_F502.xlsx';1;'Tue Nov 11, 2025 at 10:38:27';'Tue Nov 11, 2025 at 10:38:27'
'experiment_data_LMI-Shots_20251111_Al_F502.xlsx';'SeeMoveShootData/experiment_data_LMI-Shots_20251111_Al_F502.xlsx';1;'Tue Nov 11, 2025 at 10:55:23';'Tue Nov 11, 2025 at 10:55:23'
'experiment_data_LMI-Shots_20251111_Al_F502.xlsx';'SeeMoveShootData/experiment_data_LMI-Shots_20251111_Al_F502.xlsx';1;'Tue Nov 11, 2025 at 11:25:34';'Tue Nov 11, 2025 at 11:25:34'
'experiment_data_LMI-Shots_20251111_Al_F502.xlsx';'SeeMoveShootData/experiment_data_LMI-Shots_20251111_Al_F502.xlsx';1;'Tue Nov 11, 2025 at 11:25:53';'Tue Nov 11, 2025 at 11:25:53'
'experiment_data_LMI-Shots_20251111_Al_F502.xlsx';'SeeMoveShootData/experiment_data_LMI-Shots_20251111_Al_F502.xlsx';1;'Tue Nov 11, 2025 at 11:26:08';'Tue Nov 11, 2025 at 11:26:08'
'experiment_data_LMI-Shots_20251111_Al_F502.xlsx';'SeeMoveShootData/experiment_data_LMI-Shots_20251111_Al_F502.xlsx';1;'Tue Nov 11, 2025 at 11:26:21';'Tue Nov 11, 2025 at 11:26:21'
'experiment_data_LMI-Shots_20251111_Al_F502.xlsx';'SeeMoveShootData/experiment_data_LMI-Shots_20251111_Al_F502.xlsx';1;'Tue Nov 11, 2025 at 11:26:38';'Tue Nov 11, 2025 at 11:26:38'
'experiment_data_LMI-Shots_20251111_Al_F502.xlsx';'SeeMoveShootData/experiment_data_LMI-Shots_20251111_Al_F502.xlsx';1;'Tue Nov 11, 2025 at 11:27:05';'Tue Nov 11, 2025 at 11:27:05'
'experiment_data_LMI-Shots_20251111_Al_F%02.xlsx';'SeeMoveShootData/experiment_data_LMI-Shots_20251111_Al_F%02.xlsx';1;'Tue Nov 11, 2025 at 11:32:21';'Tue Nov 11, 2025 at 11:32:21'
'experiment_data_LMI-Shots_20251111_Al_F%02.xlsx';'SeeMoveShootData/experiment_data_LMI-Shots_20251111_Al_F%02.xlsx';1;'Tue Nov 11, 2025 at 11:32:37';'Tue Nov 11, 2025 at 11:32:37'
'experiment_data_LMI-Shots_20251111_Al_F%02.xlsx';'SeeMoveShootData/experiment_data_LMI-Shots_20251111_Al_F%02.xlsx';1;'Tue Nov 11, 2025 at 11:33:00';'Tue Nov 11, 2025 at 11:33:00'
'experiment_data_LMI-Shots_20251111_Al_F%02.xlsx';'SeeMoveShootData/experiment_data_LMI-Shots_20251111_Al_F%02.xlsx';1;'Tue Nov 11, 2025 at 11:32:39';'Tue Nov 11, 2025 at 11:32:39'
'experiment_data_LMI-Shots_20251111_Al_F%02.xlsx';'SeeMoveShootData/experiment_data_LMI-Shots_20251111_Al_F%02.xlsx';1;'Tue Nov 11, 2025 at 11:32:50';'Tue Nov 11, 2025 at 11:32:50'
'experiment_data_LMI-Shots_20251111_Al_F%02.xlsx';'SeeMoveShootData/experiment_data_LMI-Shots_20251111_Al_F%02.xlsx';1;'Tue Nov 11, 2025 at 11:33:07';'Tue Nov 11, 2025 at 11:33:07'
'experiment_data_LMI-Shots_20251111_Al_F%02.xlsx';'SeeMoveShootData/experiment_data_LMI-Shots_20251111_Al_F%02.xlsx';1;'Tue Nov 11, 2025 at 11:34:01';'Tue Nov 11, 2025 at 11:34:01'
'experiment_data_LMI-Shots_20251111_Al_F%02.xlsx';'SeeMoveShootData/experiment_data_LMI-Shots_20251111_Al_F%02.xlsx';1;'Tue Nov 11, 2025 at 11:34:13';'Tue Nov 11, 2025 at 11:34:13'
'experiment_data_LMI-Shots_20251111_Al_F%02.xlsx';'SeeMoveShootData/experiment_data_LMI-Shots_20251111_Al_F%02.xlsx';1;'Tue Nov 11, 2025 at 11:34:36';'Tue Nov 11, 2025 at 11:34:36'
'experiment_data_LMI-Shots_20251111_Al_F%02.xlsx';'SeeMoveShootData/experiment_data_LMI-Shots_20251111_Al_F%02.xlsx';1;'Tue Nov 11, 2025 at 11:34:54';'Tue Nov 11, 2025 at 11:34:54'
'experiment_data_LMI-Shots_20251111_Al_F%02.xlsx';'SeeMoveShootData/experiment_data_LMI-Shots_20251111_Al_F%02.xlsx';1;'Tue Nov 11, 2025 at 11:35:09';'Tue Nov 11, 2025 at 11:35:09'
'experiment_data_LMI-Shots_20251111_Al_F%02.xlsx';'SeeMoveShootData/experiment_data_LMI-Shots_20251111_Al_F%02.xlsx';1;'Tue Nov 11, 2025 at 11:35:27';'Tue Nov 11, 2025 at 11:35:27'
'~$experiment_data_LMI-Shots_20251111_Al_F%02.xlsx';'SeeMoveShootData/~$experiment_data_LMI-Shots_20251111_Al_F%02.xlsx';1;'Tue Nov 11, 2025 at 11:36:35';'Tue Nov 11, 2025 at 11:36:35'
'experiment_data_LMI-Shots_20251111_Al_F502.xlsx';'SeeMoveShootData/experiment_data_LMI-Shots_20251111_Al_F502.xlsx';1;'Tue Nov 11, 2025 at 12:12:21';'Tue Nov 11, 2025 at 12:12:21'
'experiment_data_LMI-Shots_20251111_Al_F502.xlsx';'SeeMoveShootData/experiment_data_LMI-Shots_20251111_Al_F502.xlsx';1;'Tue Nov 11, 2025 at 12:12:37';'Tue Nov 11, 2025 at 12:12:37'
'experiment_data_LMI-Shots_20251111_Al_F502.xlsx';'SeeMoveShootData/experiment_data_LMI-Shots_20251111_Al_F502.xlsx';1;'Tue Nov 11, 2025 at 12:12:54';'Tue Nov 11, 2025 at 12:12:54'
'experiment_data_LMI-Shots_20251111_Al_F502.xlsx';'SeeMoveShootData/experiment_data_LMI-Shots_20251111_Al_F502.xlsx';1;'Tue Nov 11, 2025 at 12:13:18';'Tue Nov 11, 2025 at 12:13:18'
'experiment_data_LMI-Shots_20251111_Al_F502.xlsx';'SeeMoveShootData/experiment_data_LMI-Shots_20251111_Al_F502.xlsx';1;'Tue Nov 11, 2025 at 12:13:33';'Tue Nov 11, 2025 at 12:13:33'
'experiment_data_LMI-Shots_20251111_Al_F502.xlsx';'SeeMoveShootData/experiment_data_LMI-Shots_20251111_Al_F502.xlsx';1;'Tue Nov 11, 2025 at 12:13:51';'Tue Nov 11, 2025 at 12:13:51'
'experiment_data_LMI-Shots_20251111_Al_F502.xlsx';'SeeMoveShootData/experiment_data_LMI-Shots_20251111_Al_F502.xlsx';1;'Tue Nov 11, 2025 at 12:14:06';'Tue Nov 11, 2025 at 12:14:06'
'experiment_data_LMI-Shots_20251111_Al_F502.xlsx';'SeeMoveShootData/experiment_data_LMI-Shots_20251111_Al_F502.xlsx';1;'Tue Nov 11, 2025 at 12:14:29';'Tue Nov 11, 2025 at 12:14:29'
'experiment_data_LMI-Shots_20251111_Al_F502.xlsx';'SeeMoveShootData/experiment_data_LMI-Shots_20251111_Al_F502.xlsx';1;'Tue Nov 11, 2025 at 10:37:37';'Tue Nov 11, 2025 at 10:37:37'
'experiment_data_LMI-Shots_20251111_Al_F502.xlsx';'SeeMoveShootData/experiment_data_LMI-Shots_20251111_Al_F502.xlsx';1;'Tue Nov 11, 2025 at 10:38:14';'Tue Nov 11, 2025 at 10:38:14'
'experiment_data_LMI-Shots_20251111_Al_F502.xlsx';'SeeMoveShootData/experiment_data_LMI-Shots_20251111_Al_F502.xlsx';1;'Tue Nov 11, 2025 at 10:38:45';'Tue Nov 11, 2025 at 10:38:45'
'experiment_data_LMI-Shots_20251111_Al_F502.xlsx';'SeeMoveShootData/experiment_data_LMI-Shots_20251111_Al_F502.xlsx';1;'Tue Nov 11, 2025 at 11:25:26';'Tue Nov 11, 2025 at 11:25:26'
'experiment_data_LMI-Shots_20251111_Al_F502.xlsx';'SeeMoveShootData/experiment_data_LMI-Shots_20251111_Al_F502.xlsx';1;'Tue Nov 11, 2025 at 11:25:40';'Tue Nov 11, 2025 at 11:25:40'
'experiment_data_LMI-Shots_20251111_Al_F502.xlsx';'SeeMoveShootData/experiment_data_LMI-Shots_20251111_Al_F502.xlsx';1;'Tue Nov 11, 2025 at 11:25:58';'Tue Nov 11, 2025 at 11:25:58'
'experiment_data_LMI-Shots_20251111_Al_F502.xlsx';'SeeMoveShootData/experiment_data_LMI-Shots_20251111_Al_F502.xlsx';1;'Tue Nov 11, 2025 at 11:25:40';'Tue Nov 11, 2025 at 11:25:40'
'experiment_data_LMI-Shots_20251111_Al_F502.xlsx';'SeeMoveShootData/experiment_data_LMI-Shots_20251111_Al_F502.xlsx';1;'Tue Nov 11, 2025 at 11:26:33';'Tue Nov 11, 2025 at 11:26:33'
'experiment_data_LMI-Shots_20251111_Al_F502.xlsx';'SeeMoveShootData/experiment_data_LMI-Shots_20251111_Al_F502.xlsx';1;'Tue Nov 11, 2025 at 11:26:51';'Tue Nov 11, 2025 at 11:26:51'
'~$experiment_data_LMI-Shots_20251111_Al_F502.xlsx';'SeeMoveShootData/~$experiment_data_LMI-Shots_20251111_Al_F502.xlsx';1;'Tue Nov 11, 2025 at 11:29:20';'Tue Nov 11, 2025 at 11:29:20'
'experiment_data_LMI-Shots_20251111_Al_F%02.xlsx';'SeeMoveShootData/experiment_data_LMI-Shots_20251111_Al_F%02.xlsx';1;'Tue Nov 11, 2025 at 11:32:32';'Tue Nov 11, 2025 at 11:32:32'
'experiment_data_LMI-Shots_20251111_Al_F%02.xlsx';'SeeMoveShootData/experiment_data_LMI-Shots_20251111_Al_F%02.xlsx';1;'Tue Nov 11, 2025 at 11:32:49';'Tue Nov 11, 2025 at 11:32:49'
'experiment_data_LMI-Shots_20251111_Al_F%02.xlsx';'SeeMoveShootData/experiment_data_LMI-Shots_20251111_Al_F%02.xlsx';1;'Tue Nov 11, 2025 at 11:33:05';'Tue Nov 11, 2025 at 11:33:05'
'experiment_data_LMI-Shots_20251111_Al_F%02.xlsx';'SeeMoveShootData/experiment_data_LMI-Shots_20251111_Al_F%02.xlsx';1;'Tue Nov 11, 2025 at 11:32:44';'Tue Nov 11, 2025 at 11:32:44'
'experiment_data_LMI-Shots_20251111_Al_F%02.xlsx';'SeeMoveShootData/experiment_data_LMI-Shots_20251111_Al_F%02.xlsx';1;'Tue Nov 11, 2025 at 11:33:01';'Tue Nov 11, 2025 at 11:33:01'
'experiment_data_LMI-Shots_20251111_Al_F%02.xlsx';'SeeMoveShootData/experiment_data_LMI-Shots_20251111_Al_F%02.xlsx';1;'Tue Nov 11, 2025 at 11:33:53';'Tue Nov 11, 2025 at 11:33:53'
'experiment_data_LMI-Shots_20251111_Al_F%02.xlsx';'SeeMoveShootData/experiment_data_LMI-Shots_20251111_Al_F%02.xlsx';1;'Tue Nov 11, 2025 at 11:34:07';'Tue Nov 11, 2025 at 11:34:07'
'experiment_data_LMI-Shots_20251111_Al_F%02.xlsx';'SeeMoveShootData/experiment_data_LMI-Shots_20251111_Al_F%02.xlsx';1;'Tue Nov 11, 2025 at 11:34:31';'Tue Nov 11, 2025 at 11:34:31'
'experiment_data_LMI-Shots_20251111_Al_F%02.xlsx';'SeeMoveShootData/experiment_data_LMI-Shots_20251111_Al_F%02.xlsx';1;'Tue Nov 11, 2025 at 11:34:46';'Tue Nov 11, 2025 at 11:34:46'
'experiment_data_LMI-Shots_20251111_Al_F%02.xlsx';'SeeMoveShootData/experiment_data_LMI-Shots_20251111_Al_F%02.xlsx';1;'Tue Nov 11, 2025 at 11:34:59';'Tue Nov 11, 2025 at 11:34:59'
'experiment_data_LMI-Shots_20251111_Al_F%02.xlsx';'SeeMoveShootData/experiment_data_LMI-Shots_20251111_Al_F%02.xlsx';1;'Tue Nov 11, 2025 at 11:35:14';'Tue Nov 11, 2025 at 11:35:14'
'experiment_data_LMI-Shots_20251111_Al_F%02.xlsx';'SeeMoveShootData/experiment_data_LMI-Shots_20251111_Al_F%02.xlsx';1;'Tue Nov 11, 2025 at 11:35:44';'Tue Nov 11, 2025 at 11:35:44'
'experiment_data_LMI-Shots_20251111_Al_F502.xlsx';'SeeMoveShootData/experiment_data_LMI-Shots_20251111_Al_F502.xlsx';1;'Tue Nov 11, 2025 at 12:12:16';'Tue Nov 11, 2025 at 12:12:16'
'experiment_data_LMI-Shots_20251111_Al_F502.xlsx';'SeeMoveShootData/experiment_data_LMI-Shots_20251111_Al_F502.xlsx';1;'Tue Nov 11, 2025 at 12:12:32';'Tue Nov 11, 2025 at 12:12:32'
'experiment_data_LMI-Shots_20251111_Al_F502.xlsx';'SeeMoveShootData/experiment_data_LMI-Shots_20251111_Al_F502.xlsx';1;'Tue Nov 11, 2025 at 12:12:50';'Tue Nov 11, 2025 at 12:12:50'
'experiment_data_LMI-Shots_20251111_Al_F502.xlsx';'SeeMoveShootData/experiment_data_LMI-Shots_20251111_Al_F502.xlsx';1;'Tue Nov 11, 2025 at 12:13:05';'Tue Nov 11, 2025 at 12:13:05'
'experiment_data_LMI-Shots_20251111_Al_F502.xlsx';'SeeMoveShootData/experiment_data_LMI-Shots_20251111_Al_F502.xlsx';1;'Tue Nov 11, 2025 at 12:13:23';'Tue Nov 11, 2025 at 12:13:23'
'experiment_data_LMI-Shots_20251111_Al_F502.xlsx';'SeeMoveShootData/experiment_data_LMI-Shots_20251111_Al_F502.xlsx';1;'Tue Nov 11, 2025 at 12:13:38';'Tue Nov 11, 2025 at 12:13:38'
'experiment_data_LMI-Shots_20251111_Al_F502.xlsx';'SeeMoveShootData/experiment_data_LMI-Shots_20251111_Al_F502.xlsx';1;'Tue Nov 11, 2025 at 12:14:01';'Tue Nov 11, 2025 at 12:14:01'
'experiment_data_LMI-Shots_20251111_Al_F502.xlsx';'SeeMoveShootData/experiment_data_LMI-Shots_20251111_Al_F502.xlsx';1;'Tue Nov 11, 2025 at 12:14:19';'Tue Nov 11, 2025 at 12:14:19'
'experiment_data_LMI-Shots_20251111_Al_F502.xlsx';'SeeMoveShootData/experiment_data_LMI-Shots_20251111_Al_F502.xlsx';1;'Tue Nov 11, 2025 at 12:14:34';'Tue Nov 11, 2025 at 12:14:34'
'~$experiment_data_LMI-Shots_20251111_Al_F502.xlsx';'SeeMoveShootData/~$experiment_data_LMI-Shots_20251111_Al_F502.xlsx';1;'Tue Nov 11, 2025 at 12:16:12';'Tue Nov 11, 2025 at 12:16:12'
'~$experiment_data_LMI-Shots_20251111_Al_F502.xlsx';'SeeMoveShootData/~$experiment_data_LMI-Shots_20251111_Al_F502.xlsx';1;'Tue Nov 11, 2025 at 12:39:46';'Tue Nov 11, 2025 at 12:39:46'
'experiment_data_LMI-Shots_20251111_Al_F502_error_run.xlsx';'SeeMoveShootData/experiment_data_LMI-Shots_20251111_Al_F502_error_run.xlsx';1;'Tue Nov 11, 2025 at 13:23:04';'Tue Nov 11, 2025 at 13:23:04'
'experiment_data_velocity_20251111_Al_F362.xlsx';'SeeMoveShootData/experiment_data_velocity_20251111_Al_F362.xlsx';1;'Tue Nov 11, 2025 at 13:32:12';'Tue Nov 11, 2025 at 13:32:12'
'experiment_data_velocity_20251111_Al_F362.xlsx';'SeeMoveShootData/experiment_data_velocity_20251111_Al_F362.xlsx';1;'Tue Nov 11, 2025 at 13:32:27';'Tue Nov 11, 2025 at 13:32:27'
'experiment_data_velocity_20251111_Al_F362.xlsx';'SeeMoveShootData/experiment_data_velocity_20251111_Al_F362.xlsx';1;'Tue Nov 11, 2025 at 13:32:53';'Tue Nov 11, 2025 at 13:32:53'
'experiment_data_velocity_20251111_Al_F362.xlsx';'SeeMoveShootData/experiment_data_velocity_20251111_Al_F362.xlsx';1;'Tue Nov 11, 2025 at 13:33:08';'Tue Nov 11, 2025 at 13:33:08'
'experiment_data_velocity_20251111_Al_F362.xlsx';'SeeMoveShootData/experiment_data_velocity_20251111_Al_F362.xlsx';1;'Tue Nov 11, 2025 at 13:33:27';'Tue Nov 11, 2025 at 13:33:27'
'experiment_data_velocity_20251111_Al_F362.xlsx';'SeeMoveShootData/experiment_data_velocity_20251111_Al_F362.xlsx';1;'Tue Nov 11, 2025 at 13:33:38';'Tue Nov 11, 2025 at 13:33:38'
'experiment_data_velocity_20251111_Al_F362.xlsx';'SeeMoveShootData/experiment_data_velocity_20251111_Al_F362.xlsx';1;'Tue Nov 11, 2025 at 13:33:55';'Tue Nov 11, 2025 at 13:33:55'
'experiment_data_velocity_20251111_Al_F362.xlsx';'SeeMoveShootData/experiment_data_velocity_20251111_Al_F362.xlsx';1;'Tue Nov 11, 2025 at 13:34:19';'Tue Nov 11, 2025 at 13:34:19'
'experiment_data_velocity_20251111_Al_F362.xlsx';'SeeMoveShootData/experiment_data_velocity_20251111_Al_F362.xlsx';1;'Tue Nov 11, 2025 at 13:34:39';'Tue Nov 11, 2025 at 13:34:39'
'experiment_data_velocity_20251111_Al_F362.xlsx';'SeeMoveShootData/experiment_data_velocity_20251111_Al_F362.xlsx';1;'Tue Nov 11, 2025 at 13:35:02';'Tue Nov 11, 2025 at 13:35:02'
'experiment_data_Velocity_20251111_Al_.xlsx';'SeeMoveShootData/experiment_data_Velocity_20251111_Al_.xlsx';1;'Tue Nov 11, 2025 at 13:22:19';'Tue Nov 11, 2025 at 13:22:19'
'experiment_data_velocity_20251111_Al_F362.xlsx';'SeeMoveShootData/experiment_data_velocity_20251111_Al_F362.xlsx';1;'Tue Nov 11, 2025 at 13:32:08';'Tue Nov 11, 2025 at 13:32:08'
'experiment_data_velocity_20251111_Al_F362.xlsx';'SeeMoveShootData/experiment_data_velocity_20251111_Al_F362.xlsx';1;'Tue Nov 11, 2025 at 13:32:17';'Tue Nov 11, 2025 at 13:32:17'
'experiment_data_velocity_20251111_Al_F362.xlsx';'SeeMoveShootData/experiment_data_velocity_20251111_Al_F362.xlsx';1;'Tue Nov 11, 2025 at 13:32:32';'Tue Nov 11, 2025 at 13:32:32'
'experiment_data_velocity_20251111_Al_F362.xlsx';'SeeMoveShootData/experiment_data_velocity_20251111_Al_F362.xlsx';1;'Tue Nov 11, 2025 at 13:32:57';'Tue Nov 11, 2025 at 13:32:57'
'experiment_data_velocity_20251111_Al_F362.xlsx';'SeeMoveShootData/experiment_data_velocity_20251111_Al_F362.xlsx';1;'Tue Nov 11, 2025 at 13:33:16';'Tue Nov 11, 2025 at 13:33:16'
'experiment_data_velocity_20251111_Al_F362.xlsx';'SeeMoveShootData/experiment_data_velocity_20251111_Al_F362.xlsx';1;'Tue Nov 11, 2025 at 13:33:32';'Tue Nov 11, 2025 at 13:33:32'
'experiment_data_velocity_20251111_Al_F362.xlsx';'SeeMoveShootData/experiment_data_velocity_20251111_Al_F362.xlsx';1;'Tue Nov 11, 2025 at 13:33:43';'Tue Nov 11, 2025 at 13:33:43'
'experiment_data_velocity_20251111_Al_F362.xlsx';'SeeMoveShootData/experiment_data_velocity_20251111_Al_F362.xlsx';1;'Tue Nov 11, 2025 at 13:34:06';'Tue Nov 11, 2025 at 13:34:06'
'experiment_data_velocity_20251111_Al_F362.xlsx';'SeeMoveShootData/experiment_data_velocity_20251111_Al_F362.xlsx';1;'Tue Nov 11, 2025 at 13:34:29';'Tue Nov 11, 2025 at 13:34:29'
'experiment_data_velocity_20251111_Al_F362.xlsx';'SeeMoveShootData/experiment_data_velocity_20251111_Al_F362.xlsx';1;'Tue Nov 11, 2025 at 13:34:52';'Tue Nov 11, 2025 at 13:34:52'
'~$experiment_data_velocity_20251111_Al_F362.xlsx';'SeeMoveShootData/~$experiment_data_velocity_20251111_Al_F362.xlsx';1;'Tue Nov 11, 2025 at 13:35:24';'Tue Nov 11, 2025 at 13:35:24'
'experiment_data_LMI-Shots_20251111_Al_F502.xlsx';'SeeMoveShootData/experiment_data_LMI-Shots_20251111_Al_F502.xlsx';1;'Tue Nov 11, 2025 at 20:23:28';'Tue Nov 11, 2025 at 20:23:28'
'experiment_data_LMI-Shots_20251111_Al_F502.xlsx';'SeeMoveShootData/experiment_data_LMI-Shots_20251111_Al_F502.xlsx';1;'Tue Nov 11, 2025 at 15:23:43';'Tue Nov 11, 2025 at 15:23:43'
'experiment_data_LMI-Shots_20251111_Al_F502.xlsx';'SeeMoveShootData/experiment_data_LMI-Shots_20251111_Al_F502.xlsx';1;'Tue Nov 11, 2025 at 15:23:59';'Tue Nov 11, 2025 at 15:23:59'
'experiment_data_LMI-Shots_20251111_Al_F502.xlsx';'SeeMoveShootData/experiment_data_LMI-Shots_20251111_Al_F502.xlsx';1;'Tue Nov 11, 2025 at 20:24:15';'Tue Nov 11, 2025 at 20:24:15'
'experiment_data_LMI-Shots_20251111_Al_F502.xlsx';'SeeMoveShootData/experiment_data_LMI-Shots_20251111_Al_F502.xlsx';1;'Tue Nov 11, 2025 at 15:24:42';'Tue Nov 11, 2025 at 15:24:42'
'experiment_data_LMI-Shots_20251111_Al_F502.xlsx';'SeeMoveShootData/experiment_data_LMI-Shots_20251111_Al_F502.xlsx';1;'Tue Nov 11, 2025 at 15:25:04';'Tue Nov 11, 2025 at 15:25:04'
'experiment_data_LMI-Shots_20251111_Al_F502.xlsx';'SeeMoveShootData/experiment_data_LMI-Shots_20251111_Al_F502.xlsx';1;'Tue Nov 11, 2025 at 15:25:17';'Tue Nov 11, 2025 at 15:25:17'
'experiment_data_LMI-Shots_20251111_Al_F502.xlsx';'SeeMoveShootData/experiment_data_LMI-Shots_20251111_Al_F502.xlsx';1;'Tue Nov 11, 2025 at 20:25:41';'Tue Nov 11, 2025 at 20:25:41'
'experiment_data_LMI-Shots_20251111_Al_F502.xlsx';'SeeMoveShootData/experiment_data_LMI-Shots_20251111_Al_F502.xlsx';1;'Tue Nov 11, 2025 at 15:25:56';'Tue Nov 11, 2025 at 15:25:56'
'experiment_data_LMI-Shots_20251111_Al_F502.xlsx';'SeeMoveShootData/experiment_data_LMI-Shots_20251111_Al_F502.xlsx';1;'Tue Nov 11, 2025 at 15:26:17';'Tue Nov 11, 2025 at 15:26:17'
'experiment_data_LMI-Shots_20251111_Al_F502.xlsx';'SeeMoveShootData/experiment_data_LMI-Shots_20251111_Al_F502.xlsx';1;'Tue Nov 11, 2025 at 15:26:32';'Tue Nov 11, 2025 at 15:26:32'
'experiment_data_LMI-Shots_20251111_Al_F502.xlsx';'SeeMoveShootData/experiment_data_LMI-Shots_20251111_Al_F502.xlsx';1;'Tue Nov 11, 2025 at 15:31:45';'Tue Nov 11, 2025 at 15:31:45'
'experiment_data_LMI-Shots_20251111_Al_F502.xlsx';'SeeMoveShootData/experiment_data_LMI-Shots_20251111_Al_F502.xlsx';1;'Tue Nov 11, 2025 at 15:31:57';'Tue Nov 11, 2025 at 15:31:57'
'experiment_data_LMI-Shots_20251111_Al_F502.xlsx';'SeeMoveShootData/experiment_data_LMI-Shots_20251111_Al_F502.xlsx';1;'Tue Nov 11, 2025 at 15:32:20';'Tue Nov 11, 2025 at 15:32:20'
'experiment_data_LMI-Shots_20251111_Al_F502.xlsx';'SeeMoveShootData/experiment_data_LMI-Shots_20251111_Al_F502.xlsx';1;'Tue Nov 11, 2025 at 15:32:36';'Tue Nov 11, 2025 at 15:32:36'
'experiment_data_LMI-Shots_20251111_Al_F502.xlsx';'SeeMoveShootData/experiment_data_LMI-Shots_20251111_Al_F502.xlsx';1;'Tue Nov 11, 2025 at 15:32:53';'Tue Nov 11, 2025 at 15:32:53'
'experiment_data_LMI-Shots_20251111_Al_F502.xlsx';'SeeMoveShootData/experiment_data_LMI-Shots_20251111_Al_F502.xlsx';1;'Tue Nov 11, 2025 at 15:33:07';'Tue Nov 11, 2025 at 15:33:07'
'experiment_data_LMI-Shots_20251111_Al_F502.xlsx';'SeeMoveShootData/experiment_data_LMI-Shots_20251111_Al_F502.xlsx';1;'Tue Nov 11, 2025 at 15:33:17';'Tue Nov 11, 2025 at 15:33:17'
'experiment_data_LMI-Shots_20251111_Al_F502.xlsx';'SeeMoveShootData/experiment_data_LMI-Shots_20251111_Al_F502.xlsx';1;'Tue Nov 11, 2025 at 15:33:37';'Tue Nov 11, 2025 at 15:33:37'
'experiment_data_LMI-Shots_20251111_Al_F502.xlsx';'SeeMoveShootData/experiment_data_LMI-Shots_20251111_Al_F502.xlsx';1;'Tue Nov 11, 2025 at 15:34:02';'Tue Nov 11, 2025 at 15:34:02'
'experiment_data_LMI-Shots_20251111_Al_F502.xlsx';'SeeMoveShootData/experiment_data_LMI-Shots_20251111_Al_F502.xlsx';1;'Tue Nov 11, 2025 at 15:34:19';'Tue Nov 11, 2025 at 15:34:19'
'experiment_data_LMI-Shots_20251111_Al_F502.xlsx';'SeeMoveShootData/experiment_data_LMI-Shots_20251111_Al_F502.xlsx';1;'Tue Nov 11, 2025 at 15:34:32';'Tue Nov 11, 2025 at 15:34:32'
'experiment_data_LMI-Shots_20251111_Al_F502.xlsx';'JHAMAC00001--S1R2C1/experiment_data_LMI-Shots_20251111_Al_F502.xlsx';1;'Tue Nov 11, 2025 at 15:38:23';'Tue Nov 11, 2025 at 15:38:23'
'experiment_data_LMI-Shots_20251111_Al_F502_error_run.xlsx';'JHAMAC00001--S1R2C1/experiment_data_LMI-Shots_20251111_Al_F502_error_run.xlsx';1;'Tue Nov 11, 2025 at 15:38:23';'Tue Nov 11, 2025 at 15:38:23'
'experiment_data_LMI-Shots_20251111_Al_F502.xlsx';'SeeMoveShootData/experiment_data_LMI-Shots_20251111_Al_F502.xlsx';1;'Tue Nov 11, 2025 at 20:23:33';'Tue Nov 11, 2025 at 20:23:33'
'experiment_data_LMI-Shots_20251111_Al_F502.xlsx';'SeeMoveShootData/experiment_data_LMI-Shots_20251111_Al_F502.xlsx';1;'Tue Nov 11, 2025 at 15:23:47';'Tue Nov 11, 2025 at 15:23:47'
'experiment_data_LMI-Shots_20251111_Al_F502.xlsx';'SeeMoveShootData/experiment_data_LMI-Shots_20251111_Al_F502.xlsx';1;'Tue Nov 11, 2025 at 20:24:08';'Tue Nov 11, 2025 at 20:24:08'
'experiment_data_LMI-Shots_20251111_Al_F502.xlsx';'SeeMoveShootData/experiment_data_LMI-Shots_20251111_Al_F502.xlsx';1;'Tue Nov 11, 2025 at 15:24:37';'Tue Nov 11, 2025 at 15:24:37'
'experiment_data_LMI-Shots_20251111_Al_F502.xlsx';'SeeMoveShootData/experiment_data_LMI-Shots_20251111_Al_F502.xlsx';1;'Tue Nov 11, 2025 at 20:24:54';'Tue Nov 11, 2025 at 20:24:54'
'experiment_data_LMI-Shots_20251111_Al_F502.xlsx';'SeeMoveShootData/experiment_data_LMI-Shots_20251111_Al_F502.xlsx';1;'Tue Nov 11, 2025 at 15:25:14';'Tue Nov 11, 2025 at 15:25:14'
'experiment_data_LMI-Shots_20251111_Al_F502.xlsx';'SeeMoveShootData/experiment_data_LMI-Shots_20251111_Al_F502.xlsx';1;'Tue Nov 11, 2025 at 20:25:28';'Tue Nov 11, 2025 at 20:25:28'
'experiment_data_LMI-Shots_20251111_Al_F502.xlsx';'SeeMoveShootData/experiment_data_LMI-Shots_20251111_Al_F502.xlsx';1;'Tue Nov 11, 2025 at 15:25:51';'Tue Nov 11, 2025 at 15:25:51'
'experiment_data_LMI-Shots_20251111_Al_F502.xlsx';'SeeMoveShootData/experiment_data_LMI-Shots_20251111_Al_F502.xlsx';1;'Tue Nov 11, 2025 at 15:26:07';'Tue Nov 11, 2025 at 15:26:07'
'experiment_data_LMI-Shots_20251111_Al_F502.xlsx';'SeeMoveShootData/experiment_data_LMI-Shots_20251111_Al_F502.xlsx';1;'Tue Nov 11, 2025 at 15:26:22';'Tue Nov 11, 2025 at 15:26:22'
'~$experiment_data_LMI-Shots_20251111_Al_F502.xlsx';'SeeMoveShootData/~$experiment_data_LMI-Shots_20251111_Al_F502.xlsx';1;'Tue Nov 11, 2025 at 15:26:55';'Tue Nov 11, 2025 at 15:26:55'
'experiment_data_LMI-Shots_20251111_Al_F502.xlsx';'SeeMoveShootData/experiment_data_LMI-Shots_20251111_Al_F502.xlsx';1;'Tue Nov 11, 2025 at 15:31:52';'Tue Nov 11, 2025 at 15:31:52'
'experiment_data_LMI-Shots_20251111_Al_F502.xlsx';'SeeMoveShootData/experiment_data_LMI-Shots_20251111_Al_F502.xlsx';1;'Tue Nov 11, 2025 at 15:32:09';'Tue Nov 11, 2025 at 15:32:09'
'experiment_data_LMI-Shots_20251111_Al_F502.xlsx';'SeeMoveShootData/experiment_data_LMI-Shots_20251111_Al_F502.xlsx';1;'Tue Nov 11, 2025 at 15:32:22';'Tue Nov 11, 2025 at 15:32:22'
'experiment_data_LMI-Shots_20251111_Al_F502.xlsx';'SeeMoveShootData/experiment_data_LMI-Shots_20251111_Al_F502.xlsx';1;'Tue Nov 11, 2025 at 15:32:41';'Tue Nov 11, 2025 at 15:32:41'
'experiment_data_LMI-Shots_20251111_Al_F502.xlsx';'SeeMoveShootData/experiment_data_LMI-Shots_20251111_Al_F502.xlsx';1;'Tue Nov 11, 2025 at 15:32:57';'Tue Nov 11, 2025 at 15:32:57'
'experiment_data_LMI-Shots_20251111_Al_F502.xlsx';'SeeMoveShootData/experiment_data_LMI-Shots_20251111_Al_F502.xlsx';1;'Tue Nov 11, 2025 at 15:33:15';'Tue Nov 11, 2025 at 15:33:15'
'experiment_data_LMI-Shots_20251111_Al_F502.xlsx';'SeeMoveShootData/experiment_data_LMI-Shots_20251111_Al_F502.xlsx';1;'Tue Nov 11, 2025 at 15:33:32';'Tue Nov 11, 2025 at 15:33:32'
'experiment_data_LMI-Shots_20251111_Al_F502.xlsx';'SeeMoveShootData/experiment_data_LMI-Shots_20251111_Al_F502.xlsx';1;'Tue Nov 11, 2025 at 15:33:58';'Tue Nov 11, 2025 at 15:33:58'
'experiment_data_LMI-Shots_20251111_Al_F502.xlsx';'SeeMoveShootData/experiment_data_LMI-Shots_20251111_Al_F502.xlsx';1;'Tue Nov 11, 2025 at 15:34:12';'Tue Nov 11, 2025 at 15:34:12'
'experiment_data_LMI-Shots_20251111_Al_F502.xlsx';'SeeMoveShootData/experiment_data_LMI-Shots_20251111_Al_F502.xlsx';1;'Tue Nov 11, 2025 at 15:34:30';'Tue Nov 11, 2025 at 15:34:30'
'Screenshot 2025-11-11 203455.png';'SeeMoveShootData/Screenshot 2025-11-11 203455.png';2;'Tue Nov 11, 2025 at 20:35:13';'Tue Nov 11, 2025 at 20:35:13'
'experiment_data_velocity_20251111_Al_F362.xlsx';'JHAMAC00001--S1R2C1/experiment_data_velocity_20251111_Al_F362.xlsx';1;'Tue Nov 11, 2025 at 15:38:23';'Tue Nov 11, 2025 at 15:38:23'
'experiment_data_Test_20251113_Al_F.xlsx';'SeeMoveShootData/experiment_data_Test_20251113_Al_F.xlsx';1;'Thu Nov 13, 2025 at 10:36:59';'Thu Nov 13, 2025 at 10:36:59'
'experiment_data_Test_20251113_Al_F.xlsx';'SeeMoveShootData/experiment_data_Test_20251113_Al_F.xlsx';1;'Thu Nov 13, 2025 at 15:37:19';'Thu Nov 13, 2025 at 15:37:19'
'experiment_data_Test_20251113_Al_F.xlsx';'SeeMoveShootData/experiment_data_Test_20251113_Al_F.xlsx';1;'Thu Nov 13, 2025 at 15:37:50';'Thu Nov 13, 2025 at 15:37:50'
'experiment_data_Test_20251113_Al_F.xlsx';'SeeMoveShootData/experiment_data_Test_20251113_Al_F.xlsx';1;'Thu Nov 13, 2025 at 10:38:12';'Thu Nov 13, 2025 at 10:38:12'
'experiment_data_Test_20251113_Al_F.xlsx';'SeeMoveShootData/experiment_data_Test_20251113_Al_F.xlsx';1;'Thu Nov 13, 2025 at 10:38:29';'Thu Nov 13, 2025 at 10:38:29'
'experiment_data_Test_20251113_Al_F.xlsx';'SeeMoveShootData/experiment_data_Test_20251113_Al_F.xlsx';1;'Thu Nov 13, 2025 at 10:38:46';'Thu Nov 13, 2025 at 10:38:46'
'experiment_data_Test_20251113_Al_F.xlsx';'SeeMoveShootData/experiment_data_Test_20251113_Al_F.xlsx';1;'Thu Nov 13, 2025 at 10:39:09';'Thu Nov 13, 2025 at 10:39:09'
'experiment_data_Test_20251113_Al_F.xlsx';'SeeMoveShootData/experiment_data_Test_20251113_Al_F.xlsx';1;'Thu Nov 13, 2025 at 10:39:24';'Thu Nov 13, 2025 at 10:39:24'
'experiment_data_Test_20251113_Al_F.xlsx';'SeeMoveShootData/experiment_data_Test_20251113_Al_F.xlsx';1;'Thu Nov 13, 2025 at 10:39:45';'Thu Nov 13, 2025 at 10:39:45'
'experiment_data_Test_20251113_Al_F.xlsx';'SeeMoveShootData/experiment_data_Test_20251113_Al_F.xlsx';1;'Thu Nov 13, 2025 at 10:39:55';'Thu Nov 13, 2025 at 10:39:55'
'~$experiment_data_Test_20251113_Al_F.xlsx';'SeeMoveShootData/~$experiment_data_Test_20251113_Al_F.xlsx';1;'Thu Nov 13, 2025 at 15:41:31';'Thu Nov 13, 2025 at 15:41:31'
'experiment_data_Test_20251113_Al_F478.xlsx';'SeeMoveShootData/experiment_data_Test_20251113_Al_F478.xlsx';1;'Thu Nov 13, 2025 at 10:47:10';'Thu Nov 13, 2025 at 10:47:10'
'experiment_data_Test_20251113_Al_F478.xlsx';'SeeMoveShootData/experiment_data_Test_20251113_Al_F478.xlsx';1;'Thu Nov 13, 2025 at 10:47:28';'Thu Nov 13, 2025 at 10:47:28'
'experiment_data_Test_20251113_Al_F478.xlsx';'SeeMoveShootData/experiment_data_Test_20251113_Al_F478.xlsx';1;'Thu Nov 13, 2025 at 10:47:57';'Thu Nov 13, 2025 at 10:47:57'
'experiment_data_Test_20251113_Al_F478.xlsx';'SeeMoveShootData/experiment_data_Test_20251113_Al_F478.xlsx';1;'Thu Nov 13, 2025 at 10:48:10';'Thu Nov 13, 2025 at 10:48:10'
'experiment_data_Test_20251113_Al_F478.xlsx';'SeeMoveShootData/experiment_data_Test_20251113_Al_F478.xlsx';1;'Thu Nov 13, 2025 at 10:48:34';'Thu Nov 13, 2025 at 10:48:34'
'experiment_data_Test_20251113_Al_F478.xlsx';'SeeMoveShootData/experiment_data_Test_20251113_Al_F478.xlsx';1;'Thu Nov 13, 2025 at 10:48:50';'Thu Nov 13, 2025 at 10:48:50'
'experiment_data_Test_20251113_Al_F478.xlsx';'SeeMoveShootData/experiment_data_Test_20251113_Al_F478.xlsx';1;'Thu Nov 13, 2025 at 10:49:05';'Thu Nov 13, 2025 at 10:49:05'
'experiment_data_Test_20251113_Al_F478.xlsx';'SeeMoveShootData/experiment_data_Test_20251113_Al_F478.xlsx';1;'Thu Nov 13, 2025 at 10:49:30';'Thu Nov 13, 2025 at 10:49:30'
'experiment_data_Test_20251113_Al_F478.xlsx';'SeeMoveShootData/experiment_data_Test_20251113_Al_F478.xlsx';1;'Thu Nov 13, 2025 at 10:49:50';'Thu Nov 13, 2025 at 10:49:50'
'experiment_data_Test_20251113_Al_F478.xlsx';'SeeMoveShootData/experiment_data_Test_20251113_Al_F478.xlsx';1;'Thu Nov 13, 2025 at 10:50:10';'Thu Nov 13, 2025 at 10:50:10'
'experiment_data_Test_20251113_Al_F478.xlsx';'SeeMoveShootData/experiment_data_Test_20251113_Al_F478.xlsx';1;'Thu Nov 13, 2025 at 10:50:27';'Thu Nov 13, 2025 at 10:50:27'
'experiment_data_Test_20251113_Al_F478.xlsx';'SeeMoveShootData/experiment_data_Test_20251113_Al_F478.xlsx';1;'Thu Nov 13, 2025 at 10:50:44';'Thu Nov 13, 2025 at 10:50:44'
'experiment_data_LMI-Shots_20251113_Al_F478.xlsx';'SeeMoveShootData/experiment_data_LMI-Shots_20251113_Al_F478.xlsx';1;'Thu Nov 13, 2025 at 11:06:29';'Thu Nov 13, 2025 at 11:06:29'
'experiment_data_LMI-Shots_20251113_Al_F478.xlsx';'SeeMoveShootData/experiment_data_LMI-Shots_20251113_Al_F478.xlsx';1;'Thu Nov 13, 2025 at 11:06:40';'Thu Nov 13, 2025 at 11:06:40'
'experiment_data_LMI-Shots_20251113_Al_F478.xlsx';'SeeMoveShootData/experiment_data_LMI-Shots_20251113_Al_F478.xlsx';1;'Thu Nov 13, 2025 at 11:07:05';'Thu Nov 13, 2025 at 11:07:05'
'experiment_data_LMI-Shots_20251113_Al_F478.xlsx';'SeeMoveShootData/experiment_data_LMI-Shots_20251113_Al_F478.xlsx';1;'Thu Nov 13, 2025 at 11:07:18';'Thu Nov 13, 2025 at 11:07:18'
'experiment_data_LMI-Shots_20251113_Al_F478.xlsx';'SeeMoveShootData/experiment_data_LMI-Shots_20251113_Al_F478.xlsx';1;'Thu Nov 13, 2025 at 11:07:35';'Thu Nov 13, 2025 at 11:07:35'
'experiment_data_LMI-Shots_20251113_Al_F478.xlsx';'SeeMoveShootData/experiment_data_LMI-Shots_20251113_Al_F478.xlsx';1;'Thu Nov 13, 2025 at 11:07:58';'Thu Nov 13, 2025 at 11:07:58'
'experiment_data_LMI-Shots_20251113_Al_F478.xlsx';'SeeMoveShootData/experiment_data_LMI-Shots_20251113_Al_F478.xlsx';1;'Thu Nov 13, 2025 at 11:08:19';'Thu Nov 13, 2025 at 11:08:19'
'experiment_data_LMI-Shots_20251113_Al_F478.xlsx';'SeeMoveShootData/experiment_data_LMI-Shots_20251113_Al_F478.xlsx';1;'Thu Nov 13, 2025 at 11:08:30';'Thu Nov 13, 2025 at 11:08:30'
'experiment_data_LMI-Shots_20251113_Al_F478.xlsx';'SeeMoveShootData/experiment_data_LMI-Shots_20251113_Al_F478.xlsx';1;'Thu Nov 13, 2025 at 11:08:52';'Thu Nov 13, 2025 at 11:08:52'
'~$experiment_data_LMI-Shots_20251113_Al_F478.xlsx';'SeeMoveShootData/~$experiment_data_LMI-Shots_20251113_Al_F478.xlsx';1;'Thu Nov 13, 2025 at 11:10:00';'Thu Nov 13, 2025 at 11:10:00'
'experiment_data_LMI-Shots_20251113_Al_F478.xlsx';'SeeMoveShootData/experiment_data_LMI-Shots_20251113_Al_F478.xlsx';1;'Thu Nov 13, 2025 at 11:12:14';'Thu Nov 13, 2025 at 11:12:14'
'experiment_data_LMI-Shots_20251113_Al_F478.xlsx';'SeeMoveShootData/experiment_data_LMI-Shots_20251113_Al_F478.xlsx';1;'Thu Nov 13, 2025 at 11:12:28';'Thu Nov 13, 2025 at 11:12:28'
'experiment_data_LMI-Shots_20251113_Al_F478.xlsx';'SeeMoveShootData/experiment_data_LMI-Shots_20251113_Al_F478.xlsx';1;'Thu Nov 13, 2025 at 11:12:49';'Thu Nov 13, 2025 at 11:12:49'
'experiment_data_LMI-Shots_20251113_Al_F478.xlsx';'SeeMoveShootData/experiment_data_LMI-Shots_20251113_Al_F478.xlsx';1;'Thu Nov 13, 2025 at 11:13:05';'Thu Nov 13, 2025 at 11:13:05'
'experiment_data_LMI-Shots_20251113_Al_F478.xlsx';'SeeMoveShootData/experiment_data_LMI-Shots_20251113_Al_F478.xlsx';1;'Thu Nov 13, 2025 at 11:13:20';'Thu Nov 13, 2025 at 11:13:20'
'experiment_data_LMI-Shots_20251113_Al_F478.xlsx';'SeeMoveShootData/experiment_data_LMI-Shots_20251113_Al_F478.xlsx';1;'Thu Nov 13, 2025 at 11:13:37';'Thu Nov 13, 2025 at 11:13:37'
'experiment_data_LMI-Shots_20251113_Al_F478.xlsx';'SeeMoveShootData/experiment_data_LMI-Shots_20251113_Al_F478.xlsx';1;'Thu Nov 13, 2025 at 11:13:54';'Thu Nov 13, 2025 at 11:13:54'
'experiment_data_LMI-Shots_20251113_Al_F478.xlsx';'SeeMoveShootData/experiment_data_LMI-Shots_20251113_Al_F478.xlsx';1;'Thu Nov 13, 2025 at 11:14:10';'Thu Nov 13, 2025 at 11:14:10'
'experiment_data_LMI-Shots_20251113_Al_F478.xlsx';'SeeMoveShootData/experiment_data_LMI-Shots_20251113_Al_F478.xlsx';1;'Thu Nov 13, 2025 at 11:14:26';'Thu Nov 13, 2025 at 11:14:26'
'experiment_data_LMI-Shots_20251113_Al_F478.xlsx';'SeeMoveShootData/experiment_data_LMI-Shots_20251113_Al_F478.xlsx';1;'Thu Nov 13, 2025 at 11:14:47';'Thu Nov 13, 2025 at 11:14:47'
'experiment_data_LMI-Shots_20251113_Al_F478.xlsx';'SeeMoveShootData/experiment_data_LMI-Shots_20251113_Al_F478.xlsx';1;'Thu Nov 13, 2025 at 11:15:10';'Thu Nov 13, 2025 at 11:15:10'
'~$experiment_data_LMI-Shots_20251113_Al_F478.xlsx';'SeeMoveShootData/~$experiment_data_LMI-Shots_20251113_Al_F478.xlsx';1;'Thu Nov 13, 2025 at 11:17:53';'Thu Nov 13, 2025 at 11:17:53'
'experiment_data_LMI-Shots_20251113_Al_F4xx.xlsx';'SeeMoveShootData/experiment_data_LMI-Shots_20251113_Al_F4xx.xlsx';1;'Thu Nov 13, 2025 at 12:15:55';'Thu Nov 13, 2025 at 12:15:55'
'experiment_data_LMI-Shots_20251113_Al_F4xx.xlsx';'SeeMoveShootData/experiment_data_LMI-Shots_20251113_Al_F4xx.xlsx';1;'Thu Nov 13, 2025 at 12:16:14';'Thu Nov 13, 2025 at 12:16:14'
'experiment_data_LMI-Shots_20251113_Al_F4xx.xlsx';'SeeMoveShootData/experiment_data_LMI-Shots_20251113_Al_F4xx.xlsx';1;'Thu Nov 13, 2025 at 12:16:30';'Thu Nov 13, 2025 at 12:16:30'
'experiment_data_LMI-Shots_20251113_Al_F4xx.xlsx';'SeeMoveShootData/experiment_data_LMI-Shots_20251113_Al_F4xx.xlsx';1;'Thu Nov 13, 2025 at 12:16:46';'Thu Nov 13, 2025 at 12:16:46'
'experiment_data_Test_20251113_Al_F4xx.xlsx';'SeeMoveShootData/experiment_data_Test_20251113_Al_F4xx.xlsx';1;'Thu Nov 13, 2025 at 12:27:37';'Thu Nov 13, 2025 at 12:27:37'
'experiment_data_Test_20251113_Al_F4xx.xlsx';'SeeMoveShootData/experiment_data_Test_20251113_Al_F4xx.xlsx';1;'Thu Nov 13, 2025 at 12:28:17';'Thu Nov 13, 2025 at 12:28:17'
'experiment_data_Test_20251113_Al_F4xx.xlsx';'SeeMoveShootData/experiment_data_Test_20251113_Al_F4xx.xlsx';1;'Thu Nov 13, 2025 at 12:28:46';'Thu Nov 13, 2025 at 12:28:46'
'experiment_data_Test_20251113_Al_F4xx.xlsx';'SeeMoveShootData/experiment_data_Test_20251113_Al_F4xx.xlsx';1;'Thu Nov 13, 2025 at 12:29:02';'Thu Nov 13, 2025 at 12:29:02'
'experiment_data_Test_20251113_Al_F4xx.xlsx';'SeeMoveShootData/experiment_data_Test_20251113_Al_F4xx.xlsx';1;'Thu Nov 13, 2025 at 12:29:25';'Thu Nov 13, 2025 at 12:29:25'
'experiment_data_Test_20251113_Al_F4xx.xlsx';'SeeMoveShootData/experiment_data_Test_20251113_Al_F4xx.xlsx';1;'Thu Nov 13, 2025 at 12:29:40';'Thu Nov 13, 2025 at 12:29:40'
'experiment_data_Test_20251113_Al_F4xx.xlsx';'SeeMoveShootData/experiment_data_Test_20251113_Al_F4xx.xlsx';1;'Thu Nov 13, 2025 at 12:29:55';'Thu Nov 13, 2025 at 12:29:55'
'experiment_data_Test_20251113_Al_F4xx.xlsx';'SeeMoveShootData/experiment_data_Test_20251113_Al_F4xx.xlsx';1;'Thu Nov 13, 2025 at 17:30:19';'Thu Nov 13, 2025 at 17:30:19'
'experiment_data_Test_20251113_Al_F4xx.xlsx';'SeeMoveShootData/experiment_data_Test_20251113_Al_F4xx.xlsx';1;'Thu Nov 13, 2025 at 12:30:49';'Thu Nov 13, 2025 at 12:30:49'
'experiment_data_Test_20251113_Al_F4xx.xlsx';'SeeMoveShootData/experiment_data_Test_20251113_Al_F4xx.xlsx';1;'Thu Nov 13, 2025 at 12:31:05';'Thu Nov 13, 2025 at 12:31:05'
'experiment_data_Test_20251113_Al_F4xx.xlsx';'SeeMoveShootData/experiment_data_Test_20251113_Al_F4xx.xlsx';1;'Thu Nov 13, 2025 at 17:31:25';'Thu Nov 13, 2025 at 17:31:25'
'experiment_data_LMI-Shots_20251113_Al_Fxy.xlsx';'SeeMoveShootData/experiment_data_LMI-Shots_20251113_Al_Fxy.xlsx';1;'Thu Nov 13, 2025 at 12:44:45';'Thu Nov 13, 2025 at 12:44:45'
'experiment_data_LMI-Shots_20251113_Al_Fxy.xlsx';'SeeMoveShootData/experiment_data_LMI-Shots_20251113_Al_Fxy.xlsx';1;'Thu Nov 13, 2025 at 12:45:07';'Thu Nov 13, 2025 at 12:45:07'
'experiment_data_LMI-Shots_20251113_Al_Fxy.xlsx';'SeeMoveShootData/experiment_data_LMI-Shots_20251113_Al_Fxy.xlsx';1;'Thu Nov 13, 2025 at 12:45:30';'Thu Nov 13, 2025 at 12:45:30'
'experiment_data_LMI-Shots_20251113_Al_Fxy.xlsx';'SeeMoveShootData/experiment_data_LMI-Shots_20251113_Al_Fxy.xlsx';1;'Thu Nov 13, 2025 at 12:45:40';'Thu Nov 13, 2025 at 12:45:40'
'experiment_data_LMI-Shots_20251113_Al_Fxy.xlsx';'SeeMoveShootData/experiment_data_LMI-Shots_20251113_Al_Fxy.xlsx';1;'Thu Nov 13, 2025 at 12:46:01';'Thu Nov 13, 2025 at 12:46:01'
'experiment_data_LMI-Shots_20251113_Al_Fxy.xlsx';'SeeMoveShootData/experiment_data_LMI-Shots_20251113_Al_Fxy.xlsx';1;'Thu Nov 13, 2025 at 12:46:18';'Thu Nov 13, 2025 at 12:46:18'
'experiment_data_LMI-Shots_20251113_Al_Fxy.xlsx';'SeeMoveShootData/experiment_data_LMI-Shots_20251113_Al_Fxy.xlsx';1;'Thu Nov 13, 2025 at 12:46:34';'Thu Nov 13, 2025 at 12:46:34'
'experiment_data_LMI-Shots_20251113_Al_Fxy.xlsx';'SeeMoveShootData/experiment_data_LMI-Shots_20251113_Al_Fxy.xlsx';1;'Thu Nov 13, 2025 at 12:47:02';'Thu Nov 13, 2025 at 12:47:02'
'experiment_data_LMI-Shots_20251113_Al_Fxy.xlsx';'SeeMoveShootData/experiment_data_LMI-Shots_20251113_Al_Fxy.xlsx';1;'Thu Nov 13, 2025 at 12:47:18';'Thu Nov 13, 2025 at 12:47:18'
'experiment_data_LMI-Shots_20251113_Al_Fxy.xlsx';'SeeMoveShootData/experiment_data_LMI-Shots_20251113_Al_Fxy.xlsx';1;'Thu Nov 13, 2025 at 12:47:30';'Thu Nov 13, 2025 at 12:47:30'
'experiment_data_LMI-Shots_20251113_Al_Fxy.xlsx';'SeeMoveShootData/experiment_data_LMI-Shots_20251113_Al_Fxy.xlsx';1;'Thu Nov 13, 2025 at 12:47:45';'Thu Nov 13, 2025 at 12:47:45'
'experiment_data_LMI-Shots_20251113_Al_Fxy.xlsx';'SeeMoveShootData/experiment_data_LMI-Shots_20251113_Al_Fxy.xlsx';1;'Thu Nov 13, 2025 at 12:52:45';'Thu Nov 13, 2025 at 12:52:45'
'experiment_data_LMI-Shots_20251113_Al_Fxy.xlsx';'SeeMoveShootData/experiment_data_LMI-Shots_20251113_Al_Fxy.xlsx';1;'Thu Nov 13, 2025 at 12:52:56';'Thu Nov 13, 2025 at 12:52:56'
'~$experiment_data_velocity_20251111_Al_F362.xlsx';'SeeMoveShootData/~$experiment_data_velocity_20251111_Al_F362.xlsx';1;'Thu Nov 13, 2025 at 13:07:01';'Thu Nov 13, 2025 at 13:07:01'
'experiment_data_test_20251113_Al_F4xy.xlsx';'SeeMoveShootData/experiment_data_test_20251113_Al_F4xy.xlsx';1;'Thu Nov 13, 2025 at 14:18:46';'Thu Nov 13, 2025 at 14:18:46'
'experiment_data_test_20251113_Al_F4xy.xlsx';'SeeMoveShootData/experiment_data_test_20251113_Al_F4xy.xlsx';1;'Thu Nov 13, 2025 at 14:19:20';'Thu Nov 13, 2025 at 14:19:20'
'experiment_data_test_20251113_Al_F4xy.xlsx';'SeeMoveShootData/experiment_data_test_20251113_Al_F4xy.xlsx';1;'Thu Nov 13, 2025 at 14:19:49';'Thu Nov 13, 2025 at 14:19:49'
'experiment_data_test_20251113_Al_F4xy.xlsx';'SeeMoveShootData/experiment_data_test_20251113_Al_F4xy.xlsx';1;'Thu Nov 13, 2025 at 14:20:13';'Thu Nov 13, 2025 at 14:20:13'
'experiment_data_test_20251113_Al_F4xy.xlsx';'SeeMoveShootData/experiment_data_test_20251113_Al_F4xy.xlsx';1;'Thu Nov 13, 2025 at 14:20:50';'Thu Nov 13, 2025 at 14:20:50'
'experiment_data_test_20251113_Al_F4xy.xlsx';'SeeMoveShootData/experiment_data_test_20251113_Al_F4xy.xlsx';1;'Thu Nov 13, 2025 at 19:21:06';'Thu Nov 13, 2025 at 19:21:06'
'experiment_data_test_20251113_Al_F4xy.xlsx';'SeeMoveShootData/experiment_data_test_20251113_Al_F4xy.xlsx';1;'Thu Nov 13, 2025 at 14:21:36';'Thu Nov 13, 2025 at 14:21:36'
'experiment_data_test_20251113_Al_F4xy.xlsx';'SeeMoveShootData/experiment_data_test_20251113_Al_F4xy.xlsx';1;'Thu Nov 13, 2025 at 14:21:47';'Thu Nov 13, 2025 at 14:21:47'
'experiment_data_test_20251113_Al_F4xy.xlsx';'SeeMoveShootData/experiment_data_test_20251113_Al_F4xy.xlsx';1;'Thu Nov 13, 2025 at 14:22:11';'Thu Nov 13, 2025 at 14:22:11'
'experiment_data_LMI-Shots_20251113_Al_Fxyz.xlsx';'SeeMoveShootData/experiment_data_LMI-Shots_20251113_Al_Fxyz.xlsx';1;'Thu Nov 13, 2025 at 14:29:34';'Thu Nov 13, 2025 at 14:29:34'
'experiment_data_LMI-Shots_20251113_Al_Fxyz.xlsx';'SeeMoveShootData/experiment_data_LMI-Shots_20251113_Al_Fxyz.xlsx';1;'Thu Nov 13, 2025 at 14:30:05';'Thu Nov 13, 2025 at 14:30:05'
'experiment_data_LMI-Shots_20251113_Al_Fxyz.xlsx';'SeeMoveShootData/experiment_data_LMI-Shots_20251113_Al_Fxyz.xlsx';1;'Thu Nov 13, 2025 at 14:30:37';'Thu Nov 13, 2025 at 14:30:37'
'experiment_data_LMI-Shots_20251113_Al_Fxyz.xlsx';'SeeMoveShootData/experiment_data_LMI-Shots_20251113_Al_Fxyz.xlsx';1;'Thu Nov 13, 2025 at 14:31:08';'Thu Nov 13, 2025 at 14:31:08'
'experiment_data_LMI-Shots_20251113_Al_sdfaf.xlsx';'SeeMoveShootData/experiment_data_LMI-Shots_20251113_Al_sdfaf.xlsx';1;'Thu Nov 13, 2025 at 14:46:38';'Thu Nov 13, 2025 at 14:46:38'
'experiment_data_LMI-Shots_20251113_Al_sdfaf.xlsx';'SeeMoveShootData/experiment_data_LMI-Shots_20251113_Al_sdfaf.xlsx';1;'Thu Nov 13, 2025 at 14:47:07';'Thu Nov 13, 2025 at 14:47:07'
'experiment_data_LMI-Shots_20251113_Al_Fasd.xlsx';'SeeMoveShootData/experiment_data_LMI-Shots_20251113_Al_Fasd.xlsx';1;'Thu Nov 13, 2025 at 14:53:09';'Thu Nov 13, 2025 at 14:53:09'
'experiment_data_LMI-Shots_20251113_Al_Fasd.xlsx';'SeeMoveShootData/experiment_data_LMI-Shots_20251113_Al_Fasd.xlsx';1;'Thu Nov 13, 2025 at 14:53:32';'Thu Nov 13, 2025 at 14:53:32'
'experiment_data_LMI-Shots_20251113_Al_Fasd.xlsx';'SeeMoveShootData/experiment_data_LMI-Shots_20251113_Al_Fasd.xlsx';1;'Thu Nov 13, 2025 at 14:54:01';'Thu Nov 13, 2025 at 14:54:01'
'experiment_data_LMI-Shots_20251113_Al_Fasd.xlsx';'SeeMoveShootData/experiment_data_LMI-Shots_20251113_Al_Fasd.xlsx';1;'Thu Nov 13, 2025 at 14:54:33';'Thu Nov 13, 2025 at 14:54:33'
'experiment_data_LMI-Shots_20251113_Al_Fasd.xlsx';'SeeMoveShootData/experiment_data_LMI-Shots_20251113_Al_Fasd.xlsx';1;'Thu Nov 13, 2025 at 14:55:04';'Thu Nov 13, 2025 at 14:55:04'
'experiment_data_LMI-Shots_20251113_Al_Fasd.xlsx';'SeeMoveShootData/experiment_data_LMI-Shots_20251113_Al_Fasd.xlsx';1;'Thu Nov 13, 2025 at 14:55:35';'Thu Nov 13, 2025 at 14:55:35'
'experiment_data_LMI-Shots_20251113_Al_Fasd.xlsx';'SeeMoveShootData/experiment_data_LMI-Shots_20251113_Al_Fasd.xlsx';1;'Thu Nov 13, 2025 at 14:56:12';'Thu Nov 13, 2025 at 14:56:12'
'experiment_data_LMI-Shots_20251113_Al_Fasd.xlsx';'SeeMoveShootData/experiment_data_LMI-Shots_20251113_Al_Fasd.xlsx';1;'Thu Nov 13, 2025 at 14:56:28';'Thu Nov 13, 2025 at 14:56:28'
'experiment_data_LMI-Shots_20251113_Al_Fasd.xlsx';'SeeMoveShootData/experiment_data_LMI-Shots_20251113_Al_Fasd.xlsx';1;'Thu Nov 13, 2025 at 14:56:58';'Thu Nov 13, 2025 at 14:56:58'
'experiment_data_LMI-Shots_20251113_Al_F4ffg.xlsx';'SeeMoveShootData/experiment_data_LMI-Shots_20251113_Al_F4ffg.xlsx';1;'Thu Nov 13, 2025 at 14:58:07';'Thu Nov 13, 2025 at 14:58:07'
'experiment_data_LMI-Shots_20251113_Al_F4ffg.xlsx';'SeeMoveShootData/experiment_data_LMI-Shots_20251113_Al_F4ffg.xlsx';1;'Thu Nov 13, 2025 at 14:58:37';'Thu Nov 13, 2025 at 14:58:37'
'experiment_data_LMI-Shots_20251113_Al_F4ffg.xlsx';'SeeMoveShootData/experiment_data_LMI-Shots_20251113_Al_F4ffg.xlsx';1;'Thu Nov 13, 2025 at 14:59:15';'Thu Nov 13, 2025 at 14:59:15'
'experiment_data_LMI-Shots_20251113_Al_F4ffg.xlsx';'SeeMoveShootData/experiment_data_LMI-Shots_20251113_Al_F4ffg.xlsx';1;'Thu Nov 13, 2025 at 14:59:43';'Thu Nov 13, 2025 at 14:59:43'
'experiment_data_LMI-Shots_20251113_Al_F4ffg.xlsx';'SeeMoveShootData/experiment_data_LMI-Shots_20251113_Al_F4ffg.xlsx';1;'Thu Nov 13, 2025 at 15:00:11';'Thu Nov 13, 2025 at 15:00:11'
'experiment_data_LMI-Shots_20251113_Al_Fasd.xlsx';'SeeMoveShootData/experiment_data_LMI-Shots_20251113_Al_Fasd.xlsx';1;'Thu Nov 13, 2025 at 15:11:57';'Thu Nov 13, 2025 at 15:11:57'
'experiment_data_LMI-Shots_20251113_Al_Fasd.xlsx';'SeeMoveShootData/experiment_data_LMI-Shots_20251113_Al_Fasd.xlsx';1;'Thu Nov 13, 2025 at 15:12:22';'Thu Nov 13, 2025 at 15:12:22'
'experiment_data_LMI-Shots_20251113_Al_Fasd.xlsx';'SeeMoveShootData/experiment_data_LMI-Shots_20251113_Al_Fasd.xlsx';1;'Thu Nov 13, 2025 at 15:12:54';'Thu Nov 13, 2025 at 15:12:54'
'experiment_data_LMI-Shots_20251113_Al_Fasd.xlsx';'SeeMoveShootData/experiment_data_LMI-Shots_20251113_Al_Fasd.xlsx';1;'Thu Nov 13, 2025 at 15:13:25';'Thu Nov 13, 2025 at 15:13:25'
'experiment_data_LMI-Shots_20251113_Al_Fasd.xlsx';'SeeMoveShootData/experiment_data_LMI-Shots_20251113_Al_Fasd.xlsx';1;'Thu Nov 13, 2025 at 20:14:03';'Thu Nov 13, 2025 at 20:14:03'
'experiment_data_LMI-Shots_20251113_Al_Fasd.xlsx';'SeeMoveShootData/experiment_data_LMI-Shots_20251113_Al_Fasd.xlsx';1;'Thu Nov 13, 2025 at 15:14:35';'Thu Nov 13, 2025 at 15:14:35'
'experiment_data_LMI-Shots_20251113_Al_Fasd.xlsx';'SeeMoveShootData/experiment_data_LMI-Shots_20251113_Al_Fasd.xlsx';1;'Thu Nov 13, 2025 at 15:15:08';'Thu Nov 13, 2025 at 15:15:08'
'experiment_data_LMI-Shots_20251113_Al_Fasd.xlsx';'SeeMoveShootData/experiment_data_LMI-Shots_20251113_Al_Fasd.xlsx';1;'Thu Nov 13, 2025 at 15:15:28';'Thu Nov 13, 2025 at 15:15:28'
'experiment_data_LMI-Shots_20251113_Al_Fasd.xlsx';'SeeMoveShootData/experiment_data_LMI-Shots_20251113_Al_Fasd.xlsx';1;'Thu Nov 13, 2025 at 15:15:58';'Thu Nov 13, 2025 at 15:15:58'
'experiment_data_LMI-Shots_20251113_Al_Fasd.xlsx';'SeeMoveShootData/experiment_data_LMI-Shots_20251113_Al_Fasd.xlsx';1;'Thu Nov 13, 2025 at 15:16:30';'Thu Nov 13, 2025 at 15:16:30'
'experiment_data_LMI-Shots_20251113_Al_Fasd.xlsx';'SeeMoveShootData/experiment_data_LMI-Shots_20251113_Al_Fasd.xlsx';1;'Thu Nov 13, 2025 at 15:16:58';'Thu Nov 13, 2025 at 15:16:58'
'experiment_data_LMI-Shots_20251113_Al_Fasd.xlsx';'SeeMoveShootData/experiment_data_LMI-Shots_20251113_Al_Fasd.xlsx';1;'Thu Nov 13, 2025 at 15:17:31';'Thu Nov 13, 2025 at 15:17:31'
'experiment_data_LMI-Shots_20251113_Al_F41b.xlsx';'SeeMoveShootData/experiment_data_LMI-Shots_20251113_Al_F41b.xlsx';1;'Thu Nov 13, 2025 at 15:20:15';'Thu Nov 13, 2025 at 15:20:15'
'experiment_data_LMI-Shots_20251113_Al_F41b.xlsx';'SeeMoveShootData/experiment_data_LMI-Shots_20251113_Al_F41b.xlsx';1;'Thu Nov 13, 2025 at 15:20:42';'Thu Nov 13, 2025 at 15:20:42'
'experiment_data_LMI-Shots_20251113_Al_F41b.xlsx';'SeeMoveShootData/experiment_data_LMI-Shots_20251113_Al_F41b.xlsx';1;'Thu Nov 13, 2025 at 15:21:17';'Thu Nov 13, 2025 at 15:21:17'
'experiment_data_LMI-Shots_20251113_Al_F41b.xlsx';'SeeMoveShootData/experiment_data_LMI-Shots_20251113_Al_F41b.xlsx';1;'Thu Nov 13, 2025 at 15:21:47';'Thu Nov 13, 2025 at 15:21:47'
'~$experiment_data_LMI-Shots-Test-AB_20251113_Al_NA.xlsx';'SeeMoveShootData/~$experiment_data_LMI-Shots-Test-AB_20251113_Al_NA.xlsx';1;'Thu Nov 13, 2025 at 15:28:54';'Thu Nov 13, 2025 at 15:28:54'
'experiment_data_AB-Test_20251113_Al_F417.xlsx';'SeeMoveShootData/experiment_data_AB-Test_20251113_Al_F417.xlsx';1;'Thu Nov 13, 2025 at 15:32:41';'Thu Nov 13, 2025 at 15:32:41'
'experiment_data_AB-Test_20251113_Al_F417.xlsx';'SeeMoveShootData/experiment_data_AB-Test_20251113_Al_F417.xlsx';1;'Thu Nov 13, 2025 at 15:32:56';'Thu Nov 13, 2025 at 15:32:56'
'experiment_data_AB-Test_20251113_Al_F417.xlsx';'SeeMoveShootData/experiment_data_AB-Test_20251113_Al_F417.xlsx';1;'Thu Nov 13, 2025 at 15:33:18';'Thu Nov 13, 2025 at 15:33:18'
'experiment_data_AB-Test_20251113_Al_F417.xlsx';'SeeMoveShootData/experiment_data_AB-Test_20251113_Al_F417.xlsx';1;'Thu Nov 13, 2025 at 15:33:34';'Thu Nov 13, 2025 at 15:33:34'
'experiment_data_LMI-Shots_20251113_Al_F4dfgd.xlsx';'SeeMoveShootData/experiment_data_LMI-Shots_20251113_Al_F4dfgd.xlsx';1;'Thu Nov 13, 2025 at 15:35:56';'Thu Nov 13, 2025 at 15:35:56'
'experiment_data_LMI-Shots_20251113_Al_F4dfgd.xlsx';'SeeMoveShootData/experiment_data_LMI-Shots_20251113_Al_F4dfgd.xlsx';1;'Thu Nov 13, 2025 at 15:36:17';'Thu Nov 13, 2025 at 15:36:17'
'experiment_data_LMI-Shots_20251113_Al_F4dfgd.xlsx';'SeeMoveShootData/experiment_data_LMI-Shots_20251113_Al_F4dfgd.xlsx';1;'Thu Nov 13, 2025 at 15:36:34';'Thu Nov 13, 2025 at 15:36:34'
'experiment_data_LMI-Shots_20251113_Al_F4dfgd.xlsx';'SeeMoveShootData/experiment_data_LMI-Shots_20251113_Al_F4dfgd.xlsx';1;'Thu Nov 13, 2025 at 15:36:47';'Thu Nov 13, 2025 at 15:36:47'
'experiment_data_LMI-Shots_20251113_Al_F4dfgd.xlsx';'SeeMoveShootData/experiment_data_LMI-Shots_20251113_Al_F4dfgd.xlsx';1;'Thu Nov 13, 2025 at 15:37:06';'Thu Nov 13, 2025 at 15:37:06'
'experiment_data_LMI-Shots_20251113_Al_Fxxf.xlsx';'SeeMoveShootData/experiment_data_LMI-Shots_20251113_Al_Fxxf.xlsx';1;'Thu Nov 13, 2025 at 15:40:57';'Thu Nov 13, 2025 at 15:40:57'
'experiment_data_LMI-Shots_20251113_Al_Fxxf.xlsx';'SeeMoveShootData/experiment_data_LMI-Shots_20251113_Al_Fxxf.xlsx';1;'Thu Nov 13, 2025 at 20:41:13';'Thu Nov 13, 2025 at 20:41:13'
'experiment_data_LMI-Shots_20251113_Al_Fxxf.xlsx';'SeeMoveShootData/experiment_data_LMI-Shots_20251113_Al_Fxxf.xlsx';1;'Thu Nov 13, 2025 at 15:41:36';'Thu Nov 13, 2025 at 15:41:36'
'experiment_data_LMI-Shots_20251113_Al_Fxxf.xlsx';'SeeMoveShootData/experiment_data_LMI-Shots_20251113_Al_Fxxf.xlsx';1;'Thu Nov 13, 2025 at 15:41:57';'Thu Nov 13, 2025 at 15:41:57'
'experiment_data_LMI-Shots_20251113_Al_Fxxf.xlsx';'SeeMoveShootData/experiment_data_LMI-Shots_20251113_Al_Fxxf.xlsx';1;'Thu Nov 13, 2025 at 15:42:16';'Thu Nov 13, 2025 at 15:42:16'
'experiment_data_LMI-Shots_20251113_Al_Fxxf.xlsx';'SeeMoveShootData/experiment_data_LMI-Shots_20251113_Al_Fxxf.xlsx';1;'Thu Nov 13, 2025 at 15:42:28';'Thu Nov 13, 2025 at 15:42:28'
'experiment_data_LMI-Shots_20251113_Al_F4xgx.xlsx';'SeeMoveShootData/experiment_data_LMI-Shots_20251113_Al_F4xgx.xlsx';1;'Thu Nov 13, 2025 at 15:43:41';'Thu Nov 13, 2025 at 15:43:41'
'experiment_data_LMI-Shots_20251113_Al_F4xgx.xlsx';'SeeMoveShootData/experiment_data_LMI-Shots_20251113_Al_F4xgx.xlsx';1;'Thu Nov 13, 2025 at 15:44:02';'Thu Nov 13, 2025 at 15:44:02'
'experiment_data_LMI-Shots_20251113_Al_F4xgx.xlsx';'SeeMoveShootData/experiment_data_LMI-Shots_20251113_Al_F4xgx.xlsx';1;'Thu Nov 13, 2025 at 15:44:27';'Thu Nov 13, 2025 at 15:44:27'
'experiment_data_LMI-Shots_20251113_Al_F4xgx.xlsx';'SeeMoveShootData/experiment_data_LMI-Shots_20251113_Al_F4xgx.xlsx';1;'Thu Nov 13, 2025 at 15:44:51';'Thu Nov 13, 2025 at 15:44:51'
'experiment_data_LMI-Shots_20251113_Al_F4xgx.xlsx';'SeeMoveShootData/experiment_data_LMI-Shots_20251113_Al_F4xgx.xlsx';1;'Thu Nov 13, 2025 at 15:45:06';'Thu Nov 13, 2025 at 15:45:06'
'experiment_data_LMI-Shots_20251113_Al_F4xgx.xlsx';'SeeMoveShootData/experiment_data_LMI-Shots_20251113_Al_F4xgx.xlsx';1;'Thu Nov 13, 2025 at 15:45:22';'Thu Nov 13, 2025 at 15:45:22'
'experiment_data_LMI-Shots_20251113_Al_F4xgx.xlsx';'SeeMoveShootData/experiment_data_LMI-Shots_20251113_Al_F4xgx.xlsx';1;'Thu Nov 13, 2025 at 15:45:47';'Thu Nov 13, 2025 at 15:45:47'
'experiment_data_LMI-Shots_20251113_Al_F4xgx.xlsx';'SeeMoveShootData/experiment_data_LMI-Shots_20251113_Al_F4xgx.xlsx';1;'Thu Nov 13, 2025 at 15:46:07';'Thu Nov 13, 2025 at 15:46:07'
'experiment_data_LMI-Shots_20251113_Al_F4xgx.xlsx';'SeeMoveShootData/experiment_data_LMI-Shots_20251113_Al_F4xgx.xlsx';1;'Thu Nov 13, 2025 at 15:46:24';'Thu Nov 13, 2025 at 15:46:24'
'experiment_data_LMI-Shots_20251113_Al_F4xgx.xlsx';'SeeMoveShootData/experiment_data_LMI-Shots_20251113_Al_F4xgx.xlsx';1;'Thu Nov 13, 2025 at 15:46:47';'Thu Nov 13, 2025 at 15:46:47'
'experiment_data_LMI-Shots_20251113_Al_F4xgx.xlsx';'SeeMoveShootData/experiment_data_LMI-Shots_20251113_Al_F4xgx.xlsx';1;'Thu Nov 13, 2025 at 15:47:03';'Thu Nov 13, 2025 at 15:47:03'
'experiment_data_LMI-Shots_20251113_Al_F4xgx.xlsx';'SeeMoveShootData/experiment_data_LMI-Shots_20251113_Al_F4xgx.xlsx';1;'Thu Nov 13, 2025 at 15:47:19';'Thu Nov 13, 2025 at 15:47:19'
'experiment_data_LMI-Shots_20251113_Al_F4xgx.xlsx';'SeeMoveShootData/experiment_data_LMI-Shots_20251113_Al_F4xgx.xlsx';1;'Thu Nov 13, 2025 at 15:48:41';'Thu Nov 13, 2025 at 15:48:41'
'experiment_data_LMI-Shots_20251113_Al_F4xgx.xlsx';'SeeMoveShootData/experiment_data_LMI-Shots_20251113_Al_F4xgx.xlsx';1;'Thu Nov 13, 2025 at 15:48:57';'Thu Nov 13, 2025 at 15:48:57'
'experiment_data_LMI-Shots_20251113_Al_F4xgx.xlsx';'SeeMoveShootData/experiment_data_LMI-Shots_20251113_Al_F4xgx.xlsx';1;'Thu Nov 13, 2025 at 15:49:21';'Thu Nov 13, 2025 at 15:49:21'
'experiment_data_LMI-Shots_20251113_Al_F476.xlsx';'SeeMoveShootData/experiment_data_LMI-Shots_20251113_Al_F476.xlsx';1;'Thu Nov 13, 2025 at 15:52:37';'Thu Nov 13, 2025 at 15:52:37'
'experiment_data_LMI-Shots_20251113_Al_F476.xlsx';'SeeMoveShootData/experiment_data_LMI-Shots_20251113_Al_F476.xlsx';1;'Thu Nov 13, 2025 at 15:52:59';'Thu Nov 13, 2025 at 15:52:59'
'experiment_data_LMI-Shots_20251113_Al_F476.xlsx';'SeeMoveShootData/experiment_data_LMI-Shots_20251113_Al_F476.xlsx';1;'Thu Nov 13, 2025 at 15:53:27';'Thu Nov 13, 2025 at 15:53:27'
'experiment_data_LMI-Shots_20251113_Al_F476.xlsx';'SeeMoveShootData/experiment_data_LMI-Shots_20251113_Al_F476.xlsx';1;'Thu Nov 13, 2025 at 20:53:42';'Thu Nov 13, 2025 at 20:53:42'
'experiment_data_LMI-Shots_20251113_Al_F476.xlsx';'SeeMoveShootData/experiment_data_LMI-Shots_20251113_Al_F476.xlsx';1;'Thu Nov 13, 2025 at 15:53:57';'Thu Nov 13, 2025 at 15:53:57'
'experiment_data_LMI-Shots_20251113_Al_F476.xlsx';'SeeMoveShootData/experiment_data_LMI-Shots_20251113_Al_F476.xlsx';1;'Thu Nov 13, 2025 at 15:54:21';'Thu Nov 13, 2025 at 15:54:21'
'experiment_data_LMI-Shots_20251113_Al_F476.xlsx';'SeeMoveShootData/experiment_data_LMI-Shots_20251113_Al_F476.xlsx';1;'Thu Nov 13, 2025 at 20:54:36';'Thu Nov 13, 2025 at 20:54:36'
'experiment_data_LMI-Shots_20251113_Al_F476.xlsx';'SeeMoveShootData/experiment_data_LMI-Shots_20251113_Al_F476.xlsx';1;'Thu Nov 13, 2025 at 15:54:58';'Thu Nov 13, 2025 at 15:54:58'
'experiment_data_LMI-Shots_20251113_Al_F476.xlsx';'SeeMoveShootData/experiment_data_LMI-Shots_20251113_Al_F476.xlsx';1;'Thu Nov 13, 2025 at 15:55:20';'Thu Nov 13, 2025 at 15:55:20'
'experiment_data_LMI-Shots_20251113_Al_F476.xlsx';'SeeMoveShootData/experiment_data_LMI-Shots_20251113_Al_F476.xlsx';1;'Thu Nov 13, 2025 at 20:55:36';'Thu Nov 13, 2025 at 20:55:36'
'experiment_data_LMI-Shots_20251113_Al_F476.xlsx';'SeeMoveShootData/experiment_data_LMI-Shots_20251113_Al_F476.xlsx';1;'Thu Nov 13, 2025 at 15:55:52';'Thu Nov 13, 2025 at 15:55:52'
'~$experiment_data_LMI-Shots_20251113_Al_F476.xlsx';'SeeMoveShootData/~$experiment_data_LMI-Shots_20251113_Al_F476.xlsx';1;'Wed Nov 19, 2025 at 16:21:40';'Wed Nov 19, 2025 at 16:21:40'
'Screenshot 2025-11-21 171158.png';'SeeMoveShootData/Screenshot 2025-11-21 171158.png';1;'Fri Nov 21, 2025 at 17:13:43';'Fri Nov 21, 2025 at 17:13:43'
'Screenshot 2025-11-21 174010.png';'SeeMoveShootData/Screenshot 2025-11-21 174010.png';1;'Fri Nov 21, 2025 at 17:40:32';'Fri Nov 21, 2025 at 17:40:32'
'experiment_data_Test_20251113_Al_F.xlsx';'SeeMoveShootData/experiment_data_Test_20251113_Al_F.xlsx';1;'Thu Nov 13, 2025 at 15:37:09';'Thu Nov 13, 2025 at 15:37:09'
'experiment_data_Test_20251113_Al_F.xlsx';'SeeMoveShootData/experiment_data_Test_20251113_Al_F.xlsx';1;'Thu Nov 13, 2025 at 10:37:31';'Thu Nov 13, 2025 at 10:37:31'
'experiment_data_Test_20251113_Al_F.xlsx';'SeeMoveShootData/experiment_data_Test_20251113_Al_F.xlsx';1;'Thu Nov 13, 2025 at 10:38:00';'Thu Nov 13, 2025 at 10:38:00'
'experiment_data_Test_20251113_Al_F.xlsx';'SeeMoveShootData/experiment_data_Test_20251113_Al_F.xlsx';1;'Thu Nov 13, 2025 at 10:38:24';'Thu Nov 13, 2025 at 10:38:24'
'experiment_data_Test_20251113_Al_F.xlsx';'SeeMoveShootData/experiment_data_Test_20251113_Al_F.xlsx';1;'Thu Nov 13, 2025 at 10:38:40';'Thu Nov 13, 2025 at 10:38:40'
'experiment_data_Test_20251113_Al_F.xlsx';'SeeMoveShootData/experiment_data_Test_20251113_Al_F.xlsx';1;'Thu Nov 13, 2025 at 10:38:52';'Thu Nov 13, 2025 at 10:38:52'
'experiment_data_Test_20251113_Al_F.xlsx';'SeeMoveShootData/experiment_data_Test_20251113_Al_F.xlsx';1;'Thu Nov 13, 2025 at 10:39:19';'Thu Nov 13, 2025 at 10:39:19'
'experiment_data_Test_20251113_Al_F.xlsx';'SeeMoveShootData/experiment_data_Test_20251113_Al_F.xlsx';1;'Thu Nov 13, 2025 at 10:39:35';'Thu Nov 13, 2025 at 10:39:35'
'experiment_data_Test_20251113_Al_F.xlsx';'SeeMoveShootData/experiment_data_Test_20251113_Al_F.xlsx';1;'Thu Nov 13, 2025 at 10:39:51';'Thu Nov 13, 2025 at 10:39:51'
'experiment_data_Test_20251113_Al_F.xlsx';'SeeMoveShootData/experiment_data_Test_20251113_Al_F.xlsx';1;'Thu Nov 13, 2025 at 10:40:04';'Thu Nov 13, 2025 at 10:40:04'
'experiment_data_Test_20251113_Al_F478.xlsx';'SeeMoveShootData/experiment_data_Test_20251113_Al_F478.xlsx';1;'Thu Nov 13, 2025 at 10:47:06';'Thu Nov 13, 2025 at 10:47:06'
'experiment_data_Test_20251113_Al_F478.xlsx';'SeeMoveShootData/experiment_data_Test_20251113_Al_F478.xlsx';1;'Thu Nov 13, 2025 at 10:47:23';'Thu Nov 13, 2025 at 10:47:23'
'experiment_data_Test_20251113_Al_F478.xlsx';'SeeMoveShootData/experiment_data_Test_20251113_Al_F478.xlsx';1;'Thu Nov 13, 2025 at 10:47:39';'Thu Nov 13, 2025 at 10:47:39'
'experiment_data_Test_20251113_Al_F478.xlsx';'SeeMoveShootData/experiment_data_Test_20251113_Al_F478.xlsx';1;'Thu Nov 13, 2025 at 10:48:07';'Thu Nov 13, 2025 at 10:48:07'
'experiment_data_Test_20251113_Al_F478.xlsx';'SeeMoveShootData/experiment_data_Test_20251113_Al_F478.xlsx';1;'Thu Nov 13, 2025 at 10:48:23';'Thu Nov 13, 2025 at 10:48:23'
'experiment_data_Test_20251113_Al_F478.xlsx';'SeeMoveShootData/experiment_data_Test_20251113_Al_F478.xlsx';1;'Thu Nov 13, 2025 at 10:48:39';'Thu Nov 13, 2025 at 10:48:39'
'experiment_data_Test_20251113_Al_F478.xlsx';'SeeMoveShootData/experiment_data_Test_20251113_Al_F478.xlsx';1;'Thu Nov 13, 2025 at 10:48:59';'Thu Nov 13, 2025 at 10:48:59'
'experiment_data_Test_20251113_Al_F478.xlsx';'SeeMoveShootData/experiment_data_Test_20251113_Al_F478.xlsx';1;'Thu Nov 13, 2025 at 10:49:17';'Thu Nov 13, 2025 at 10:49:17'
'experiment_data_Test_20251113_Al_F478.xlsx';'SeeMoveShootData/experiment_data_Test_20251113_Al_F478.xlsx';1;'Thu Nov 13, 2025 at 10:49:40';'Thu Nov 13, 2025 at 10:49:40'
'experiment_data_Test_20251113_Al_F478.xlsx';'SeeMoveShootData/experiment_data_Test_20251113_Al_F478.xlsx';1;'Thu Nov 13, 2025 at 10:50:04';'Thu Nov 13, 2025 at 10:50:04'
'experiment_data_Test_20251113_Al_F478.xlsx';'SeeMoveShootData/experiment_data_Test_20251113_Al_F478.xlsx';1;'Thu Nov 13, 2025 at 10:50:15';'Thu Nov 13, 2025 at 10:50:15'
'experiment_data_Test_20251113_Al_F478.xlsx';'SeeMoveShootData/experiment_data_Test_20251113_Al_F478.xlsx';1;'Thu Nov 13, 2025 at 10:50:40';'Thu Nov 13, 2025 at 10:50:40'
'~$experiment_data_Test_20251113_Al_F478.xlsx';'SeeMoveShootData/~$experiment_data_Test_20251113_Al_F478.xlsx';1;'Thu Nov 13, 2025 at 10:51:10';'Thu Nov 13, 2025 at 10:51:10'
'experiment_data_LMI-Shots_20251113_Al_F478.xlsx';'SeeMoveShootData/experiment_data_LMI-Shots_20251113_Al_F478.xlsx';1;'Thu Nov 13, 2025 at 11:06:36';'Thu Nov 13, 2025 at 11:06:36'
'experiment_data_LMI-Shots_20251113_Al_F478.xlsx';'SeeMoveShootData/experiment_data_LMI-Shots_20251113_Al_F478.xlsx';1;'Thu Nov 13, 2025 at 11:06:52';'Thu Nov 13, 2025 at 11:06:52'
'experiment_data_LMI-Shots_20251113_Al_F478.xlsx';'SeeMoveShootData/experiment_data_LMI-Shots_20251113_Al_F478.xlsx';1;'Thu Nov 13, 2025 at 11:07:15';'Thu Nov 13, 2025 at 11:07:15'
'experiment_data_LMI-Shots_20251113_Al_F478.xlsx';'SeeMoveShootData/experiment_data_LMI-Shots_20251113_Al_F478.xlsx';1;'Thu Nov 13, 2025 at 11:07:30';'Thu Nov 13, 2025 at 11:07:30'
'experiment_data_LMI-Shots_20251113_Al_F478.xlsx';'SeeMoveShootData/experiment_data_LMI-Shots_20251113_Al_F478.xlsx';1;'Thu Nov 13, 2025 at 11:07:45';'Thu Nov 13, 2025 at 11:07:45'
'experiment_data_LMI-Shots_20251113_Al_F478.xlsx';'SeeMoveShootData/experiment_data_LMI-Shots_20251113_Al_F478.xlsx';1;'Thu Nov 13, 2025 at 11:08:08';'Thu Nov 13, 2025 at 11:08:08'
'experiment_data_LMI-Shots_20251113_Al_F478.xlsx';'SeeMoveShootData/experiment_data_LMI-Shots_20251113_Al_F478.xlsx';1;'Thu Nov 13, 2025 at 11:08:25';'Thu Nov 13, 2025 at 11:08:25'
'experiment_data_LMI-Shots_20251113_Al_F478.xlsx';'SeeMoveShootData/experiment_data_LMI-Shots_20251113_Al_F478.xlsx';1;'Thu Nov 13, 2025 at 11:08:40';'Thu Nov 13, 2025 at 11:08:40'
'experiment_data_LMI-Shots_20251113_Al_F478.xlsx';'SeeMoveShootData/experiment_data_LMI-Shots_20251113_Al_F478.xlsx';1;'Thu Nov 13, 2025 at 11:08:55';'Thu Nov 13, 2025 at 11:08:55'
'experiment_data_LMI-Shots_20251113_Al_F478.xlsx';'SeeMoveShootData/experiment_data_LMI-Shots_20251113_Al_F478.xlsx';1;'Thu Nov 13, 2025 at 11:12:10';'Thu Nov 13, 2025 at 11:12:10'
'experiment_data_LMI-Shots_20251113_Al_F478.xlsx';'SeeMoveShootData/experiment_data_LMI-Shots_20251113_Al_F478.xlsx';1;'Thu Nov 13, 2025 at 11:12:20';'Thu Nov 13, 2025 at 11:12:20'
'experiment_data_LMI-Shots_20251113_Al_F478.xlsx';'SeeMoveShootData/experiment_data_LMI-Shots_20251113_Al_F478.xlsx';1;'Thu Nov 13, 2025 at 11:12:39';'Thu Nov 13, 2025 at 11:12:39'
'experiment_data_LMI-Shots_20251113_Al_F478.xlsx';'SeeMoveShootData/experiment_data_LMI-Shots_20251113_Al_F478.xlsx';1;'Thu Nov 13, 2025 at 11:12:54';'Thu Nov 13, 2025 at 11:12:54'
'experiment_data_LMI-Shots_20251113_Al_F478.xlsx';'SeeMoveShootData/experiment_data_LMI-Shots_20251113_Al_F478.xlsx';1;'Thu Nov 13, 2025 at 11:13:10';'Thu Nov 13, 2025 at 11:13:10'
'experiment_data_LMI-Shots_20251113_Al_F478.xlsx';'SeeMoveShootData/experiment_data_LMI-Shots_20251113_Al_F478.xlsx';1;'Thu Nov 13, 2025 at 11:13:26';'Thu Nov 13, 2025 at 11:13:26'
'experiment_data_LMI-Shots_20251113_Al_F478.xlsx';'SeeMoveShootData/experiment_data_LMI-Shots_20251113_Al_F478.xlsx';1;'Thu Nov 13, 2025 at 11:13:40';'Thu Nov 13, 2025 at 11:13:40'
'experiment_data_LMI-Shots_20251113_Al_F478.xlsx';'SeeMoveShootData/experiment_data_LMI-Shots_20251113_Al_F478.xlsx';1;'Thu Nov 13, 2025 at 11:13:59';'Thu Nov 13, 2025 at 11:13:59'
'experiment_data_LMI-Shots_20251113_Al_F478.xlsx';'SeeMoveShootData/experiment_data_LMI-Shots_20251113_Al_F478.xlsx';1;'Thu Nov 13, 2025 at 16:14:14';'Thu Nov 13, 2025 at 16:14:14'
'experiment_data_LMI-Shots_20251113_Al_F478.xlsx';'SeeMoveShootData/experiment_data_LMI-Shots_20251113_Al_F478.xlsx';1;'Thu Nov 13, 2025 at 11:14:36';'Thu Nov 13, 2025 at 11:14:36'
'experiment_data_LMI-Shots_20251113_Al_F478.xlsx';'SeeMoveShootData/experiment_data_LMI-Shots_20251113_Al_F478.xlsx';1;'Thu Nov 13, 2025 at 11:15:06';'Thu Nov 13, 2025 at 11:15:06'
'experiment_data_LMI-Shots_20251113_Al_F478.xlsx';'SeeMoveShootData/experiment_data_LMI-Shots_20251113_Al_F478.xlsx';1;'Thu Nov 13, 2025 at 11:15:15';'Thu Nov 13, 2025 at 11:15:15'
'experiment_data_LMI-Shots_20251113_Al_F478.xlsx';'SeeMoveShootData/experiment_data_LMI-Shots_20251113_Al_F478.xlsx';1;'Thu Nov 13, 2025 at 11:31:07';'Thu Nov 13, 2025 at 11:31:07'
'experiment_data_LMI-Shots_20251113_Al_F4xx.xlsx';'SeeMoveShootData/experiment_data_LMI-Shots_20251113_Al_F4xx.xlsx';1;'Thu Nov 13, 2025 at 12:16:03';'Thu Nov 13, 2025 at 12:16:03'
'experiment_data_LMI-Shots_20251113_Al_F4xx.xlsx';'SeeMoveShootData/experiment_data_LMI-Shots_20251113_Al_F4xx.xlsx';1;'Thu Nov 13, 2025 at 12:16:24';'Thu Nov 13, 2025 at 12:16:24'
'experiment_data_LMI-Shots_20251113_Al_F4xx.xlsx';'SeeMoveShootData/experiment_data_LMI-Shots_20251113_Al_F4xx.xlsx';1;'Thu Nov 13, 2025 at 12:16:41';'Thu Nov 13, 2025 at 12:16:41'
'~$experiment_data_LMI-Shots_20251113_Al_F4xx.xlsx';'SeeMoveShootData/~$experiment_data_LMI-Shots_20251113_Al_F4xx.xlsx';1;'Thu Nov 13, 2025 at 12:18:40';'Thu Nov 13, 2025 at 12:18:40'
'experiment_data_Test_20251113_Al_F4xx.xlsx';'SeeMoveShootData/experiment_data_Test_20251113_Al_F4xx.xlsx';1;'Thu Nov 13, 2025 at 12:27:59';'Thu Nov 13, 2025 at 12:27:59'
'experiment_data_Test_20251113_Al_F4xx.xlsx';'SeeMoveShootData/experiment_data_Test_20251113_Al_F4xx.xlsx';1;'Thu Nov 13, 2025 at 12:28:25';'Thu Nov 13, 2025 at 12:28:25'
'experiment_data_Test_20251113_Al_F4xx.xlsx';'SeeMoveShootData/experiment_data_Test_20251113_Al_F4xx.xlsx';1;'Thu Nov 13, 2025 at 12:28:50';'Thu Nov 13, 2025 at 12:28:50'
'experiment_data_Test_20251113_Al_F4xx.xlsx';'SeeMoveShootData/experiment_data_Test_20251113_Al_F4xx.xlsx';1;'Thu Nov 13, 2025 at 12:29:12';'Thu Nov 13, 2025 at 12:29:12'
'experiment_data_Test_20251113_Al_F4xx.xlsx';'SeeMoveShootData/experiment_data_Test_20251113_Al_F4xx.xlsx';1;'Thu Nov 13, 2025 at 12:29:31';'Thu Nov 13, 2025 at 12:29:31'
'experiment_data_Test_20251113_Al_F4xx.xlsx';'SeeMoveShootData/experiment_data_Test_20251113_Al_F4xx.xlsx';1;'Thu Nov 13, 2025 at 12:29:52';'Thu Nov 13, 2025 at 12:29:52'
'experiment_data_Test_20251113_Al_F4xx.xlsx';'SeeMoveShootData/experiment_data_Test_20251113_Al_F4xx.xlsx';1;'Thu Nov 13, 2025 at 12:30:09';'Thu Nov 13, 2025 at 12:30:09'
'experiment_data_Test_20251113_Al_F4xx.xlsx';'SeeMoveShootData/experiment_data_Test_20251113_Al_F4xx.xlsx';1;'Thu Nov 13, 2025 at 12:30:30';'Thu Nov 13, 2025 at 12:30:30'
'experiment_data_Test_20251113_Al_F4xx.xlsx';'SeeMoveShootData/experiment_data_Test_20251113_Al_F4xx.xlsx';1;'Thu Nov 13, 2025 at 12:30:59';'Thu Nov 13, 2025 at 12:30:59'
'experiment_data_Test_20251113_Al_F4xx.xlsx';'SeeMoveShootData/experiment_data_Test_20251113_Al_F4xx.xlsx';1;'Thu Nov 13, 2025 at 12:31:16';'Thu Nov 13, 2025 at 12:31:16'
'experiment_data_LMI-Shots_20251113_Al_Fxy.xlsx';'SeeMoveShootData/experiment_data_LMI-Shots_20251113_Al_Fxy.xlsx';1;'Thu Nov 13, 2025 at 12:44:39';'Thu Nov 13, 2025 at 12:44:39'
'experiment_data_LMI-Shots_20251113_Al_Fxy.xlsx';'SeeMoveShootData/experiment_data_LMI-Shots_20251113_Al_Fxy.xlsx';1;'Thu Nov 13, 2025 at 12:44:55';'Thu Nov 13, 2025 at 12:44:55'
'experiment_data_LMI-Shots_20251113_Al_Fxy.xlsx';'SeeMoveShootData/experiment_data_LMI-Shots_20251113_Al_Fxy.xlsx';1;'Thu Nov 13, 2025 at 12:45:19';'Thu Nov 13, 2025 at 12:45:19'
'experiment_data_LMI-Shots_20251113_Al_Fxy.xlsx';'SeeMoveShootData/experiment_data_LMI-Shots_20251113_Al_Fxy.xlsx';1;'Thu Nov 13, 2025 at 12:45:35';'Thu Nov 13, 2025 at 12:45:35'
'experiment_data_LMI-Shots_20251113_Al_Fxy.xlsx';'SeeMoveShootData/experiment_data_LMI-Shots_20251113_Al_Fxy.xlsx';1;'Thu Nov 13, 2025 at 12:45:51';'Thu Nov 13, 2025 at 12:45:51'
'experiment_data_LMI-Shots_20251113_Al_Fxy.xlsx';'SeeMoveShootData/experiment_data_LMI-Shots_20251113_Al_Fxy.xlsx';1;'Thu Nov 13, 2025 at 12:46:06';'Thu Nov 13, 2025 at 12:46:06'
'experiment_data_LMI-Shots_20251113_Al_Fxy.xlsx';'SeeMoveShootData/experiment_data_LMI-Shots_20251113_Al_Fxy.xlsx';1;'Thu Nov 13, 2025 at 12:46:24';'Thu Nov 13, 2025 at 12:46:24'
'experiment_data_LMI-Shots_20251113_Al_Fxy.xlsx';'SeeMoveShootData/experiment_data_LMI-Shots_20251113_Al_Fxy.xlsx';1;'Thu Nov 13, 2025 at 12:46:39';'Thu Nov 13, 2025 at 12:46:39'
'experiment_data_LMI-Shots_20251113_Al_Fxy.xlsx';'SeeMoveShootData/experiment_data_LMI-Shots_20251113_Al_Fxy.xlsx';1;'Thu Nov 13, 2025 at 12:47:06';'Thu Nov 13, 2025 at 12:47:06'
'experiment_data_LMI-Shots_20251113_Al_Fxy.xlsx';'SeeMoveShootData/experiment_data_LMI-Shots_20251113_Al_Fxy.xlsx';1;'Thu Nov 13, 2025 at 12:47:24';'Thu Nov 13, 2025 at 12:47:24'
'experiment_data_LMI-Shots_20251113_Al_Fxy.xlsx';'SeeMoveShootData/experiment_data_LMI-Shots_20251113_Al_Fxy.xlsx';1;'Thu Nov 13, 2025 at 17:47:40';'Thu Nov 13, 2025 at 17:47:40'
'experiment_data_LMI-Shots_20251113_Al_Fxy.xlsx';'SeeMoveShootData/experiment_data_LMI-Shots_20251113_Al_Fxy.xlsx';1;'Thu Nov 13, 2025 at 12:52:35';'Thu Nov 13, 2025 at 12:52:35'
'experiment_data_LMI-Shots_20251113_Al_Fxy.xlsx';'SeeMoveShootData/experiment_data_LMI-Shots_20251113_Al_Fxy.xlsx';1;'Thu Nov 13, 2025 at 12:52:51';'Thu Nov 13, 2025 at 12:52:51'
'experiment_data_LMI-Shots_20251113_Al_Fxy.xlsx';'SeeMoveShootData/experiment_data_LMI-Shots_20251113_Al_Fxy.xlsx';1;'Thu Nov 13, 2025 at 12:53:06';'Thu Nov 13, 2025 at 12:53:06'
'~$experiment_data_LMI-Shots_20251111_Al_F502.xlsx';'SeeMoveShootData/~$experiment_data_LMI-Shots_20251111_Al_F502.xlsx';1;'Thu Nov 13, 2025 at 13:07:20';'Thu Nov 13, 2025 at 13:07:20'
'experiment_data_test_20251113_Al_F4xy.xlsx';'SeeMoveShootData/experiment_data_test_20251113_Al_F4xy.xlsx';1;'Thu Nov 13, 2025 at 14:19:01';'Thu Nov 13, 2025 at 14:19:01'
'experiment_data_test_20251113_Al_F4xy.xlsx';'SeeMoveShootData/experiment_data_test_20251113_Al_F4xy.xlsx';1;'Thu Nov 13, 2025 at 14:19:32';'Thu Nov 13, 2025 at 14:19:32'
'experiment_data_test_20251113_Al_F4xy.xlsx';'SeeMoveShootData/experiment_data_test_20251113_Al_F4xy.xlsx';1;'Thu Nov 13, 2025 at 14:20:06';'Thu Nov 13, 2025 at 14:20:06'
'experiment_data_test_20251113_Al_F4xy.xlsx';'SeeMoveShootData/experiment_data_test_20251113_Al_F4xy.xlsx';1;'Thu Nov 13, 2025 at 14:20:32';'Thu Nov 13, 2025 at 14:20:32'
'experiment_data_test_20251113_Al_F4xy.xlsx';'SeeMoveShootData/experiment_data_test_20251113_Al_F4xy.xlsx';1;'Thu Nov 13, 2025 at 14:20:55';'Thu Nov 13, 2025 at 14:20:55'
'experiment_data_test_20251113_Al_F4xy.xlsx';'SeeMoveShootData/experiment_data_test_20251113_Al_F4xy.xlsx';1;'Thu Nov 13, 2025 at 14:21:25';'Thu Nov 13, 2025 at 14:21:25'
'experiment_data_test_20251113_Al_F4xy.xlsx';'SeeMoveShootData/experiment_data_test_20251113_Al_F4xy.xlsx';1;'Thu Nov 13, 2025 at 19:21:41';'Thu Nov 13, 2025 at 19:21:41'
'experiment_data_test_20251113_Al_F4xy.xlsx';'SeeMoveShootData/experiment_data_test_20251113_Al_F4xy.xlsx';1;'Thu Nov 13, 2025 at 14:22:00';'Thu Nov 13, 2025 at 14:22:00'
'experiment_data_LMI-Shots_20251113_Al_Fxyz.xlsx';'SeeMoveShootData/experiment_data_LMI-Shots_20251113_Al_Fxyz.xlsx';1;'Thu Nov 13, 2025 at 14:29:20';'Thu Nov 13, 2025 at 14:29:20'
'experiment_data_LMI-Shots_20251113_Al_Fxyz.xlsx';'SeeMoveShootData/experiment_data_LMI-Shots_20251113_Al_Fxyz.xlsx';1;'Thu Nov 13, 2025 at 14:29:46';'Thu Nov 13, 2025 at 14:29:46'
'experiment_data_LMI-Shots_20251113_Al_Fxyz.xlsx';'SeeMoveShootData/experiment_data_LMI-Shots_20251113_Al_Fxyz.xlsx';1;'Thu Nov 13, 2025 at 14:30:24';'Thu Nov 13, 2025 at 14:30:24'
'experiment_data_LMI-Shots_20251113_Al_Fxyz.xlsx';'SeeMoveShootData/experiment_data_LMI-Shots_20251113_Al_Fxyz.xlsx';1;'Thu Nov 13, 2025 at 14:30:56';'Thu Nov 13, 2025 at 14:30:56'
'experiment_data_LMI-Shots_20251113_Al_Fxyz.xlsx';'SeeMoveShootData/experiment_data_LMI-Shots_20251113_Al_Fxyz.xlsx';1;'Thu Nov 13, 2025 at 14:33:54';'Thu Nov 13, 2025 at 14:33:54'
'experiment_data_LMI-Shots_20251113_Al_sdfaf.xlsx';'SeeMoveShootData/experiment_data_LMI-Shots_20251113_Al_sdfaf.xlsx';1;'Thu Nov 13, 2025 at 14:46:47';'Thu Nov 13, 2025 at 14:46:47'
'experiment_data_LMI-Shots_20251113_Al_Fasd.xlsx';'SeeMoveShootData/experiment_data_LMI-Shots_20251113_Al_Fasd.xlsx';1;'Thu Nov 13, 2025 at 14:53:02';'Thu Nov 13, 2025 at 14:53:02'
'experiment_data_LMI-Shots_20251113_Al_Fasd.xlsx';'SeeMoveShootData/experiment_data_LMI-Shots_20251113_Al_Fasd.xlsx';1;'Thu Nov 13, 2025 at 14:53:21';'Thu Nov 13, 2025 at 14:53:21'
'experiment_data_LMI-Shots_20251113_Al_Fasd.xlsx';'SeeMoveShootData/experiment_data_LMI-Shots_20251113_Al_Fasd.xlsx';1;'Thu Nov 13, 2025 at 14:53:42';'Thu Nov 13, 2025 at 14:53:42'
'experiment_data_LMI-Shots_20251113_Al_Fasd.xlsx';'SeeMoveShootData/experiment_data_LMI-Shots_20251113_Al_Fasd.xlsx';1;'Thu Nov 13, 2025 at 14:54:14';'Thu Nov 13, 2025 at 14:54:14'
'experiment_data_LMI-Shots_20251113_Al_Fasd.xlsx';'SeeMoveShootData/experiment_data_LMI-Shots_20251113_Al_Fasd.xlsx';1;'Thu Nov 13, 2025 at 14:54:52';'Thu Nov 13, 2025 at 14:54:52'
'experiment_data_LMI-Shots_20251113_Al_Fasd.xlsx';'SeeMoveShootData/experiment_data_LMI-Shots_20251113_Al_Fasd.xlsx';1;'Thu Nov 13, 2025 at 14:55:22';'Thu Nov 13, 2025 at 14:55:22'
'experiment_data_LMI-Shots_20251113_Al_Fasd.xlsx';'SeeMoveShootData/experiment_data_LMI-Shots_20251113_Al_Fasd.xlsx';1;'Thu Nov 13, 2025 at 14:55:54';'Thu Nov 13, 2025 at 14:55:54'
'experiment_data_LMI-Shots_20251113_Al_Fasd.xlsx';'SeeMoveShootData/experiment_data_LMI-Shots_20251113_Al_Fasd.xlsx';1;'Thu Nov 13, 2025 at 14:56:17';'Thu Nov 13, 2025 at 14:56:17'
'experiment_data_LMI-Shots_20251113_Al_Fasd.xlsx';'SeeMoveShootData/experiment_data_LMI-Shots_20251113_Al_Fasd.xlsx';1;'Thu Nov 13, 2025 at 14:56:48';'Thu Nov 13, 2025 at 14:56:48'
'experiment_data_LMI-Shots_20251113_Al_Fasd.xlsx';'SeeMoveShootData/experiment_data_LMI-Shots_20251113_Al_Fasd.xlsx';1;'Thu Nov 13, 2025 at 14:57:16';'Thu Nov 13, 2025 at 14:57:16'
'experiment_data_LMI-Shots_20251113_Al_F4ffg.xlsx';'SeeMoveShootData/experiment_data_LMI-Shots_20251113_Al_F4ffg.xlsx';1;'Thu Nov 13, 2025 at 14:58:22';'Thu Nov 13, 2025 at 14:58:22'
'experiment_data_LMI-Shots_20251113_Al_F4ffg.xlsx';'SeeMoveShootData/experiment_data_LMI-Shots_20251113_Al_F4ffg.xlsx';1;'Thu Nov 13, 2025 at 14:58:56';'Thu Nov 13, 2025 at 14:58:56'
'experiment_data_LMI-Shots_20251113_Al_F4ffg.xlsx';'SeeMoveShootData/experiment_data_LMI-Shots_20251113_Al_F4ffg.xlsx';1;'Thu Nov 13, 2025 at 14:59:27';'Thu Nov 13, 2025 at 14:59:27'
'experiment_data_LMI-Shots_20251113_Al_F4ffg.xlsx';'SeeMoveShootData/experiment_data_LMI-Shots_20251113_Al_F4ffg.xlsx';1;'Thu Nov 13, 2025 at 14:59:53';'Thu Nov 13, 2025 at 14:59:53'
'~$experiment_data_LMI-Shots_20251113_Al_F4ffg.xlsx';'SeeMoveShootData/~$experiment_data_LMI-Shots_20251113_Al_F4ffg.xlsx';1;'Thu Nov 13, 2025 at 15:01:56';'Thu Nov 13, 2025 at 15:01:56'
'experiment_data_LMI-Shots_20251113_Al_Fasd.xlsx';'SeeMoveShootData/experiment_data_LMI-Shots_20251113_Al_Fasd.xlsx';1;'Thu Nov 13, 2025 at 15:12:02';'Thu Nov 13, 2025 at 15:12:02'
'experiment_data_LMI-Shots_20251113_Al_Fasd.xlsx';'SeeMoveShootData/experiment_data_LMI-Shots_20251113_Al_Fasd.xlsx';1;'Thu Nov 13, 2025 at 15:12:41';'Thu Nov 13, 2025 at 15:12:41'
'experiment_data_LMI-Shots_20251113_Al_Fasd.xlsx';'SeeMoveShootData/experiment_data_LMI-Shots_20251113_Al_Fasd.xlsx';1;'Thu Nov 13, 2025 at 15:13:13';'Thu Nov 13, 2025 at 15:13:13'
'experiment_data_LMI-Shots_20251113_Al_Fasd.xlsx';'SeeMoveShootData/experiment_data_LMI-Shots_20251113_Al_Fasd.xlsx';1;'Thu Nov 13, 2025 at 15:13:42';'Thu Nov 13, 2025 at 15:13:42'
'experiment_data_LMI-Shots_20251113_Al_Fasd.xlsx';'SeeMoveShootData/experiment_data_LMI-Shots_20251113_Al_Fasd.xlsx';1;'Thu Nov 13, 2025 at 20:14:15';'Thu Nov 13, 2025 at 20:14:15'
'experiment_data_LMI-Shots_20251113_Al_Fasd.xlsx';'SeeMoveShootData/experiment_data_LMI-Shots_20251113_Al_Fasd.xlsx';1;'Thu Nov 13, 2025 at 15:14:48';'Thu Nov 13, 2025 at 15:14:48'
'experiment_data_LMI-Shots_20251113_Al_Fasd.xlsx';'SeeMoveShootData/experiment_data_LMI-Shots_20251113_Al_Fasd.xlsx';1;'Thu Nov 13, 2025 at 15:15:20';'Thu Nov 13, 2025 at 15:15:20'
'experiment_data_LMI-Shots_20251113_Al_Fasd.xlsx';'SeeMoveShootData/experiment_data_LMI-Shots_20251113_Al_Fasd.xlsx';1;'Thu Nov 13, 2025 at 15:15:42';'Thu Nov 13, 2025 at 15:15:42'
'experiment_data_LMI-Shots_20251113_Al_Fasd.xlsx';'SeeMoveShootData/experiment_data_LMI-Shots_20251113_Al_Fasd.xlsx';1;'Thu Nov 13, 2025 at 15:16:12';'Thu Nov 13, 2025 at 15:16:12'
'experiment_data_LMI-Shots_20251113_Al_Fasd.xlsx';'SeeMoveShootData/experiment_data_LMI-Shots_20251113_Al_Fasd.xlsx';1;'Thu Nov 13, 2025 at 15:16:41';'Thu Nov 13, 2025 at 15:16:41'
'experiment_data_LMI-Shots_20251113_Al_Fasd.xlsx';'SeeMoveShootData/experiment_data_LMI-Shots_20251113_Al_Fasd.xlsx';1;'Thu Nov 13, 2025 at 15:17:13';'Thu Nov 13, 2025 at 15:17:13'
'experiment_data_LMI-Shots_20251113_Al_F41b.xlsx';'SeeMoveShootData/experiment_data_LMI-Shots_20251113_Al_F41b.xlsx';1;'Thu Nov 13, 2025 at 15:20:02';'Thu Nov 13, 2025 at 15:20:02'
'experiment_data_LMI-Shots_20251113_Al_F41b.xlsx';'SeeMoveShootData/experiment_data_LMI-Shots_20251113_Al_F41b.xlsx';1;'Thu Nov 13, 2025 at 15:20:34';'Thu Nov 13, 2025 at 15:20:34'
'experiment_data_LMI-Shots_20251113_Al_F41b.xlsx';'SeeMoveShootData/experiment_data_LMI-Shots_20251113_Al_F41b.xlsx';1;'Thu Nov 13, 2025 at 15:20:57';'Thu Nov 13, 2025 at 15:20:57'
'experiment_data_LMI-Shots_20251113_Al_F41b.xlsx';'SeeMoveShootData/experiment_data_LMI-Shots_20251113_Al_F41b.xlsx';1;'Thu Nov 13, 2025 at 15:21:27';'Thu Nov 13, 2025 at 15:21:27'
'experiment_data_LMI-Shots-Test-AB_20251113_Al_NA.xlsx';'SeeMoveShootData/experiment_data_LMI-Shots-Test-AB_20251113_Al_NA.xlsx';1;'Thu Nov 13, 2025 at 15:27:10';'Thu Nov 13, 2025 at 15:27:10'
'experiment_data_AB-Test_20251113_Al_F417.xlsx';'SeeMoveShootData/experiment_data_AB-Test_20251113_Al_F417.xlsx';1;'Thu Nov 13, 2025 at 15:32:35';'Thu Nov 13, 2025 at 15:32:35'
'experiment_data_AB-Test_20251113_Al_F417.xlsx';'SeeMoveShootData/experiment_data_AB-Test_20251113_Al_F417.xlsx';1;'Thu Nov 13, 2025 at 15:32:51';'Thu Nov 13, 2025 at 15:32:51'
'experiment_data_AB-Test_20251113_Al_F417.xlsx';'SeeMoveShootData/experiment_data_AB-Test_20251113_Al_F417.xlsx';1;'Thu Nov 13, 2025 at 15:33:07';'Thu Nov 13, 2025 at 15:33:07'
'experiment_data_AB-Test_20251113_Al_F417.xlsx';'SeeMoveShootData/experiment_data_AB-Test_20251113_Al_F417.xlsx';1;'Thu Nov 13, 2025 at 15:33:22';'Thu Nov 13, 2025 at 15:33:22'
'experiment_data_AB-Test_20251113_Al_F417.xlsx';'SeeMoveShootData/experiment_data_AB-Test_20251113_Al_F417.xlsx';1;'Thu Nov 13, 2025 at 15:33:44';'Thu Nov 13, 2025 at 15:33:44'
'experiment_data_LMI-Shots_20251113_Al_F4dfgd.xlsx';'SeeMoveShootData/experiment_data_LMI-Shots_20251113_Al_F4dfgd.xlsx';1;'Thu Nov 13, 2025 at 15:36:06';'Thu Nov 13, 2025 at 15:36:06'
'experiment_data_LMI-Shots_20251113_Al_F4dfgd.xlsx';'SeeMoveShootData/experiment_data_LMI-Shots_20251113_Al_F4dfgd.xlsx';1;'Thu Nov 13, 2025 at 15:36:22';'Thu Nov 13, 2025 at 15:36:22'
'experiment_data_LMI-Shots_20251113_Al_F4dfgd.xlsx';'SeeMoveShootData/experiment_data_LMI-Shots_20251113_Al_F4dfgd.xlsx';1;'Thu Nov 13, 2025 at 15:36:44';'Thu Nov 13, 2025 at 15:36:44'
'experiment_data_LMI-Shots_20251113_Al_F4dfgd.xlsx';'SeeMoveShootData/experiment_data_LMI-Shots_20251113_Al_F4dfgd.xlsx';1;'Thu Nov 13, 2025 at 15:37:01';'Thu Nov 13, 2025 at 15:37:01'
'experiment_data_LMI-Shots_20251113_Al_F4dfgd.xlsx';'SeeMoveShootData/experiment_data_LMI-Shots_20251113_Al_F4dfgd.xlsx';1;'Thu Nov 13, 2025 at 15:37:16';'Thu Nov 13, 2025 at 15:37:16'
'experiment_data_LMI-Shots_20251113_Al_Fxxf.xlsx';'SeeMoveShootData/experiment_data_LMI-Shots_20251113_Al_Fxxf.xlsx';1;'Thu Nov 13, 2025 at 15:40:59';'Thu Nov 13, 2025 at 15:40:59'
'experiment_data_LMI-Shots_20251113_Al_Fxxf.xlsx';'SeeMoveShootData/experiment_data_LMI-Shots_20251113_Al_Fxxf.xlsx';1;'Thu Nov 13, 2025 at 15:41:29';'Thu Nov 13, 2025 at 15:41:29'
'experiment_data_LMI-Shots_20251113_Al_Fxxf.xlsx';'SeeMoveShootData/experiment_data_LMI-Shots_20251113_Al_Fxxf.xlsx';1;'Thu Nov 13, 2025 at 15:41:47';'Thu Nov 13, 2025 at 15:41:47'
'experiment_data_LMI-Shots_20251113_Al_Fxxf.xlsx';'SeeMoveShootData/experiment_data_LMI-Shots_20251113_Al_Fxxf.xlsx';1;'Thu Nov 13, 2025 at 15:42:11';'Thu Nov 13, 2025 at 15:42:11'
'experiment_data_LMI-Shots_20251113_Al_Fxxf.xlsx';'SeeMoveShootData/experiment_data_LMI-Shots_20251113_Al_Fxxf.xlsx';1;'Thu Nov 13, 2025 at 15:42:22';'Thu Nov 13, 2025 at 15:42:22'
'experiment_data_LMI-Shots_20251113_Al_F4xgx.xlsx';'SeeMoveShootData/experiment_data_LMI-Shots_20251113_Al_F4xgx.xlsx';1;'Thu Nov 13, 2025 at 15:43:37';'Thu Nov 13, 2025 at 15:43:37'
'experiment_data_LMI-Shots_20251113_Al_F4xgx.xlsx';'SeeMoveShootData/experiment_data_LMI-Shots_20251113_Al_F4xgx.xlsx';1;'Thu Nov 13, 2025 at 15:43:52';'Thu Nov 13, 2025 at 15:43:52'
'experiment_data_LMI-Shots_20251113_Al_F4xgx.xlsx';'SeeMoveShootData/experiment_data_LMI-Shots_20251113_Al_F4xgx.xlsx';1;'Thu Nov 13, 2025 at 15:44:16';'Thu Nov 13, 2025 at 15:44:16'
'experiment_data_LMI-Shots_20251113_Al_F4xgx.xlsx';'SeeMoveShootData/experiment_data_LMI-Shots_20251113_Al_F4xgx.xlsx';1;'Thu Nov 13, 2025 at 15:44:37';'Thu Nov 13, 2025 at 15:44:37'
'experiment_data_LMI-Shots_20251113_Al_F4xgx.xlsx';'SeeMoveShootData/experiment_data_LMI-Shots_20251113_Al_F4xgx.xlsx';1;'Thu Nov 13, 2025 at 15:44:59';'Thu Nov 13, 2025 at 15:44:59'
'experiment_data_LMI-Shots_20251113_Al_F4xgx.xlsx';'SeeMoveShootData/experiment_data_LMI-Shots_20251113_Al_F4xgx.xlsx';1;'Thu Nov 13, 2025 at 15:45:12';'Thu Nov 13, 2025 at 15:45:12'
'experiment_data_LMI-Shots_20251113_Al_F4xgx.xlsx';'SeeMoveShootData/experiment_data_LMI-Shots_20251113_Al_F4xgx.xlsx';1;'Thu Nov 13, 2025 at 15:45:37';'Thu Nov 13, 2025 at 15:45:37'
'experiment_data_LMI-Shots_20251113_Al_F4xgx.xlsx';'SeeMoveShootData/experiment_data_LMI-Shots_20251113_Al_F4xgx.xlsx';1;'Thu Nov 13, 2025 at 15:46:01';'Thu Nov 13, 2025 at 15:46:01'
'experiment_data_LMI-Shots_20251113_Al_F4xgx.xlsx';'SeeMoveShootData/experiment_data_LMI-Shots_20251113_Al_F4xgx.xlsx';1;'Thu Nov 13, 2025 at 15:46:12';'Thu Nov 13, 2025 at 15:46:12'
'experiment_data_LMI-Shots_20251113_Al_F4xgx.xlsx';'SeeMoveShootData/experiment_data_LMI-Shots_20251113_Al_F4xgx.xlsx';1;'Thu Nov 13, 2025 at 15:46:35';'Thu Nov 13, 2025 at 15:46:35'
'experiment_data_LMI-Shots_20251113_Al_F4xgx.xlsx';'SeeMoveShootData/experiment_data_LMI-Shots_20251113_Al_F4xgx.xlsx';1;'Thu Nov 13, 2025 at 15:46:52';'Thu Nov 13, 2025 at 15:46:52'
'experiment_data_LMI-Shots_20251113_Al_F4xgx.xlsx';'SeeMoveShootData/experiment_data_LMI-Shots_20251113_Al_F4xgx.xlsx';1;'Thu Nov 13, 2025 at 15:47:14';'Thu Nov 13, 2025 at 15:47:14'
'experiment_data_LMI-Shots_20251113_Al_F4xgx.xlsx';'SeeMoveShootData/experiment_data_LMI-Shots_20251113_Al_F4xgx.xlsx';1;'Thu Nov 13, 2025 at 15:48:31';'Thu Nov 13, 2025 at 15:48:31'
'experiment_data_LMI-Shots_20251113_Al_F4xgx.xlsx';'SeeMoveShootData/experiment_data_LMI-Shots_20251113_Al_F4xgx.xlsx';1;'Thu Nov 13, 2025 at 15:48:53';'Thu Nov 13, 2025 at 15:48:53'
'experiment_data_LMI-Shots_20251113_Al_F4xgx.xlsx';'SeeMoveShootData/experiment_data_LMI-Shots_20251113_Al_F4xgx.xlsx';1;'Thu Nov 13, 2025 at 15:49:11';'Thu Nov 13, 2025 at 15:49:11'
'experiment_data_LMI-Shots_20251113_Al_F476.xlsx';'SeeMoveShootData/experiment_data_LMI-Shots_20251113_Al_F476.xlsx';1;'Thu Nov 13, 2025 at 15:52:33';'Thu Nov 13, 2025 at 15:52:33'
'experiment_data_LMI-Shots_20251113_Al_F476.xlsx';'SeeMoveShootData/experiment_data_LMI-Shots_20251113_Al_F476.xlsx';1;'Thu Nov 13, 2025 at 15:52:47';'Thu Nov 13, 2025 at 15:52:47'
'experiment_data_LMI-Shots_20251113_Al_F476.xlsx';'SeeMoveShootData/experiment_data_LMI-Shots_20251113_Al_F476.xlsx';1;'Thu Nov 13, 2025 at 15:53:23';'Thu Nov 13, 2025 at 15:53:23'
'experiment_data_LMI-Shots_20251113_Al_F476.xlsx';'SeeMoveShootData/experiment_data_LMI-Shots_20251113_Al_F476.xlsx';1;'Thu Nov 13, 2025 at 20:53:37';'Thu Nov 13, 2025 at 20:53:37'
'experiment_data_LMI-Shots_20251113_Al_F476.xlsx';'SeeMoveShootData/experiment_data_LMI-Shots_20251113_Al_F476.xlsx';1;'Thu Nov 13, 2025 at 15:53:52';'Thu Nov 13, 2025 at 15:53:52'
'experiment_data_LMI-Shots_20251113_Al_F476.xlsx';'SeeMoveShootData/experiment_data_LMI-Shots_20251113_Al_F476.xlsx';1;'Thu Nov 13, 2025 at 15:54:10';'Thu Nov 13, 2025 at 15:54:10'
'experiment_data_LMI-Shots_20251113_Al_F476.xlsx';'SeeMoveShootData/experiment_data_LMI-Shots_20251113_Al_F476.xlsx';1;'Thu Nov 13, 2025 at 15:54:26';'Thu Nov 13, 2025 at 15:54:26'
'experiment_data_LMI-Shots_20251113_Al_F476.xlsx';'SeeMoveShootData/experiment_data_LMI-Shots_20251113_Al_F476.xlsx';1;'Thu Nov 13, 2025 at 20:54:41';'Thu Nov 13, 2025 at 20:54:41'
'experiment_data_LMI-Shots_20251113_Al_F476.xlsx';'SeeMoveShootData/experiment_data_LMI-Shots_20251113_Al_F476.xlsx';1;'Thu Nov 13, 2025 at 15:55:09';'Thu Nov 13, 2025 at 15:55:09'
'experiment_data_LMI-Shots_20251113_Al_F476.xlsx';'SeeMoveShootData/experiment_data_LMI-Shots_20251113_Al_F476.xlsx';1;'Thu Nov 13, 2025 at 15:55:26';'Thu Nov 13, 2025 at 15:55:26'
'experiment_data_LMI-Shots_20251113_Al_F476.xlsx';'SeeMoveShootData/experiment_data_LMI-Shots_20251113_Al_F476.xlsx';1;'Thu Nov 13, 2025 at 20:55:41';'Thu Nov 13, 2025 at 20:55:41'
'~$experiment_data_LMI-Shots_20251113_Al_F476.xlsx';'SeeMoveShootData/~$experiment_data_LMI-Shots_20251113_Al_F476.xlsx';1;'Wed Nov 19, 2025 at 16:20:51';'Wed Nov 19, 2025 at 16:20:51'
'HAAPI_experiment_data_Velocity_shots_20251121_Vel_shot.csv';'SeeMoveShootData/HAAPI_experiment_data_Velocity_shots_20251121_Vel_shot.csv';1;'Fri Nov 21, 2025 at 17:12:36';'Fri Nov 21, 2025 at 17:12:36'
'HAAPI_experiment_data_Velocity_shots_20251121_vel.csv';'SeeMoveShootData/HAAPI_experiment_data_Velocity_shots_20251121_vel.csv';1;'Fri Nov 21, 2025 at 17:40:32';'Fri Nov 21, 2025 at 17:40:32'
'HAAPI_experiment_data_velocity-shots_20251126_JHAMAA000xx-velocity.csv';'SeeMoveShootData/HAAPI_experiment_data_velocity-shots_20251126_JHAMAA000xx-velocity.csv';1;'Wed Nov 26, 2025 at 14:14:29';'Wed Nov 26, 2025 at 14:14:29'
'HAAPI_experiment_data_velocity_shots_20251204_JHAMAA000xy-vel.csv';'SeeMoveShootData/HAAPI_experiment_data_velocity_shots_20251204_JHAMAA000xy-vel.csv';1;'Thu Dec 04, 2025 at 15:27:36';'Thu Dec 04, 2025 at 15:27:36'
'HAAPI_experiment_data_Velocity_Shots_20251204_JHAMAA000xy-vel_2.csv';'SeeMoveShootData/HAAPI_experiment_data_Velocity_Shots_20251204_JHAMAA000xy-vel_2.csv';1;'Thu Dec 04, 2025 at 15:49:00';'Thu Dec 04, 2025 at 15:49:00'
'HAAPI_experiment_data_Velocity-Shots_20251204_JHAMAA000xy-vel573_perforated.csv';'SeeMoveShootData/HAAPI_experiment_data_Velocity-Shots_20251204_JHAMAA000xy-vel573_perforated.csv';1;'Thu Dec 04, 2025 at 16:18:13';'Thu Dec 04, 2025 at 16:18:13'
'HAAPI_experiment_data_Velocity-Shots_20251204_JHAMAA000xy_Vel574_4tabs.csv';'SeeMoveShootData/HAAPI_experiment_data_Velocity-Shots_20251204_JHAMAA000xy_Vel574_4tabs.csv';1;'Thu Dec 04, 2025 at 16:43:44';'Thu Dec 04, 2025 at 16:43:44'
'HAAPI_experiment_data_Velocity-Shots_20251209_JHAMAA000xy-Vel-carbon.csv';'SeeMoveShootData/HAAPI_experiment_data_Velocity-Shots_20251209_JHAMAA000xy-Vel-carbon.csv';1;'Tue Dec 09, 2025 at 13:32:46';'Tue Dec 09, 2025 at 13:32:46'
'HAAPI_experiment_data_LMI-Shots_20251126_JHAMAA000xx-Al500.csv';'SeeMoveShootData/HAAPI_experiment_data_LMI-Shots_20251126_JHAMAA000xx-Al500.csv';1;'Wed Nov 26, 2025 at 14:41:20';'Wed Nov 26, 2025 at 14:41:20'
'HAAPI_experiment_data_Velocity_Shots_20251204_JHAMAA00001-S5R4C3.csv';'SeeMoveShootData/HAAPI_experiment_data_Velocity_Shots_20251204_JHAMAA00001-S5R4C3.csv';1;'Thu Dec 04, 2025 at 15:36:16';'Thu Dec 04, 2025 at 15:36:16'
'HAAPI_experiment_data_Velocity-Shots_20251204_JHAMAA000xy-vel583-perforated.csv';'SeeMoveShootData/HAAPI_experiment_data_Velocity-Shots_20251204_JHAMAA000xy-vel583-perforated.csv';1;'Thu Dec 04, 2025 at 15:55:30';'Thu Dec 04, 2025 at 15:55:30'
'HAAPI_experiment_data_Velocity-Shots_20251204_JHAMAA000xy_vel572_8tabs.csv';'SeeMoveShootData/HAAPI_experiment_data_Velocity-Shots_20251204_JHAMAA000xy_vel572_8tabs.csv';1;'Thu Dec 04, 2025 at 16:31:35';'Thu Dec 04, 2025 at 16:31:35'
'HAAPI_experiment_data_Velocity-Shots_20251209_JHAMAA000xy-Vel_Carbon.csv';'SeeMoveShootData/HAAPI_experiment_data_Velocity-Shots_20251209_JHAMAA000xy-Vel_Carbon.csv';1;'Tue Dec 09, 2025 at 13:18:44';'Tue Dec 09, 2025 at 13:18:44'
'HAAPI_experiment_data_LMI-Shots_20251212_JHAMAA00001-S2R3C3.csv';'SeeMoveShootData/HAAPI_experiment_data_LMI-Shots_20251212_JHAMAA00001-S2R3C3.csv';1;'Fri Dec 12, 2025 at 13:12:00';'Fri Dec 12, 2025 at 13:12:00'
'HAAPI_experiment_data_LMI-Shots_20251217_JHAMAA00001-S2R3C3.csv';'SeeMoveShootData/HAAPI_experiment_data_LMI-Shots_20251217_JHAMAA00001-S2R3C3.csv';1;'Wed Dec 17, 2025 at 12:55:04';'Wed Dec 17, 2025 at 12:55:04'
'HAAPI_experiment_data_LMI-Shots_20251217_JHBMAA00005-S1R5C2.csv';'SeeMoveShootData/HAAPI_experiment_data_LMI-Shots_20251217_JHBMAA00005-S1R5C2.csv';1;'Wed Dec 17, 2025 at 14:07:28';'Wed Dec 17, 2025 at 14:07:28'
'HAAPI_experiment_data_LMI-Shots_20251218_JHAMAB00022-06.csv';'SeeMoveShootData/HAAPI_experiment_data_LMI-Shots_20251218_JHAMAB00022-06.csv';1;'Thu Dec 18, 2025 at 12:41:04';'Thu Dec 18, 2025 at 12:41:04'
'Beam--20251218--JHAMAA00003-01.bmg';'Beam_Profiler/Beam--20251218--JHAMAA00003-01.bmg';641;'Thu Dec 18, 2025 at 13:37:15';'Thu Dec 18, 2025 at 13:37:19'
'HAAPI_experiment_data_LMI-Shots_20251218_JHAMAB00022-06.csv';'SeeMoveShootData/HAAPI_experiment_data_LMI-Shots_20251218_JHAMAB00022-06.csv';1;'Thu Dec 18, 2025 at 14:00:55';'Thu Dec 18, 2025 at 14:00:55'
'Beam--20251218--JHAMAB00022-08.bmg';'Beam_Profiler/Beam--20251218--JHAMAB00022-08.bmg';801;'Thu Dec 18, 2025 at 14:18:56';'Thu Dec 18, 2025 at 14:19:00'
'HAAPI_experiment_data_LMI-Shots_20251218_JHAMAB00022-09.csv';'SeeMoveShootData/HAAPI_experiment_data_LMI-Shots_20251218_JHAMAB00022-09.csv';1;'Thu Dec 18, 2025 at 15:09:02';'Thu Dec 18, 2025 at 15:09:02'
'HAAPI_experiment_data_LMI-Shots_20251217_JHAMAA00001-S2R4C3.csv';'SeeMoveShootData/HAAPI_experiment_data_LMI-Shots_20251217_JHAMAA00001-S2R4C3.csv';1;'Wed Dec 17, 2025 at 18:22:38';'Wed Dec 17, 2025 at 18:22:38'
'HAAPI_experiment_data_LMI-Shots_20251218_JHAMAB00022-05.csv';'SeeMoveShootData/HAAPI_experiment_data_LMI-Shots_20251218_JHAMAB00022-05.csv';1;'Thu Dec 18, 2025 at 12:19:19';'Thu Dec 18, 2025 at 12:19:19'
'HAAPI_experiment_data_LMI-Shots_20251218_JHAMAA00003-01.csv';'SeeMoveShootData/HAAPI_experiment_data_LMI-Shots_20251218_JHAMAA00003-01.csv';1;'Thu Dec 18, 2025 at 13:24:26';'Thu Dec 18, 2025 at 13:24:26'
'HAAPI_experiment_data_LMI-Shots_20251218_JHAMAA00003-02.csv';'SeeMoveShootData/HAAPI_experiment_data_LMI-Shots_20251218_JHAMAA00003-02.csv';1;'Thu Dec 18, 2025 at 13:43:50';'Thu Dec 18, 2025 at 13:43:50'
'Beam--20251218--JHAMAB00022-07.bmg';'Beam_Profiler/Beam--20251218--JHAMAB00022-07.bmg';801;'Thu Dec 18, 2025 at 14:01:38';'Thu Dec 18, 2025 at 14:01:42'
'HAAPI_experiment_data_LMI-Shots_20251218_JHAMAB00022-08.csv';'SeeMoveShootData/HAAPI_experiment_data_LMI-Shots_20251218_JHAMAB00022-08.csv';1;'Thu Dec 18, 2025 at 14:17:13';'Thu Dec 18, 2025 at 14:17:13'
'HAAPI_experiment_data_LMI-Shots_20251218_JHAMAA00003-03.csv';'SeeMoveShootData/HAAPI_experiment_data_LMI-Shots_20251218_JHAMAA00003-03.csv';1;'Thu Dec 18, 2025 at 14:34:31';'Thu Dec 18, 2025 at 14:34:31'
'Beam--20251218--JHAMAA00003-03.bmg';'Beam_Profiler/Beam--20251218--JHAMAA00003-03.bmg';801;'Thu Dec 18, 2025 at 14:35:35';'Thu Dec 18, 2025 at 14:35:40'
'HAAPI_experiment_data_LMI-Shots_20251218_JHAMAA00003-04.csv';'SeeMoveShootData/HAAPI_experiment_data_LMI-Shots_20251218_JHAMAA00003-04.csv';1;'Thu Dec 18, 2025 at 14:55:25';'Thu Dec 18, 2025 at 14:55:25'
'Beam--20251218--JHAMAA00003-04.bmg';'Beam_Profiler/Beam--20251218--JHAMAA00003-04.bmg';737;'Thu Dec 18, 2025 at 14:57:53';'Thu Dec 18, 2025 at 14:57:57'
'Beam--20251218--JHAMAB00022-09.bmg';'Beam_Profiler/Beam--20251218--JHAMAB00022-09.bmg';801;'Thu Dec 18, 2025 at 15:10:01';'Thu Dec 18, 2025 at 15:10:06'
'HAAPI_experiment_data_LMI-Shots_20260123_JHBMAL00001.csv';'SeeMoveShootData/HAAPI_experiment_data_LMI-Shots_20260123_JHBMAL00001.csv';1;'Fri Jan 23, 2026 at 20:07:24';'Fri Jan 23, 2026 at 20:07:24'
'HAAPI_experiment_data_LMI-Shots_20260205_JHAMAC00003-S7R4C3.csv';'SeeMoveShootData/HAAPI_experiment_data_LMI-Shots_20260205_JHAMAC00003-S7R4C3.csv';1;'Thu Feb 05, 2026 at 15:32:29';'Thu Feb 05, 2026 at 15:32:29'
'HAAPI_experiment_data_LMI-Shots_20260205_JHAMAC00003-S6R6C3.csv';'SeeMoveShootData/HAAPI_experiment_data_LMI-Shots_20260205_JHAMAC00003-S6R6C3.csv';1;'Thu Feb 05, 2026 at 16:36:57';'Thu Feb 05, 2026 at 16:36:57'
'HAAPI_experiment_data_LMI-Shots_20260205_JHAMAC00003-S7R4C3.csv';'SeeMoveShootData/HAAPI_experiment_data_LMI-Shots_20260205_JHAMAC00003-S7R4C3.csv';1;'Thu Feb 05, 2026 at 15:38:07';'Thu Feb 05, 2026 at 15:38:07'
'HAAPI_experiment_data_LMI-Shots_20260205_JHAMAC00003-S7R5C3.csv';'SeeMoveShootData/HAAPI_experiment_data_LMI-Shots_20260205_JHAMAC00003-S7R5C3.csv';1;'Fri Feb 06, 2026 at 08:23:09';'Fri Feb 06, 2026 at 08:23:09'
'probe_08.txt';'Beam_Profiler/test/probe_08.txt';33;'Mon Feb 09, 2026 at 12:27:54';'Mon Feb 09, 2026 at 12:27:54'
'probe_05.txt';'Beam_Profiler/test/probe_05.txt';33;'Mon Feb 09, 2026 at 12:36:03';'Mon Feb 09, 2026 at 12:36:04'
'probe_15.txt';'Beam_Profiler/test/profile t2/probe_15.txt';33;'Mon Feb 09, 2026 at 14:23:25';'Mon Feb 09, 2026 at 14:23:25'
'probe_02.txt';'Beam_Profiler/test/profile t2/probe_02.txt';33;'Mon Feb 09, 2026 at 14:26:08';'Mon Feb 09, 2026 at 14:26:08'
'1point.txt';'Beam_Profiler/test/1point.txt';33;'Mon Feb 09, 2026 at 17:16:03';'Mon Feb 09, 2026 at 12:16:04'
'1point2.txt';'Beam_Profiler/test/1point2.txt';33;'Mon Feb 09, 2026 at 12:17:54';'Mon Feb 09, 2026 at 12:17:54'
'1point2.txt';'Beam_Profiler/test/1point2.txt';33;'Mon Feb 09, 2026 at 12:17:59';'Mon Feb 09, 2026 at 17:17:58'
'probe_10.txt';'Beam_Profiler/test/probe_10.txt';33;'Mon Feb 09, 2026 at 12:23:37';'Mon Feb 09, 2026 at 12:23:37'
'probe_5.txt';'Beam_Profiler/test/probe_5.txt';33;'Mon Feb 09, 2026 at 12:25:22';'Mon Feb 09, 2026 at 12:25:22'
'probe_15.txt';'Beam_Profiler/test/probe_15.txt';33;'Mon Feb 09, 2026 at 12:30:40';'Mon Feb 09, 2026 at 12:30:41'
'probe_18.txt';'Beam_Profiler/test/probe_18.txt';33;'Mon Feb 09, 2026 at 12:32:12';'Mon Feb 09, 2026 at 12:32:12'
'probe_02.txt';'Beam_Profiler/test/probe_02.txt';33;'Mon Feb 09, 2026 at 12:36:04';'Mon Feb 09, 2026 at 12:36:04'
'pobe_12.txt';'Beam_Profiler/test/pobe_12.txt';33;'Mon Feb 09, 2026 at 12:37:24';'Mon Feb 09, 2026 at 12:37:24'
'1_point_final.txt';'Beam_Profiler/test/1_point_final.txt';33;'Mon Feb 09, 2026 at 12:39:24';'Mon Feb 09, 2026 at 12:39:24'
'probe_10.txt';'Beam_Profiler/test/profile t2/probe_10.txt';33;'Mon Feb 09, 2026 at 14:14:58';'Mon Feb 09, 2026 at 14:14:58'
'probe_08.txt';'Beam_Profiler/test/profile t2/probe_08.txt';33;'Mon Feb 09, 2026 at 14:16:08';'Mon Feb 09, 2026 at 14:16:08'
'probe_10.txt';'Beam_Profiler/test/profile t2/probe_10.txt';33;'Mon Feb 09, 2026 at 14:16:20';'Mon Feb 09, 2026 at 14:16:20'
'probe_12.txt';'Beam_Profiler/test/profile t2/probe_12.txt';33;'Mon Feb 09, 2026 at 14:22:50';'Mon Feb 09, 2026 at 14:22:51'
'probe_15.txt';'Beam_Profiler/test/profile t2/probe_15.txt';33;'Mon Feb 09, 2026 at 14:23:20';'Mon Feb 09, 2026 at 14:23:20'
'probe_05.txt';'Beam_Profiler/test/profile t2/probe_05.txt';33;'Mon Feb 09, 2026 at 14:24:21';'Mon Feb 09, 2026 at 14:24:21'
'probe_05.txt';'Beam_Profiler/test/profile t2/probe_05.txt';33;'Mon Feb 09, 2026 at 14:24:25';'Mon Feb 09, 2026 at 14:24:25'
'probe_18.txt';'Beam_Profiler/test/profile t2/probe_18.txt';33;'Mon Feb 09, 2026 at 14:25:12';'Mon Feb 09, 2026 at 14:25:12'
'HAAPI_experiment_data_LMI-Shots_20260212_JHAMAC00001-S8R3C2.csv';'SeeMoveShootData/HAAPI_experiment_data_LMI-Shots_20260212_JHAMAC00001-S8R3C2.csv';1;'Thu Feb 12, 2026 at 15:13:23';'Thu Feb 12, 2026 at 15:13:23'
'probe_18.txt';'Beam_Profiler/test/MPDV/profile t2/probe_18.txt';33;'Mon Feb 16, 2026 at 13:08:15';'Mon Feb 16, 2026 at 13:08:15'
'probe_15.txt';'Beam_Profiler/test/MPDV/profile t2/probe_15.txt';33;'Mon Feb 16, 2026 at 13:08:15';'Mon Feb 16, 2026 at 13:08:15'
'probe_12.txt';'Beam_Profiler/test/MPDV/profile t2/probe_12.txt';33;'Mon Feb 16, 2026 at 13:08:16';'Mon Feb 16, 2026 at 13:08:16'
'probe_10.txt';'Beam_Profiler/test/MPDV/profile t2/probe_10.txt';33;'Mon Feb 16, 2026 at 13:08:16';'Mon Feb 16, 2026 at 13:08:16'
'probe_02.txt';'Beam_Profiler/test/MPDV/profile t2/probe_02.txt';33;'Mon Feb 16, 2026 at 13:08:16';'Mon Feb 16, 2026 at 13:08:17'
'HAAPI_experiment_data_LMI-Shots_20260218_JHAMAC00003-S4R5C3.csv';'SeeMoveShootData/HAAPI_experiment_data_LMI-Shots_20260218_JHAMAC00003-S4R5C3.csv';1;'Wed Feb 18, 2026 at 13:30:23';'Wed Feb 18, 2026 at 13:30:23'
'probe_15.txt';'Beam_Profiler/test/MPDV/2026-02-18/probe_15.txt';32;'Wed Feb 18, 2026 at 14:56:11';'Wed Feb 18, 2026 at 14:56:11'
'probe_08.txt';'Beam_Profiler/test/MPDV/profile t2/probe_08.txt';33;'Mon Feb 16, 2026 at 13:08:15';'Mon Feb 16, 2026 at 13:08:15'
'probe_05.txt';'Beam_Profiler/test/MPDV/profile t2/probe_05.txt';33;'Mon Feb 16, 2026 at 13:08:17';'Mon Feb 16, 2026 at 13:08:17'
'probe_10.txt';'Beam_Profiler/test/MPDV/2026-02-16/probe_10.txt';33;'Mon Feb 16, 2026 at 13:08:44';'Mon Feb 16, 2026 at 13:08:44'
'probe_10.txt';'Beam_Profiler/test/MPDV/2026-02-16/probe_10.txt';33;'Mon Feb 16, 2026 at 13:08:50';'Mon Feb 16, 2026 at 13:08:50'
'probe_12.txt';'Beam_Profiler/test/MPDV/2026-02-16/probe_12.txt';33;'Mon Feb 16, 2026 at 13:11:18';'Mon Feb 16, 2026 at 13:11:18'
'probe_08.txt';'Beam_Profiler/test/MPDV/2026-02-16/probe_08.txt';33;'Mon Feb 16, 2026 at 13:13:12';'Mon Feb 16, 2026 at 13:13:12'
'probe_15.txt';'Beam_Profiler/test/MPDV/2026-02-16/probe_15.txt';33;'Mon Feb 16, 2026 at 13:14:47';'Mon Feb 16, 2026 at 13:14:47'
'probe_15.txt';'Beam_Profiler/test/MPDV/2026-02-16/probe_15.txt';33;'Mon Feb 16, 2026 at 13:14:50';'Mon Feb 16, 2026 at 13:14:50'
'probe_05.txt';'Beam_Profiler/test/MPDV/2026-02-16/probe_05.txt';33;'Mon Feb 16, 2026 at 13:16:06';'Mon Feb 16, 2026 at 13:16:06'
'probe_05.txt';'Beam_Profiler/test/MPDV/2026-02-16/probe_05.txt';33;'Mon Feb 16, 2026 at 13:16:10';'Mon Feb 16, 2026 at 13:16:10'
'probe_18.txt';'Beam_Profiler/test/MPDV/2026-02-16/probe_18.txt';33;'Mon Feb 16, 2026 at 13:17:06';'Mon Feb 16, 2026 at 13:17:06'
'probe_18.txt';'Beam_Profiler/test/MPDV/2026-02-16/probe_18.txt';33;'Mon Feb 16, 2026 at 13:17:10';'Mon Feb 16, 2026 at 13:17:10'
'probe_02.txt';'Beam_Profiler/test/MPDV/2026-02-16/probe_02.txt';33;'Mon Feb 16, 2026 at 13:17:55';'Mon Feb 16, 2026 at 13:17:55'
'probe_02.txt';'Beam_Profiler/test/MPDV/2026-02-16/probe_02.txt';33;'Mon Feb 16, 2026 at 13:18:00';'Mon Feb 16, 2026 at 13:18:00'
'focus1.txt';'Beam_Profiler/test/MPDV/2026-02-16/focus1.txt';32;'Wed Feb 18, 2026 at 10:00:57';'Wed Feb 18, 2026 at 10:00:57'
'focus1.txt';'Beam_Profiler/test/MPDV/2026-02-16/focus1.txt';32;'Wed Feb 18, 2026 at 10:01:02';'Wed Feb 18, 2026 at 10:01:02'
'focus2.txt';'Beam_Profiler/test/MPDV/2026-02-16/focus2.txt';32;'Wed Feb 18, 2026 at 10:01:28';'Wed Feb 18, 2026 at 10:01:28'
'focus2.txt';'Beam_Profiler/test/MPDV/2026-02-16/focus2.txt';32;'Wed Feb 18, 2026 at 10:01:33';'Wed Feb 18, 2026 at 10:01:33'
'focus3.txt';'Beam_Profiler/test/MPDV/2026-02-16/focus3.txt';32;'Wed Feb 18, 2026 at 10:02:05';'Wed Feb 18, 2026 at 10:02:05'
'focus4.txt';'Beam_Profiler/test/MPDV/2026-02-16/focus4.txt';32;'Wed Feb 18, 2026 at 10:02:40';'Wed Feb 18, 2026 at 10:02:41'
'focus4.txt';'Beam_Profiler/test/MPDV/2026-02-16/focus4.txt';32;'Wed Feb 18, 2026 at 10:02:45';'Wed Feb 18, 2026 at 10:02:45'
'focus5.txt';'Beam_Profiler/test/MPDV/2026-02-16/focus5.txt';32;'Wed Feb 18, 2026 at 10:03:17';'Wed Feb 18, 2026 at 10:03:18'
'focus6.txt';'Beam_Profiler/test/MPDV/2026-02-16/focus6.txt';32;'Wed Feb 18, 2026 at 10:03:48';'Wed Feb 18, 2026 at 10:03:49'
'focus6.txt';'Beam_Profiler/test/MPDV/2026-02-16/focus6.txt';32;'Wed Feb 18, 2026 at 10:03:53';'Wed Feb 18, 2026 at 10:03:53'
'focus7.txt';'Beam_Profiler/test/MPDV/2026-02-16/focus7.txt';32;'Wed Feb 18, 2026 at 10:04:40';'Wed Feb 18, 2026 at 10:04:40'
'focus7.txt';'Beam_Profiler/test/MPDV/2026-02-16/focus7.txt';32;'Wed Feb 18, 2026 at 10:04:45';'Wed Feb 18, 2026 at 10:04:45'
'focus8.txt';'Beam_Profiler/test/MPDV/2026-02-16/focus8.txt';32;'Wed Feb 18, 2026 at 10:05:16';'Wed Feb 18, 2026 at 10:05:16'
'focus8.txt';'Beam_Profiler/test/MPDV/2026-02-16/focus8.txt';32;'Wed Feb 18, 2026 at 10:05:21';'Wed Feb 18, 2026 at 10:05:22'
'focus9.txt';'Beam_Profiler/test/MPDV/2026-02-16/focus9.txt';32;'Wed Feb 18, 2026 at 10:05:52';'Wed Feb 18, 2026 at 10:05:53'
'focus9.txt';'Beam_Profiler/test/MPDV/2026-02-16/focus9.txt';32;'Wed Feb 18, 2026 at 10:05:57';'Wed Feb 18, 2026 at 10:05:58'
'woffset.txt';'Beam_Profiler/test/MPDV/2026-02-16/woffset.txt';34;'Wed Feb 18, 2026 at 10:29:44';'Wed Feb 18, 2026 at 10:29:44'
'wooffset.txt';'Beam_Profiler/test/MPDV/2026-02-16/wooffset.txt';34;'Wed Feb 18, 2026 at 10:31:34';'Wed Feb 18, 2026 at 10:31:34'
'HAAPI_experiment_data_LMI-Shots_20260218_JHAMAC00003-S1R6C3.csv';'SeeMoveShootData/HAAPI_experiment_data_LMI-Shots_20260218_JHAMAC00003-S1R6C3.csv';1;'Wed Feb 18, 2026 at 13:14:55';'Wed Feb 18, 2026 at 13:14:55'
'Beam--20260218--JHAMAC00003-S4R5C3.bmg';'Beam_Profiler/Beam--20260218--JHAMAC00003-S4R5C3.bmg';801;'Wed Feb 18, 2026 at 13:32:15';'Wed Feb 18, 2026 at 13:32:19'
'HAAPI_experiment_data_LMI-Shots_20260218_JHAMAC00003-S1R4C3.csv';'SeeMoveShootData/HAAPI_experiment_data_LMI-Shots_20260218_JHAMAC00003-S1R4C3.csv';1;'Wed Feb 18, 2026 at 13:50:12';'Wed Feb 18, 2026 at 13:50:12'
'Beam--20260218--JHAMAC00003-S1R4C3.bmg';'Beam_Profiler/Beam--20260218--JHAMAC00003-S1R4C3.bmg';801;'Wed Feb 18, 2026 at 13:53:17';'Wed Feb 18, 2026 at 13:53:22'
'Beam--20260218--JHAMAC00003-S1R4C3.bmg';'Beam_Profiler/Beam--20260218--JHAMAC00003-S1R4C3.bmg';801;'Wed Feb 18, 2026 at 13:53:25';'Wed Feb 18, 2026 at 13:53:29'
'probe_10.txt';'Beam_Profiler/test/MPDV/2026-02-18/probe_10.txt';32;'Wed Feb 18, 2026 at 14:50:04';'Wed Feb 18, 2026 at 14:50:05'
'probe_06.txt';'Beam_Profiler/test/MPDV/2026-02-18/probe_06.txt';32;'Wed Feb 18, 2026 at 14:54:19';'Wed Feb 18, 2026 at 14:54:19'
'probe_09.txt';'Beam_Profiler/test/MPDV/2026-02-18/probe_09.txt';32;'Wed Feb 18, 2026 at 14:55:13';'Wed Feb 18, 2026 at 14:55:13'
'probe_15.txt';'Beam_Profiler/test/MPDV/2026-02-18/probe_15.txt';32;'Wed Feb 18, 2026 at 14:56:06';'Wed Feb 18, 2026 at 14:56:07'
'probe_03.txt';'Beam_Profiler/test/MPDV/2026-02-18/probe_03.txt';32;'Wed Feb 18, 2026 at 14:56:57';'Wed Feb 18, 2026 at 14:56:57'
'probe_08.txt';'Beam_Profiler/test/MPDV/2026-02-18/probe_08.txt';32;'Wed Feb 18, 2026 at 14:58:03';'Wed Feb 18, 2026 at 14:58:04'
'probe_12.txt';'Beam_Profiler/test/MPDV/2026-02-18/probe_12.txt';32;'Wed Feb 18, 2026 at 14:58:53';'Wed Feb 18, 2026 at 14:58:53'
'probe_19.txt';'Beam_Profiler/test/MPDV/2026-02-18/probe_19.txt';32;'Wed Feb 18, 2026 at 15:12:15';'Wed Feb 18, 2026 at 15:12:16'
'Shimtatzu_Videos_2.txt';'Beam_Profiler/test/MPDV/2026-02-19/Shimtatzu_Videos_2.txt';33;'Thu Feb 19, 2026 at 16:53:11';'Thu Feb 19, 2026 at 16:53:12'
'Shimtatzu_Videos_4.txt';'Beam_Profiler/test/MPDV/2026-02-19/Shimtatzu_Videos_4.txt';33;'Thu Feb 19, 2026 at 16:53:12';'Thu Feb 19, 2026 at 16:53:12'
'Shimtatzu_Videos_1.txt';'Beam_Profiler/test/MPDV/2026-02-19/Shimtatzu_Videos_1.txt';33;'Thu Feb 19, 2026 at 16:53:12';'Thu Feb 19, 2026 at 16:53:12'
'Shimtatzu_Videos_3.txt';'Beam_Profiler/test/MPDV/2026-02-19/Shimtatzu_Videos_3.txt';33;'Thu Feb 19, 2026 at 16:53:12';'Thu Feb 19, 2026 at 16:53:13'
'foo1.txt';'Beam_Profiler/foo1.txt';1;'Mon Feb 23, 2026 at 18:05:17';'Mon Feb 23, 2026 at 18:05:17'
'calcite_2.txt';'Beam_Profiler/test/MPDV/2026-03-13_mason_calcite/calcite_2.txt';33;'Fri Mar 13, 2026 at 13:00:41';'Fri Mar 13, 2026 at 13:00:42'
'calcite_3.txt';'Beam_Profiler/test/MPDV/2026-03-13_mason_calcite/calcite_3.txt';32;'Fri Mar 13, 2026 at 13:00:44';'Fri Mar 13, 2026 at 13:00:45'
'calcite_5.txt';'Beam_Profiler/test/MPDV/2026-03-13_mason_calcite/calcite_5.txt';32;'Fri Mar 13, 2026 at 13:00:45';'Fri Mar 13, 2026 at 13:00:45'
'calcite_4.txt';'Beam_Profiler/test/MPDV/2026-03-13_mason_calcite/calcite_4.txt';33;'Fri Mar 13, 2026 at 13:00:45';'Fri Mar 13, 2026 at 13:00:45'
'calcite_6.txt';'Beam_Profiler/test/MPDV/2026-03-13_mason_calcite/calcite_6.txt';32;'Fri Mar 13, 2026 at 13:00:45';'Fri Mar 13, 2026 at 13:00:46'
'calcite_8.txt';'Beam_Profiler/test/MPDV/2026-03-13_mason_calcite/calcite_8.txt';33;'Fri Mar 13, 2026 at 13:00:51';'Fri Mar 13, 2026 at 13:00:52'
'calcite_1.txt';'Beam_Profiler/test/MPDV/2026-03-13_mason_calcite/calcite_1.txt';33;'Fri Mar 13, 2026 at 13:56:43';'Fri Mar 13, 2026 at 13:56:44'
'calcite_2.txt';'Beam_Profiler/test/MPDV/2026-03-13_mason_calcite/calcite_2.txt';33;'Fri Mar 13, 2026 at 13:56:44';'Fri Mar 13, 2026 at 13:56:44'
'calcite_3.txt';'Beam_Profiler/test/MPDV/2026-03-13_mason_calcite/calcite_3.txt';32;'Fri Mar 13, 2026 at 13:56:44';'Fri Mar 13, 2026 at 13:56:45'
'calcite_5.txt';'Beam_Profiler/test/MPDV/2026-03-13_mason_calcite/calcite_5.txt';32;'Fri Mar 13, 2026 at 13:56:45';'Fri Mar 13, 2026 at 13:56:45'
'calcite_11.txt';'Beam_Profiler/test/MPDV/2026-03-13_mason_calcite/calcite_11.txt';32;'Fri Mar 13, 2026 at 14:20:11';'Fri Mar 13, 2026 at 14:20:12'
'calcite_12.txt';'Beam_Profiler/test/MPDV/2026-03-13_mason_calcite/calcite_12.txt';32;'Fri Mar 13, 2026 at 14:20:12';'Fri Mar 13, 2026 at 14:20:12'
'calcite_13.txt';'Beam_Profiler/test/MPDV/2026-03-13_mason_calcite/calcite_13.txt';32;'Fri Mar 13, 2026 at 14:20:18';'Fri Mar 13, 2026 at 14:20:18'
'calcite_14.txt';'Beam_Profiler/test/MPDV/2026-03-13_mason_calcite/calcite_14.txt';32;'Fri Mar 13, 2026 at 14:20:19';'Fri Mar 13, 2026 at 14:20:19'
'calcite_16.txt';'Beam_Profiler/test/MPDV/2026-03-13_mason_calcite/calcite_16.txt';32;'Fri Mar 13, 2026 at 14:20:25';'Fri Mar 13, 2026 at 14:20:25'
'reference_energy_1.txt';'Beam_Profiler/test/MPDV/2026-03-20_energy_calibration/reference_energy_1.txt';29;'Fri Mar 20, 2026 at 10:06:16';'Fri Mar 20, 2026 at 10:06:16'
'reference_energy_2.txt';'Beam_Profiler/test/MPDV/2026-03-20_energy_calibration/reference_energy_2.txt';30;'Fri Mar 20, 2026 at 10:06:16';'Fri Mar 20, 2026 at 10:06:16'
'reference_energy_3.txt';'Beam_Profiler/test/MPDV/2026-03-20_energy_calibration/reference_energy_3.txt';29;'Fri Mar 20, 2026 at 10:06:16';'Fri Mar 20, 2026 at 10:06:17'
'reference_energy_7.txt';'Beam_Profiler/test/MPDV/2026-03-20_energy_calibration/reference_energy_7.txt';30;'Fri Mar 20, 2026 at 10:06:19';'Fri Mar 20, 2026 at 10:06:19'
'reference_energy_8.txt';'Beam_Profiler/test/MPDV/2026-03-20_energy_calibration/reference_energy_8.txt';30;'Fri Mar 20, 2026 at 10:06:25';'Fri Mar 20, 2026 at 10:06:25'
'reference_energy_9.txt';'Beam_Profiler/test/MPDV/2026-03-20_energy_calibration/reference_energy_9.txt';29;'Fri Mar 20, 2026 at 10:06:25';'Fri Mar 20, 2026 at 10:06:26'
'reference_energy_10.txt';'Beam_Profiler/test/MPDV/2026-03-20_energy_calibration/reference_energy_10.txt';30;'Fri Mar 20, 2026 at 10:06:26';'Fri Mar 20, 2026 at 10:06:26'
'reference_energy_13.txt';'Beam_Profiler/test/MPDV/2026-03-20_energy_calibration/reference_energy_13.txt';31;'Fri Mar 20, 2026 at 10:06:31';'Fri Mar 20, 2026 at 10:06:32'
'reference_energy_13.txt';'Beam_Profiler/test/MPDV/2026-03-20_energy_calibration/reference_energy_13.txt';31;'Fri Mar 20, 2026 at 10:06:38';'Fri Mar 20, 2026 at 10:06:38'
'reference_energy_17.txt';'Beam_Profiler/test/MPDV/2026-03-20_energy_calibration/reference_energy_17.txt';31;'Fri Mar 20, 2026 at 10:06:45';'Fri Mar 20, 2026 at 10:06:45'
'reference_energy_19.txt';'Beam_Profiler/test/MPDV/2026-03-20_energy_calibration/reference_energy_19.txt';31;'Fri Mar 20, 2026 at 10:06:45';'Fri Mar 20, 2026 at 10:06:45'
'reference_energy_19.txt';'Beam_Profiler/test/MPDV/2026-03-20_energy_calibration/reference_energy_19.txt';31;'Fri Mar 20, 2026 at 10:06:48';'Fri Mar 20, 2026 at 10:06:48'
'reference_energy_20.txt';'Beam_Profiler/test/MPDV/2026-03-20_energy_calibration/reference_energy_20.txt';32;'Fri Mar 20, 2026 at 10:06:48';'Fri Mar 20, 2026 at 10:06:49'
'reference_energy_21.txt';'Beam_Profiler/test/MPDV/2026-03-20_energy_calibration/reference_energy_21.txt';32;'Fri Mar 20, 2026 at 10:06:49';'Fri Mar 20, 2026 at 10:06:49'
'reference_energy_22.txt';'Beam_Profiler/test/MPDV/2026-03-20_energy_calibration/reference_energy_22.txt';31;'Fri Mar 20, 2026 at 10:06:49';'Fri Mar 20, 2026 at 10:06:50'
'reference_energy_25.txt';'Beam_Profiler/test/MPDV/2026-03-20_energy_calibration/reference_energy_25.txt';32;'Fri Mar 20, 2026 at 10:07:03';'Fri Mar 20, 2026 at 10:07:03'
'reference_energy_26.txt';'Beam_Profiler/test/MPDV/2026-03-20_energy_calibration/reference_energy_26.txt';32;'Fri Mar 20, 2026 at 10:07:03';'Fri Mar 20, 2026 at 10:07:04'
'target_energy_5.txt';'Beam_Profiler/test/MPDV/2026-03-20_energy_calibration/target_energy_5.txt';31;'Fri Mar 20, 2026 at 10:20:15';'Fri Mar 20, 2026 at 10:20:15'
'target_energy_6.txt';'Beam_Profiler/test/MPDV/2026-03-20_energy_calibration/target_energy_6.txt';31;'Fri Mar 20, 2026 at 10:20:15';'Fri Mar 20, 2026 at 10:20:16'
'target_energy_4.txt';'Beam_Profiler/test/MPDV/2026-03-20_energy_calibration/target_energy_4.txt';30;'Fri Mar 20, 2026 at 10:20:16';'Fri Mar 20, 2026 at 10:20:16'
'target_energy_7.txt';'Beam_Profiler/test/MPDV/2026-03-20_energy_calibration/target_energy_7.txt';31;'Fri Mar 20, 2026 at 10:20:16';'Fri Mar 20, 2026 at 11:04:03'
'target_energy_9.txt';'Beam_Profiler/test/MPDV/2026-03-20_energy_calibration/target_energy_9.txt';31;'Fri Mar 20, 2026 at 10:20:16';'Fri Mar 20, 2026 at 10:20:17'
'target_energy_10.txt';'Beam_Profiler/test/MPDV/2026-03-20_energy_calibration/target_energy_10.txt';31;'Fri Mar 20, 2026 at 10:20:18';'Fri Mar 20, 2026 at 10:20:18'
'target_energy_13.txt';'Beam_Profiler/test/MPDV/2026-03-20_energy_calibration/target_energy_13.txt';31;'Fri Mar 20, 2026 at 10:20:18';'Fri Mar 20, 2026 at 10:20:18'
'target_energy_14.txt';'Beam_Profiler/test/MPDV/2026-03-20_energy_calibration/target_energy_14.txt';32;'Fri Mar 20, 2026 at 10:20:18';'Fri Mar 20, 2026 at 10:20:19'
'target_energy_15.txt';'Beam_Profiler/test/MPDV/2026-03-20_energy_calibration/target_energy_15.txt';32;'Fri Mar 20, 2026 at 10:20:19';'Fri Mar 20, 2026 at 10:20:19'
'target_energy_17.txt';'Beam_Profiler/test/MPDV/2026-03-20_energy_calibration/target_energy_17.txt';31;'Fri Mar 20, 2026 at 10:20:19';'Fri Mar 20, 2026 at 10:20:20'
'HAAPI_experiment_data_Velocity_20260320_NA.csv';'SeeMoveShootData/HAAPI_experiment_data_Velocity_20260320_NA.csv';1;'Fri Mar 20, 2026 at 11:24:38';'Fri Mar 20, 2026 at 11:24:38'
'velocity_4.txt';'Beam_Profiler/test/MPDV/2026-03-20_velocity_shots/velocity_4.txt';31;'Fri Mar 20, 2026 at 11:51:54';'Fri Mar 20, 2026 at 11:51:54'
'velocity_5.txt';'Beam_Profiler/test/MPDV/2026-03-20_velocity_shots/velocity_5.txt';31;'Fri Mar 20, 2026 at 11:51:54';'Fri Mar 20, 2026 at 11:51:55'
'velocity_6.txt';'Beam_Profiler/test/MPDV/2026-03-20_velocity_shots/velocity_6.txt';32;'Fri Mar 20, 2026 at 11:51:55';'Fri Mar 20, 2026 at 11:51:55'
'velocity_8.txt';'Beam_Profiler/test/MPDV/2026-03-20_velocity_shots/velocity_8.txt';32;'Fri Mar 20, 2026 at 11:51:55';'Fri Mar 20, 2026 at 11:51:56'
'velocity_9.txt';'Beam_Profiler/test/MPDV/2026-03-20_velocity_shots/velocity_9.txt';30;'Fri Mar 20, 2026 at 11:51:56';'Fri Mar 20, 2026 at 11:51:56'
'velocity_7.txt';'Beam_Profiler/test/MPDV/2026-03-20_velocity_shots/velocity_7.txt';32;'Fri Mar 20, 2026 at 11:51:56';'Fri Mar 20, 2026 at 11:51:56'
'velocity_10.txt';'Beam_Profiler/test/MPDV/2026-03-20_velocity_shots/velocity_10.txt';31;'Fri Mar 20, 2026 at 11:51:57';'Fri Mar 20, 2026 at 11:51:57'
'velocity_13.txt';'Beam_Profiler/test/MPDV/2026-03-20_velocity_shots/velocity_13.txt';31;'Fri Mar 20, 2026 at 11:51:57';'Fri Mar 20, 2026 at 11:51:58'
'velocity_15.txt';'Beam_Profiler/test/MPDV/2026-03-20_velocity_shots/velocity_15.txt';32;'Fri Mar 20, 2026 at 11:51:58';'Fri Mar 20, 2026 at 11:51:58'
'velocity_17.txt';'Beam_Profiler/test/MPDV/2026-03-20_velocity_shots/velocity_17.txt';32;'Fri Mar 20, 2026 at 11:52:05';'Fri Mar 20, 2026 at 11:52:06'
'velocity_21.txt';'Beam_Profiler/test/MPDV/2026-03-20_velocity_shots/velocity_21.txt';31;'Fri Mar 20, 2026 at 11:52:12';'Fri Mar 20, 2026 at 11:52:12'
'velocity_21.txt';'Beam_Profiler/test/MPDV/2026-03-20_velocity_shots/velocity_21.txt';31;'Fri Mar 20, 2026 at 11:52:20';'Fri Mar 20, 2026 at 12:36:19'
'velocity_24.txt';'Beam_Profiler/test/MPDV/2026-03-20_velocity_shots/velocity_24.txt';31;'Fri Mar 20, 2026 at 11:52:21';'Fri Mar 20, 2026 at 11:52:21'
'velocity_24.txt';'Beam_Profiler/test/MPDV/2026-03-20_velocity_shots/velocity_24.txt';31;'Fri Mar 20, 2026 at 11:52:26';'Fri Mar 20, 2026 at 11:52:26'
'velocity_36.txt';'Beam_Profiler/test/MPDV/2026-03-20_velocity_shots/velocity_36.txt';32;'Fri Mar 20, 2026 at 11:52:50';'Fri Mar 20, 2026 at 11:52:51'
'velocity_37.txt';'Beam_Profiler/test/MPDV/2026-03-20_velocity_shots/velocity_37.txt';32;'Fri Mar 20, 2026 at 11:52:56';'Fri Mar 20, 2026 at 11:52:56'
'velocity_40.txt';'Beam_Profiler/test/MPDV/2026-03-20_velocity_shots/velocity_40.txt';32;'Fri Mar 20, 2026 at 11:52:56';'Fri Mar 20, 2026 at 11:52:57'
'velocity_38.txt';'Beam_Profiler/test/MPDV/2026-03-20_velocity_shots/velocity_38.txt';32;'Fri Mar 20, 2026 at 11:52:57';'Fri Mar 20, 2026 at 11:52:57'
'velocity_39.txt';'Beam_Profiler/test/MPDV/2026-03-20_velocity_shots/velocity_39.txt';32;'Fri Mar 20, 2026 at 11:52:57';'Fri Mar 20, 2026 at 11:52:57'
'velocity_46.txt';'Beam_Profiler/test/MPDV/2026-03-20_velocity_shots/velocity_46.txt';32;'Fri Mar 20, 2026 at 11:53:19';'Fri Mar 20, 2026 at 11:53:19'
'velocity_48.txt';'Beam_Profiler/test/MPDV/2026-03-20_velocity_shots/velocity_48.txt';32;'Fri Mar 20, 2026 at 11:53:20';'Fri Mar 20, 2026 at 11:53:20'
'Beam--20260320--000_1.txt';'Beam_Profiler/test/MPDV/2026-03-20_velocity_shots/Beam--20260320--000_1.txt';31;'Fri Mar 20, 2026 at 11:55:16';'Fri Mar 20, 2026 at 11:55:16'
'Beam--20260320--000_3.txt';'Beam_Profiler/test/MPDV/2026-03-20_velocity_shots/Beam--20260320--000_3.txt';31;'Fri Mar 20, 2026 at 11:55:16';'Fri Mar 20, 2026 at 11:55:17'
'Beam--20260320--000_6.txt';'Beam_Profiler/test/MPDV/2026-03-20_velocity_shots/Beam--20260320--000_6.txt';32;'Fri Mar 20, 2026 at 11:55:29';'Fri Mar 20, 2026 at 11:55:29'
'Beam--20260320--000_8.txt';'Beam_Profiler/test/MPDV/2026-03-20_velocity_shots/Beam--20260320--000_8.txt';32;'Fri Mar 20, 2026 at 11:55:30';'Fri Mar 20, 2026 at 11:55:30'
'Beam--20260320--000_18.txt';'Beam_Profiler/test/MPDV/2026-03-20_velocity_shots/Beam--20260320--000_18.txt';32;'Fri Mar 20, 2026 at 11:55:51';'Fri Mar 20, 2026 at 11:55:51'
'Beam--20260320--000_16.txt';'Beam_Profiler/test/MPDV/2026-03-20_velocity_shots/Beam--20260320--000_16.txt';32;'Fri Mar 20, 2026 at 11:55:51';'Fri Mar 20, 2026 at 11:55:52'
'Beam--20260320--000_22.txt';'Beam_Profiler/test/MPDV/2026-03-20_velocity_shots/Beam--20260320--000_22.txt';31;'Fri Mar 20, 2026 at 12:39:59';'Fri Mar 20, 2026 at 12:39:59'
'Beam--20260320--000_20.txt';'Beam_Profiler/test/MPDV/2026-03-20_velocity_shots/Beam--20260320--000_20.txt';30;'Fri Mar 20, 2026 at 12:39:59';'Fri Mar 20, 2026 at 12:39:59'
'Beam--20260320--000_25.txt';'Beam_Profiler/test/MPDV/2026-03-20_velocity_shots/Beam--20260320--000_25.txt';31;'Fri Mar 20, 2026 at 12:40:06';'Fri Mar 20, 2026 at 12:40:06'
'Beam--20260320--000_28.txt';'Beam_Profiler/test/MPDV/2026-03-20_velocity_shots/Beam--20260320--000_28.txt';32;'Fri Mar 20, 2026 at 11:56:16';'Fri Mar 20, 2026 at 11:56:16'
'Beam--20260320--000_26.txt';'Beam_Profiler/test/MPDV/2026-03-20_velocity_shots/Beam--20260320--000_26.txt';32;'Fri Mar 20, 2026 at 11:56:16';'Fri Mar 20, 2026 at 11:56:16'
'Beam--20260320--000_31.txt';'Beam_Profiler/test/MPDV/2026-03-20_velocity_shots/Beam--20260320--000_31.txt';32;'Fri Mar 20, 2026 at 11:56:20';'Fri Mar 20, 2026 at 11:56:21'
'Beam--20260320--000_31.txt';'Beam_Profiler/test/MPDV/2026-03-20_velocity_shots/Beam--20260320--000_31.txt';32;'Fri Mar 20, 2026 at 11:56:25';'Fri Mar 20, 2026 at 11:56:26'
'Beam--20260320--000_34.txt';'Beam_Profiler/test/MPDV/2026-03-20_velocity_shots/Beam--20260320--000_34.txt';31;'Fri Mar 20, 2026 at 11:56:26';'Fri Mar 20, 2026 at 11:56:26'
'Beam--20260320--000_34.txt';'Beam_Profiler/test/MPDV/2026-03-20_velocity_shots/Beam--20260320--000_34.txt';31;'Fri Mar 20, 2026 at 11:56:34';'Fri Mar 20, 2026 at 11:56:34'
'Beam--20260320--000_36.txt';'Beam_Profiler/test/MPDV/2026-03-20_velocity_shots/Beam--20260320--000_36.txt';32;'Fri Mar 20, 2026 at 11:56:34';'Fri Mar 20, 2026 at 11:56:35'
'Beam--20260320--000_35.txt';'Beam_Profiler/test/MPDV/2026-03-20_velocity_shots/Beam--20260320--000_35.txt';31;'Fri Mar 20, 2026 at 11:56:35';'Fri Mar 20, 2026 at 12:40:34'
'Beam--20260320--000_44.txt';'Beam_Profiler/test/MPDV/2026-03-20_velocity_shots/Beam--20260320--000_44.txt';31;'Fri Mar 20, 2026 at 11:56:46';'Fri Mar 20, 2026 at 11:56:46'
'Beam--20260320--000_41.txt';'Beam_Profiler/test/MPDV/2026-03-20_velocity_shots/Beam--20260320--000_41.txt';31;'Fri Mar 20, 2026 at 11:56:46';'Fri Mar 20, 2026 at 11:56:46'
'Beam--20260320--000_42.txt';'Beam_Profiler/test/MPDV/2026-03-20_velocity_shots/Beam--20260320--000_42.txt';31;'Fri Mar 20, 2026 at 11:56:46';'Fri Mar 20, 2026 at 11:56:47'
'Beam--20260320--000_47.txt';'Beam_Profiler/test/MPDV/2026-03-20_velocity_shots/Beam--20260320--000_47.txt';32;'Fri Mar 20, 2026 at 11:56:55';'Fri Mar 20, 2026 at 11:56:55'
'Beam--20260320--000_45.txt';'Beam_Profiler/test/MPDV/2026-03-20_velocity_shots/Beam--20260320--000_45.txt';31;'Fri Mar 20, 2026 at 11:56:56';'Fri Mar 20, 2026 at 11:56:56'
'Beam--20260320--000_47.txt';'Beam_Profiler/test/MPDV/2026-03-20_velocity_shots/Beam--20260320--000_47.txt';32;'Fri Mar 20, 2026 at 11:57:00';'Fri Mar 20, 2026 at 11:57:00'
'Beam--20260320--000_48.txt';'Beam_Profiler/test/MPDV/2026-03-20_velocity_shots/Beam--20260320--000_48.txt';32;'Fri Mar 20, 2026 at 11:57:01';'Fri Mar 20, 2026 at 11:57:01'
'HAAPI_experiment_data_LMI-Shots_20260320_JHACRD00005-S10.csv';'SeeMoveShootData/HAAPI_experiment_data_LMI-Shots_20260320_JHACRD00005-S10.csv';1;'Fri Mar 20, 2026 at 17:31:06';'Fri Mar 20, 2026 at 17:31:06'
'HAAPI_experiment_data_LMI-Shots_20260320_JHACRD00007-S05.csv';'SeeMoveShootData/HAAPI_experiment_data_LMI-Shots_20260320_JHACRD00007-S05.csv';1;'Fri Mar 20, 2026 at 18:42:41';'Fri Mar 20, 2026 at 18:42:41'
'calcite_1.txt';'Beam_Profiler/test/MPDV/2026-03-13_mason_calcite/calcite_1.txt';33;'Fri Mar 13, 2026 at 13:00:42';'Fri Mar 13, 2026 at 13:00:42'
'calcite_6.txt';'Beam_Profiler/test/MPDV/2026-03-13_mason_calcite/calcite_6.txt';32;'Fri Mar 13, 2026 at 13:00:51';'Fri Mar 13, 2026 at 13:00:51'
'calcite_7.txt';'Beam_Profiler/test/MPDV/2026-03-13_mason_calcite/calcite_7.txt';33;'Fri Mar 13, 2026 at 13:00:52';'Fri Mar 13, 2026 at 13:00:52'
'calcite_4.txt';'Beam_Profiler/test/MPDV/2026-03-13_mason_calcite/calcite_4.txt';33;'Fri Mar 13, 2026 at 13:56:44';'Fri Mar 13, 2026 at 13:56:44'
'calcite_7.txt';'Beam_Profiler/test/MPDV/2026-03-13_mason_calcite/calcite_7.txt';33;'Fri Mar 13, 2026 at 13:56:45';'Fri Mar 13, 2026 at 13:56:45'
'calcite_6.txt';'Beam_Profiler/test/MPDV/2026-03-13_mason_calcite/calcite_6.txt';32;'Fri Mar 13, 2026 at 13:56:45';'Fri Mar 13, 2026 at 13:56:46'
'calcite_7.txt';'Beam_Profiler/test/MPDV/2026-03-13_mason_calcite/calcite_7.txt';33;'Fri Mar 13, 2026 at 13:56:48';'Fri Mar 13, 2026 at 13:56:49'
'calcite_8.txt';'Beam_Profiler/test/MPDV/2026-03-13_mason_calcite/calcite_8.txt';33;'Fri Mar 13, 2026 at 13:56:49';'Fri Mar 13, 2026 at 13:56:49'
'calcite_9.txt';'Beam_Profiler/test/MPDV/2026-03-13_mason_calcite/calcite_9.txt';31;'Fri Mar 13, 2026 at 13:56:49';'Fri Mar 13, 2026 at 13:56:49'
'calcite_10.txt';'Beam_Profiler/test/MPDV/2026-03-13_mason_calcite/calcite_10.txt';32;'Fri Mar 13, 2026 at 13:56:49';'Fri Mar 13, 2026 at 13:56:50'
'calcite_10.txt';'Beam_Profiler/test/MPDV/2026-03-13_mason_calcite/calcite_10.txt';32;'Fri Mar 13, 2026 at 14:20:11';'Fri Mar 13, 2026 at 14:20:11'
'calcite_13.txt';'Beam_Profiler/test/MPDV/2026-03-13_mason_calcite/calcite_13.txt';32;'Fri Mar 13, 2026 at 14:20:12';'Fri Mar 13, 2026 at 14:20:12'
'calcite_16.txt';'Beam_Profiler/test/MPDV/2026-03-13_mason_calcite/calcite_16.txt';32;'Fri Mar 13, 2026 at 14:20:18';'Fri Mar 13, 2026 at 14:20:19'
'calcite_15.txt';'Beam_Profiler/test/MPDV/2026-03-13_mason_calcite/calcite_15.txt';32;'Fri Mar 13, 2026 at 14:20:19';'Fri Mar 13, 2026 at 14:20:19'
'calcite_17.txt';'Beam_Profiler/test/MPDV/2026-03-13_mason_calcite/calcite_17.txt';31;'Fri Mar 13, 2026 at 14:20:25';'Fri Mar 13, 2026 at 14:20:25'
'reference_energy_4.txt';'Beam_Profiler/test/MPDV/2026-03-20_energy_calibration/reference_energy_4.txt';30;'Fri Mar 20, 2026 at 10:06:17';'Fri Mar 20, 2026 at 10:06:17'
'reference_energy_5.txt';'Beam_Profiler/test/MPDV/2026-03-20_energy_calibration/reference_energy_5.txt';30;'Fri Mar 20, 2026 at 10:06:18';'Fri Mar 20, 2026 at 10:06:18'
'reference_energy_8.txt';'Beam_Profiler/test/MPDV/2026-03-20_energy_calibration/reference_energy_8.txt';30;'Fri Mar 20, 2026 at 10:06:18';'Fri Mar 20, 2026 at 10:06:18'
'reference_energy_6.txt';'Beam_Profiler/test/MPDV/2026-03-20_energy_calibration/reference_energy_6.txt';29;'Fri Mar 20, 2026 at 10:06:18';'Fri Mar 20, 2026 at 10:06:19'
'reference_energy_10.txt';'Beam_Profiler/test/MPDV/2026-03-20_energy_calibration/reference_energy_10.txt';30;'Fri Mar 20, 2026 at 10:06:31';'Fri Mar 20, 2026 at 10:06:31'
'reference_energy_11.txt';'Beam_Profiler/test/MPDV/2026-03-20_energy_calibration/reference_energy_11.txt';30;'Fri Mar 20, 2026 at 10:06:32';'Fri Mar 20, 2026 at 10:06:32'
'reference_energy_12.txt';'Beam_Profiler/test/MPDV/2026-03-20_energy_calibration/reference_energy_12.txt';30;'Fri Mar 20, 2026 at 10:06:32';'Fri Mar 20, 2026 at 10:06:32'
'reference_energy_16.txt';'Beam_Profiler/test/MPDV/2026-03-20_energy_calibration/reference_energy_16.txt';31;'Fri Mar 20, 2026 at 10:06:38';'Fri Mar 20, 2026 at 10:06:38'
'reference_energy_14.txt';'Beam_Profiler/test/MPDV/2026-03-20_energy_calibration/reference_energy_14.txt';31;'Fri Mar 20, 2026 at 10:06:39';'Fri Mar 20, 2026 at 10:06:39'
'reference_energy_15.txt';'Beam_Profiler/test/MPDV/2026-03-20_energy_calibration/reference_energy_15.txt';31;'Fri Mar 20, 2026 at 10:06:39';'Fri Mar 20, 2026 at 10:06:39'
'reference_energy_16.txt';'Beam_Profiler/test/MPDV/2026-03-20_energy_calibration/reference_energy_16.txt';31;'Fri Mar 20, 2026 at 10:06:44';'Fri Mar 20, 2026 at 10:06:45'
'reference_energy_18.txt';'Beam_Profiler/test/MPDV/2026-03-20_energy_calibration/reference_energy_18.txt';31;'Fri Mar 20, 2026 at 10:06:45';'Fri Mar 20, 2026 at 10:06:46'
'reference_energy_22.txt';'Beam_Profiler/test/MPDV/2026-03-20_energy_calibration/reference_energy_22.txt';31;'Fri Mar 20, 2026 at 10:06:57';'Fri Mar 20, 2026 at 10:06:58'
'reference_energy_23.txt';'Beam_Profiler/test/MPDV/2026-03-20_energy_calibration/reference_energy_23.txt';31;'Fri Mar 20, 2026 at 10:06:58';'Fri Mar 20, 2026 at 10:06:58'
'reference_energy_25.txt';'Beam_Profiler/test/MPDV/2026-03-20_energy_calibration/reference_energy_25.txt';32;'Fri Mar 20, 2026 at 10:06:58';'Fri Mar 20, 2026 at 10:06:59'
'reference_energy_24.txt';'Beam_Profiler/test/MPDV/2026-03-20_energy_calibration/reference_energy_24.txt';31;'Fri Mar 20, 2026 at 10:06:58';'Fri Mar 20, 2026 at 10:06:59'
'reference_energy_27.txt';'Beam_Profiler/test/MPDV/2026-03-20_energy_calibration/reference_energy_27.txt';31;'Fri Mar 20, 2026 at 10:07:04';'Fri Mar 20, 2026 at 10:07:04'
'target_energy_3.txt';'Beam_Profiler/test/MPDV/2026-03-20_energy_calibration/target_energy_3.txt';30;'Fri Mar 20, 2026 at 10:20:14';'Fri Mar 20, 2026 at 10:20:14'
'target_energy_2.txt';'Beam_Profiler/test/MPDV/2026-03-20_energy_calibration/target_energy_2.txt';30;'Fri Mar 20, 2026 at 10:20:15';'Fri Mar 20, 2026 at 10:20:15'
'target_energy_1.txt';'Beam_Profiler/test/MPDV/2026-03-20_energy_calibration/target_energy_1.txt';30;'Fri Mar 20, 2026 at 10:20:15';'Fri Mar 20, 2026 at 10:20:15'
'target_energy_8.txt';'Beam_Profiler/test/MPDV/2026-03-20_energy_calibration/target_energy_8.txt';31;'Fri Mar 20, 2026 at 10:20:17';'Fri Mar 20, 2026 at 10:20:17'
'target_energy_11.txt';'Beam_Profiler/test/MPDV/2026-03-20_energy_calibration/target_energy_11.txt';31;'Fri Mar 20, 2026 at 10:20:17';'Fri Mar 20, 2026 at 10:20:17'
'target_energy_12.txt';'Beam_Profiler/test/MPDV/2026-03-20_energy_calibration/target_energy_12.txt';31;'Fri Mar 20, 2026 at 10:20:17';'Fri Mar 20, 2026 at 10:20:18'
'target_energy_16.txt';'Beam_Profiler/test/MPDV/2026-03-20_energy_calibration/target_energy_16.txt';31;'Fri Mar 20, 2026 at 10:20:19';'Fri Mar 20, 2026 at 10:20:19'
'target_energy_18.txt';'Beam_Profiler/test/MPDV/2026-03-20_energy_calibration/target_energy_18.txt';32;'Fri Mar 20, 2026 at 10:20:20';'Fri Mar 20, 2026 at 10:20:20'
'target_energy_18.txt';'Beam_Profiler/test/MPDV/2026-03-20_energy_calibration/target_energy_18.txt';32;'Fri Mar 20, 2026 at 10:20:25';'Fri Mar 20, 2026 at 10:20:25'
'HAAPI_experiment_data_Velocity-Shots_20260320_NA.csv';'SeeMoveShootData/HAAPI_experiment_data_Velocity-Shots_20260320_NA.csv';1;'Fri Mar 20, 2026 at 11:15:13';'Fri Mar 20, 2026 at 11:15:13'
'HAAPI_experiment_data_Velocity-2_20260320_NA.csv';'SeeMoveShootData/HAAPI_experiment_data_Velocity-2_20260320_NA.csv';1;'Fri Mar 20, 2026 at 11:37:11';'Fri Mar 20, 2026 at 11:37:11'
'velocity_3.txt';'Beam_Profiler/test/MPDV/2026-03-20_velocity_shots/velocity_3.txt';31;'Fri Mar 20, 2026 at 11:51:53';'Fri Mar 20, 2026 at 11:51:53'
'velocity_2.txt';'Beam_Profiler/test/MPDV/2026-03-20_velocity_shots/velocity_2.txt';30;'Fri Mar 20, 2026 at 11:51:53';'Fri Mar 20, 2026 at 11:51:54'
'velocity_1.txt';'Beam_Profiler/test/MPDV/2026-03-20_velocity_shots/velocity_1.txt';31;'Fri Mar 20, 2026 at 11:51:54';'Fri Mar 20, 2026 at 11:51:54'
'velocity_11.txt';'Beam_Profiler/test/MPDV/2026-03-20_velocity_shots/velocity_11.txt';31;'Fri Mar 20, 2026 at 11:51:56';'Fri Mar 20, 2026 at 11:51:57'
'velocity_12.txt';'Beam_Profiler/test/MPDV/2026-03-20_velocity_shots/velocity_12.txt';31;'Fri Mar 20, 2026 at 11:51:57';'Fri Mar 20, 2026 at 11:51:57'
'velocity_14.txt';'Beam_Profiler/test/MPDV/2026-03-20_velocity_shots/velocity_14.txt';31;'Fri Mar 20, 2026 at 11:51:58';'Fri Mar 20, 2026 at 11:51:58'
'velocity_15.txt';'Beam_Profiler/test/MPDV/2026-03-20_velocity_shots/velocity_15.txt';32;'Fri Mar 20, 2026 at 11:52:05';'Fri Mar 20, 2026 at 11:52:05'
'velocity_16.txt';'Beam_Profiler/test/MPDV/2026-03-20_velocity_shots/velocity_16.txt';32;'Fri Mar 20, 2026 at 11:52:05';'Fri Mar 20, 2026 at 11:52:05'
'velocity_18.txt';'Beam_Profiler/test/MPDV/2026-03-20_velocity_shots/velocity_18.txt';32;'Fri Mar 20, 2026 at 11:52:06';'Fri Mar 20, 2026 at 11:52:06'
'velocity_18.txt';'Beam_Profiler/test/MPDV/2026-03-20_velocity_shots/velocity_18.txt';32;'Fri Mar 20, 2026 at 11:52:11';'Fri Mar 20, 2026 at 11:52:11'
'velocity_20.txt';'Beam_Profiler/test/MPDV/2026-03-20_velocity_shots/velocity_20.txt';30;'Fri Mar 20, 2026 at 11:52:11';'Fri Mar 20, 2026 at 11:52:12'
'velocity_19.txt';'Beam_Profiler/test/MPDV/2026-03-20_velocity_shots/velocity_19.txt';30;'Fri Mar 20, 2026 at 11:52:12';'Fri Mar 20, 2026 at 11:52:12'
'velocity_22.txt';'Beam_Profiler/test/MPDV/2026-03-20_velocity_shots/velocity_22.txt';31;'Fri Mar 20, 2026 at 11:52:21';'Fri Mar 20, 2026 at 11:52:21'
'velocity_23.txt';'Beam_Profiler/test/MPDV/2026-03-20_velocity_shots/velocity_23.txt';31;'Fri Mar 20, 2026 at 11:52:21';'Fri Mar 20, 2026 at 11:52:22'
'velocity_27.txt';'Beam_Profiler/test/MPDV/2026-03-20_velocity_shots/velocity_27.txt';32;'Fri Mar 20, 2026 at 11:52:26';'Fri Mar 20, 2026 at 11:52:26'
'velocity_26.txt';'Beam_Profiler/test/MPDV/2026-03-20_velocity_shots/velocity_26.txt';32;'Fri Mar 20, 2026 at 11:52:26';'Fri Mar 20, 2026 at 11:52:27'
'velocity_25.txt';'Beam_Profiler/test/MPDV/2026-03-20_velocity_shots/velocity_25.txt';31;'Fri Mar 20, 2026 at 11:52:27';'Fri Mar 20, 2026 at 11:52:27'
'velocity_27.txt';'Beam_Profiler/test/MPDV/2026-03-20_velocity_shots/velocity_27.txt';32;'Fri Mar 20, 2026 at 11:52:35';'Fri Mar 20, 2026 at 11:52:36'
'velocity_30.txt';'Beam_Profiler/test/MPDV/2026-03-20_velocity_shots/velocity_30.txt';32;'Fri Mar 20, 2026 at 11:52:36';'Fri Mar 20, 2026 at 11:52:36'
'velocity_28.txt';'Beam_Profiler/test/MPDV/2026-03-20_velocity_shots/velocity_28.txt';32;'Fri Mar 20, 2026 at 11:52:36';'Fri Mar 20, 2026 at 11:52:36'
'velocity_29.txt';'Beam_Profiler/test/MPDV/2026-03-20_velocity_shots/velocity_29.txt';32;'Fri Mar 20, 2026 at 11:52:37';'Fri Mar 20, 2026 at 11:52:37'
'velocity_30.txt';'Beam_Profiler/test/MPDV/2026-03-20_velocity_shots/velocity_30.txt';32;'Fri Mar 20, 2026 at 11:52:42';'Fri Mar 20, 2026 at 11:52:43'
'velocity_34.txt';'Beam_Profiler/test/MPDV/2026-03-20_velocity_shots/velocity_34.txt';31;'Fri Mar 20, 2026 at 11:52:43';'Fri Mar 20, 2026 at 11:52:43'
'velocity_33.txt';'Beam_Profiler/test/MPDV/2026-03-20_velocity_shots/velocity_33.txt';31;'Fri Mar 20, 2026 at 11:52:43';'Fri Mar 20, 2026 at 11:52:43'
'velocity_31.txt';'Beam_Profiler/test/MPDV/2026-03-20_velocity_shots/velocity_31.txt';32;'Fri Mar 20, 2026 at 11:52:43';'Fri Mar 20, 2026 at 11:52:44'
'velocity_32.txt';'Beam_Profiler/test/MPDV/2026-03-20_velocity_shots/velocity_32.txt';31;'Fri Mar 20, 2026 at 11:52:44';'Fri Mar 20, 2026 at 11:52:44'
'velocity_34.txt';'Beam_Profiler/test/MPDV/2026-03-20_velocity_shots/velocity_34.txt';31;'Fri Mar 20, 2026 at 11:52:50';'Fri Mar 20, 2026 at 12:36:49'
'velocity_35.txt';'Beam_Profiler/test/MPDV/2026-03-20_velocity_shots/velocity_35.txt';31;'Fri Mar 20, 2026 at 11:52:51';'Fri Mar 20, 2026 at 11:52:51'
'velocity_37.txt';'Beam_Profiler/test/MPDV/2026-03-20_velocity_shots/velocity_37.txt';32;'Fri Mar 20, 2026 at 11:52:51';'Fri Mar 20, 2026 at 11:52:51'
'velocity_40.txt';'Beam_Profiler/test/MPDV/2026-03-20_velocity_shots/velocity_40.txt';32;'Fri Mar 20, 2026 at 11:53:05';'Fri Mar 20, 2026 at 11:53:05'
'velocity_43.txt';'Beam_Profiler/test/MPDV/2026-03-20_velocity_shots/velocity_43.txt';31;'Fri Mar 20, 2026 at 11:53:06';'Fri Mar 20, 2026 at 11:53:06'
'velocity_41.txt';'Beam_Profiler/test/MPDV/2026-03-20_velocity_shots/velocity_41.txt';31;'Fri Mar 20, 2026 at 11:53:06';'Fri Mar 20, 2026 at 11:53:06'
'velocity_42.txt';'Beam_Profiler/test/MPDV/2026-03-20_velocity_shots/velocity_42.txt';31;'Fri Mar 20, 2026 at 11:53:06';'Fri Mar 20, 2026 at 11:53:06'
'velocity_43.txt';'Beam_Profiler/test/MPDV/2026-03-20_velocity_shots/velocity_43.txt';31;'Fri Mar 20, 2026 at 11:53:11';'Fri Mar 20, 2026 at 12:37:09'
'velocity_46.txt';'Beam_Profiler/test/MPDV/2026-03-20_velocity_shots/velocity_46.txt';32;'Fri Mar 20, 2026 at 11:53:11';'Fri Mar 20, 2026 at 11:53:11'
'velocity_44.txt';'Beam_Profiler/test/MPDV/2026-03-20_velocity_shots/velocity_44.txt';31;'Fri Mar 20, 2026 at 11:53:11';'Fri Mar 20, 2026 at 11:53:12'
'velocity_45.txt';'Beam_Profiler/test/MPDV/2026-03-20_velocity_shots/velocity_45.txt';31;'Fri Mar 20, 2026 at 11:53:12';'Fri Mar 20, 2026 at 11:53:12'
'velocity_49.txt';'Beam_Profiler/test/MPDV/2026-03-20_velocity_shots/velocity_49.txt';32;'Fri Mar 20, 2026 at 11:53:19';'Fri Mar 20, 2026 at 11:53:20'
'velocity_47.txt';'Beam_Profiler/test/MPDV/2026-03-20_velocity_shots/velocity_47.txt';32;'Fri Mar 20, 2026 at 11:53:20';'Fri Mar 20, 2026 at 11:53:20'
'velocity_49.txt';'Beam_Profiler/test/MPDV/2026-03-20_velocity_shots/velocity_49.txt';32;'Fri Mar 20, 2026 at 11:53:26';'Fri Mar 20, 2026 at 11:53:26'
'Beam--20260320--000_2.txt';'Beam_Profiler/test/MPDV/2026-03-20_velocity_shots/Beam--20260320--000_2.txt';30;'Fri Mar 20, 2026 at 11:55:16';'Fri Mar 20, 2026 at 11:55:16'
'Beam--20260320--000_3.txt';'Beam_Profiler/test/MPDV/2026-03-20_velocity_shots/Beam--20260320--000_3.txt';31;'Fri Mar 20, 2026 at 11:55:20';'Fri Mar 20, 2026 at 11:55:21'
'Beam--20260320--000_6.txt';'Beam_Profiler/test/MPDV/2026-03-20_velocity_shots/Beam--20260320--000_6.txt';32;'Fri Mar 20, 2026 at 11:55:21';'Fri Mar 20, 2026 at 11:55:21'
'Beam--20260320--000_5.txt';'Beam_Profiler/test/MPDV/2026-03-20_velocity_shots/Beam--20260320--000_5.txt';31;'Fri Mar 20, 2026 at 11:55:21';'Fri Mar 20, 2026 at 11:55:21'
'Beam--20260320--000_4.txt';'Beam_Profiler/test/MPDV/2026-03-20_velocity_shots/Beam--20260320--000_4.txt';31;'Fri Mar 20, 2026 at 11:55:21';'Fri Mar 20, 2026 at 11:55:22'
'Beam--20260320--000_9.txt';'Beam_Profiler/test/MPDV/2026-03-20_velocity_shots/Beam--20260320--000_9.txt';30;'Fri Mar 20, 2026 at 11:55:29';'Fri Mar 20, 2026 at 11:55:30'
'Beam--20260320--000_7.txt';'Beam_Profiler/test/MPDV/2026-03-20_velocity_shots/Beam--20260320--000_7.txt';32;'Fri Mar 20, 2026 at 11:55:30';'Fri Mar 20, 2026 at 11:55:30'
'Beam--20260320--000_9.txt';'Beam_Profiler/test/MPDV/2026-03-20_velocity_shots/Beam--20260320--000_9.txt';30;'Fri Mar 20, 2026 at 11:55:36';'Fri Mar 20, 2026 at 11:55:37'
'Beam--20260320--000_10.txt';'Beam_Profiler/test/MPDV/2026-03-20_velocity_shots/Beam--20260320--000_10.txt';31;'Fri Mar 20, 2026 at 11:55:37';'Fri Mar 20, 2026 at 11:55:37'
'Beam--20260320--000_12.txt';'Beam_Profiler/test/MPDV/2026-03-20_velocity_shots/Beam--20260320--000_12.txt';31;'Fri Mar 20, 2026 at 11:55:37';'Fri Mar 20, 2026 at 11:55:38'
'Beam--20260320--000_11.txt';'Beam_Profiler/test/MPDV/2026-03-20_velocity_shots/Beam--20260320--000_11.txt';31;'Fri Mar 20, 2026 at 11:55:38';'Fri Mar 20, 2026 at 11:55:38'
'Beam--20260320--000_12.txt';'Beam_Profiler/test/MPDV/2026-03-20_velocity_shots/Beam--20260320--000_12.txt';31;'Fri Mar 20, 2026 at 11:55:45';'Fri Mar 20, 2026 at 11:55:45'
'Beam--20260320--000_15.txt';'Beam_Profiler/test/MPDV/2026-03-20_velocity_shots/Beam--20260320--000_15.txt';32;'Fri Mar 20, 2026 at 11:55:45';'Fri Mar 20, 2026 at 11:55:45'
'Beam--20260320--000_13.txt';'Beam_Profiler/test/MPDV/2026-03-20_velocity_shots/Beam--20260320--000_13.txt';31;'Fri Mar 20, 2026 at 11:55:45';'Fri Mar 20, 2026 at 11:55:46'
'Beam--20260320--000_14.txt';'Beam_Profiler/test/MPDV/2026-03-20_velocity_shots/Beam--20260320--000_14.txt';31;'Fri Mar 20, 2026 at 11:55:46';'Fri Mar 20, 2026 at 11:55:46'
'Beam--20260320--000_15.txt';'Beam_Profiler/test/MPDV/2026-03-20_velocity_shots/Beam--20260320--000_15.txt';32;'Fri Mar 20, 2026 at 11:55:50';'Fri Mar 20, 2026 at 11:55:51'
'Beam--20260320--000_19.txt';'Beam_Profiler/test/MPDV/2026-03-20_velocity_shots/Beam--20260320--000_19.txt';30;'Fri Mar 20, 2026 at 11:55:51';'Fri Mar 20, 2026 at 11:55:51'
'Beam--20260320--000_17.txt';'Beam_Profiler/test/MPDV/2026-03-20_velocity_shots/Beam--20260320--000_17.txt';32;'Fri Mar 20, 2026 at 11:55:52';'Fri Mar 20, 2026 at 11:55:52'
'Beam--20260320--000_19.txt';'Beam_Profiler/test/MPDV/2026-03-20_velocity_shots/Beam--20260320--000_19.txt';30;'Fri Mar 20, 2026 at 12:39:58';'Fri Mar 20, 2026 at 12:39:59'
'Beam--20260320--000_21.txt';'Beam_Profiler/test/MPDV/2026-03-20_velocity_shots/Beam--20260320--000_21.txt';31;'Fri Mar 20, 2026 at 12:39:59';'Fri Mar 20, 2026 at 12:39:59'
'Beam--20260320--000_22.txt';'Beam_Profiler/test/MPDV/2026-03-20_velocity_shots/Beam--20260320--000_22.txt';31;'Fri Mar 20, 2026 at 12:40:05';'Fri Mar 20, 2026 at 12:40:05'
'Beam--20260320--000_24.txt';'Beam_Profiler/test/MPDV/2026-03-20_velocity_shots/Beam--20260320--000_24.txt';31;'Fri Mar 20, 2026 at 12:40:05';'Fri Mar 20, 2026 at 12:40:06'
'Beam--20260320--000_23.txt';'Beam_Profiler/test/MPDV/2026-03-20_velocity_shots/Beam--20260320--000_23.txt';31;'Fri Mar 20, 2026 at 12:40:06';'Fri Mar 20, 2026 at 12:40:06'
'Beam--20260320--000_25.txt';'Beam_Profiler/test/MPDV/2026-03-20_velocity_shots/Beam--20260320--000_25.txt';31;'Fri Mar 20, 2026 at 11:56:15';'Fri Mar 20, 2026 at 11:56:16'
'Beam--20260320--000_27.txt';'Beam_Profiler/test/MPDV/2026-03-20_velocity_shots/Beam--20260320--000_27.txt';32;'Fri Mar 20, 2026 at 11:56:16';'Fri Mar 20, 2026 at 11:56:17'
'Beam--20260320--000_28.txt';'Beam_Profiler/test/MPDV/2026-03-20_velocity_shots/Beam--20260320--000_28.txt';32;'Fri Mar 20, 2026 at 11:56:20';'Fri Mar 20, 2026 at 11:56:20'
'Beam--20260320--000_30.txt';'Beam_Profiler/test/MPDV/2026-03-20_velocity_shots/Beam--20260320--000_30.txt';32;'Fri Mar 20, 2026 at 11:56:21';'Fri Mar 20, 2026 at 11:56:21'
'Beam--20260320--000_29.txt';'Beam_Profiler/test/MPDV/2026-03-20_velocity_shots/Beam--20260320--000_29.txt';32;'Fri Mar 20, 2026 at 11:56:21';'Fri Mar 20, 2026 at 11:56:21'
'Beam--20260320--000_33.txt';'Beam_Profiler/test/MPDV/2026-03-20_velocity_shots/Beam--20260320--000_33.txt';31;'Fri Mar 20, 2026 at 11:56:26';'Fri Mar 20, 2026 at 11:56:26'
'Beam--20260320--000_32.txt';'Beam_Profiler/test/MPDV/2026-03-20_velocity_shots/Beam--20260320--000_32.txt';31;'Fri Mar 20, 2026 at 11:56:26';'Fri Mar 20, 2026 at 11:56:27'
'Beam--20260320--000_37.txt';'Beam_Profiler/test/MPDV/2026-03-20_velocity_shots/Beam--20260320--000_37.txt';32;'Fri Mar 20, 2026 at 11:56:35';'Fri Mar 20, 2026 at 11:56:36'
'Beam--20260320--000_37.txt';'Beam_Profiler/test/MPDV/2026-03-20_velocity_shots/Beam--20260320--000_37.txt';32;'Fri Mar 20, 2026 at 11:56:41';'Fri Mar 20, 2026 at 11:56:41'
'Beam--20260320--000_39.txt';'Beam_Profiler/test/MPDV/2026-03-20_velocity_shots/Beam--20260320--000_39.txt';32;'Fri Mar 20, 2026 at 11:56:41';'Fri Mar 20, 2026 at 11:56:41'
'Beam--20260320--000_38.txt';'Beam_Profiler/test/MPDV/2026-03-20_velocity_shots/Beam--20260320--000_38.txt';32;'Fri Mar 20, 2026 at 11:56:41';'Fri Mar 20, 2026 at 11:56:42'
'Beam--20260320--000_40.txt';'Beam_Profiler/test/MPDV/2026-03-20_velocity_shots/Beam--20260320--000_40.txt';32;'Fri Mar 20, 2026 at 11:56:42';'Fri Mar 20, 2026 at 11:56:42'
'Beam--20260320--000_40.txt';'Beam_Profiler/test/MPDV/2026-03-20_velocity_shots/Beam--20260320--000_40.txt';32;'Fri Mar 20, 2026 at 11:56:45';'Fri Mar 20, 2026 at 11:56:45'
'Beam--20260320--000_43.txt';'Beam_Profiler/test/MPDV/2026-03-20_velocity_shots/Beam--20260320--000_43.txt';31;'Fri Mar 20, 2026 at 11:56:47';'Fri Mar 20, 2026 at 11:56:47'
'Beam--20260320--000_44.txt';'Beam_Profiler/test/MPDV/2026-03-20_velocity_shots/Beam--20260320--000_44.txt';31;'Fri Mar 20, 2026 at 12:40:54';'Fri Mar 20, 2026 at 11:56:55'
'Beam--20260320--000_46.txt';'Beam_Profiler/test/MPDV/2026-03-20_velocity_shots/Beam--20260320--000_46.txt';32;'Fri Mar 20, 2026 at 11:56:56';'Fri Mar 20, 2026 at 11:56:56'
'Beam--20260320--000_49.txt';'Beam_Profiler/test/MPDV/2026-03-20_velocity_shots/Beam--20260320--000_49.txt';32;'Fri Mar 20, 2026 at 11:57:01';'Fri Mar 20, 2026 at 11:57:01'
'HAAPI_experiment_data_LMI-Shots_20260320_JHACRD00007-S05.csv';'SeeMoveShootData/HAAPI_experiment_data_LMI-Shots_20260320_JHACRD00007-S05.csv';1;'Fri Mar 20, 2026 at 18:08:53';'Fri Mar 20, 2026 at 18:08:53'
'HAAPI_experiment_data_LMI-Shots_20260331_JHAMAL00004-19.csv';'SeeMoveShootData/HAAPI_experiment_data_LMI-Shots_20260331_JHAMAL00004-19.csv';1;'Tue Mar 31, 2026 at 13:22:57';'Tue Mar 31, 2026 at 13:22:57'
'HAAPI_experiment_data_Cu-Vel Shots_20260401_NA.csv';'SeeMoveShootData/HAAPI_experiment_data_Cu-Vel Shots_20260401_NA.csv';1;'Wed Apr 01, 2026 at 17:41:59';'Wed Apr 01, 2026 at 17:41:59'
'HAAPI_experiment_data_Cu-Kumar-Shots_20260402_JHBMAB00003-S2R1C1.csv';'SeeMoveShootData/HAAPI_experiment_data_Cu-Kumar-Shots_20260402_JHBMAB00003-S2R1C1.csv';1;'Thu Apr 02, 2026 at 11:55:09';'Thu Apr 02, 2026 at 11:55:09'
'HAAPI_experiment_data_Cu-Kumar_v3_20260402_JHBMAB00003-S2R1C1.csv';'SeeMoveShootData/HAAPI_experiment_data_Cu-Kumar_v3_20260402_JHBMAB00003-S2R1C1.csv';1;'Thu Apr 02, 2026 at 12:04:30';'Thu Apr 02, 2026 at 12:04:30'
'HAAPI_experiment_data_High-ridge-height_v2_20260402_JHBMAB00003S2-R1C2.csv';'SeeMoveShootData/HAAPI_experiment_data_High-ridge-height_v2_20260402_JHBMAB00003S2-R1C2.csv';1;'Thu Apr 02, 2026 at 12:12:54';'Thu Apr 02, 2026 at 12:12:54'
'HAAPI_experiment_data_Polished-Flyer_v2_20260402_JHBMAB00003-S2R2C1.csv';'SeeMoveShootData/HAAPI_experiment_data_Polished-Flyer_v2_20260402_JHBMAB00003-S2R2C1.csv';1;'Thu Apr 02, 2026 at 12:24:32';'Thu Apr 02, 2026 at 12:24:32'
'HAAPI_experiment_data_CU Vel Shots_20260401_NA.csv';'SeeMoveShootData/HAAPI_experiment_data_CU Vel Shots_20260401_NA.csv';1;'Wed Apr 01, 2026 at 13:49:50';'Wed Apr 01, 2026 at 13:49:50'
'HAAPI_experiment_data_Cu-Kumar_v2_20260402_JHBMAB00003-S2R1C1.csv';'SeeMoveShootData/HAAPI_experiment_data_Cu-Kumar_v2_20260402_JHBMAB00003-S2R1C1.csv';1;'Thu Apr 02, 2026 at 12:00:02';'Thu Apr 02, 2026 at 12:00:02'
'HAAPI_experiment_data_High-ridge-height_20260402_JHBMAB00003-S2R1C2.csv';'SeeMoveShootData/HAAPI_experiment_data_High-ridge-height_20260402_JHBMAB00003-S2R1C2.csv';1;'Thu Apr 02, 2026 at 12:10:42';'Thu Apr 02, 2026 at 12:10:42'
'HAAPI_experiment_data_Polished-Fyer_20260402_JHBMAB00003-S2R2C1.csv';'SeeMoveShootData/HAAPI_experiment_data_Polished-Fyer_20260402_JHBMAB00003-S2R2C1.csv';1;'Thu Apr 02, 2026 at 12:22:56';'Thu Apr 02, 2026 at 12:22:56'
'after_alignment_R2_C2.jpg';'TEST00_000000000000000000000000_1_1_2026-04-02_17-47-07/captures/after_alignment_R2_C2.jpg';1;'Thu Apr 02, 2026 at 13:48:02';'Thu Apr 02, 2026 at 13:48:02'
'before_alignment_R2_C4.jpg';'TEST00_000000000000000000000000_1_1_2026-04-02_17-47-07/captures/before_alignment_R2_C4.jpg';1;'Thu Apr 02, 2026 at 13:48:03';'Thu Apr 02, 2026 at 13:48:03'
'before_alignment_R2_C5.jpg';'TEST00_000000000000000000000000_1_1_2026-04-02_17-47-07/captures/before_alignment_R2_C5.jpg';1;'Thu Apr 02, 2026 at 13:48:09';'Thu Apr 02, 2026 at 13:48:09'
'before_alignment_R2_C6.jpg';'TEST00_000000000000000000000000_1_1_2026-04-02_17-47-07/captures/before_alignment_R2_C6.jpg';1;'Thu Apr 02, 2026 at 13:48:16';'Thu Apr 02, 2026 at 13:48:16'
'before_alignment_R3_C6.jpg';'TEST00_000000000000000000000000_1_1_2026-04-02_17-47-07/captures/before_alignment_R3_C6.jpg';1;'Thu Apr 02, 2026 at 13:48:27';'Thu Apr 02, 2026 at 13:48:27'
'before_alignment_R3_C5.jpg';'TEST00_000000000000000000000000_1_1_2026-04-02_17-47-07/captures/before_alignment_R3_C5.jpg';1;'Thu Apr 02, 2026 at 13:48:45';'Thu Apr 02, 2026 at 13:48:45'
'before_alignment_R2_C2.jpg';'TEST00_000000000000000000000000_1_1_2026-04-02_17-47-07/captures/before_alignment_R2_C2.jpg';1;'Thu Apr 02, 2026 at 13:48:02';'Thu Apr 02, 2026 at 13:48:02'
'before_alignment_R2_C3.jpg';'TEST00_000000000000000000000000_1_1_2026-04-02_17-47-07/captures/before_alignment_R2_C3.jpg';1;'Thu Apr 02, 2026 at 13:48:02';'Thu Apr 02, 2026 at 13:48:02'
'after_alignment_R2_C4.jpg';'TEST00_000000000000000000000000_1_1_2026-04-02_17-47-07/captures/after_alignment_R2_C4.jpg';1;'Thu Apr 02, 2026 at 13:48:03';'Thu Apr 02, 2026 at 13:48:03'
'after_alignment_R2_C5.jpg';'TEST00_000000000000000000000000_1_1_2026-04-02_17-47-07/captures/after_alignment_R2_C5.jpg';1;'Thu Apr 02, 2026 at 13:48:10';'Thu Apr 02, 2026 at 13:48:10'
'after_alignment_R2_C6.jpg';'TEST00_000000000000000000000000_1_1_2026-04-02_17-47-07/captures/after_alignment_R2_C6.jpg';1;'Thu Apr 02, 2026 at 13:48:18';'Thu Apr 02, 2026 at 13:48:18'
'after_alignment_R3_C6.jpg';'TEST00_000000000000000000000000_1_1_2026-04-02_17-47-07/captures/after_alignment_R3_C6.jpg';1;'Thu Apr 02, 2026 at 13:48:27';'Thu Apr 02, 2026 at 13:48:27'
'before_alignment_R2_C2.jpg';'TEST00_000000000000000000000000_1_1_2026-04-02_18-26-38/captures/before_alignment_R2_C2.jpg';1;'Thu Apr 02, 2026 at 14:27:18';'Thu Apr 02, 2026 at 14:27:18'
'before_alignment_R2_C4.jpg';'TEST00_000000000000000000000000_1_1_2026-04-02_18-26-38/captures/before_alignment_R2_C4.jpg';1;'Thu Apr 02, 2026 at 14:27:52';'Thu Apr 02, 2026 at 14:27:52'
'before_alignment_R2_C3.jpg';'TEST00_000000000000000000000000_1_1_2026-04-02_18-29-21/captures/before_alignment_R2_C3.jpg';1;'Thu Apr 02, 2026 at 14:30:18';'Thu Apr 02, 2026 at 14:30:18'
'before_alignment_R2_C5.jpg';'TEST00_000000000000000000000000_1_1_2026-04-02_18-29-21/captures/before_alignment_R2_C5.jpg';1;'Thu Apr 02, 2026 at 14:30:45';'Thu Apr 02, 2026 at 14:30:45'
'before_alignment_R2_C2.jpg';'TEST00_000000000000000000000000_1_1_2026-04-02_18-31-24/captures/before_alignment_R2_C2.jpg';1;'Thu Apr 02, 2026 at 14:32:05';'Thu Apr 02, 2026 at 14:32:05'
'before_alignment_R2_C4.jpg';'TEST00_000000000000000000000000_1_1_2026-04-02_18-31-24/captures/before_alignment_R2_C4.jpg';1;'Thu Apr 02, 2026 at 14:32:42';'Thu Apr 02, 2026 at 14:32:42'
'after_alignment_R2_C5.jpg';'TEST00_000000000000000000000000_1_1_2026-04-02_18-31-24/captures/after_alignment_R2_C5.jpg';1;'Thu Apr 02, 2026 at 14:32:49';'Thu Apr 02, 2026 at 14:32:49'
'after_alignment_R2_C6.jpg';'TEST00_000000000000000000000000_1_1_2026-04-02_18-31-24/captures/after_alignment_R2_C6.jpg';1;'Thu Apr 02, 2026 at 14:32:58';'Thu Apr 02, 2026 at 14:32:58'
'before_alignment_R3_C5.jpg';'TEST00_000000000000000000000000_1_1_2026-04-02_18-31-24/captures/before_alignment_R3_C5.jpg';1;'Thu Apr 02, 2026 at 14:33:38';'Thu Apr 02, 2026 at 14:33:38'
'before_alignment_R3_C3.jpg';'TEST00_000000000000000000000000_1_1_2026-04-02_18-31-24/captures/before_alignment_R3_C3.jpg';1;'Thu Apr 02, 2026 at 14:34:16';'Thu Apr 02, 2026 at 14:34:16'
'before_alignment_R4_C2.jpg';'TEST00_000000000000000000000000_1_1_2026-04-02_18-31-24/captures/before_alignment_R4_C2.jpg';1;'Thu Apr 02, 2026 at 14:34:53';'Thu Apr 02, 2026 at 14:34:53'
'before_alignment_R4_C4.jpg';'TEST00_000000000000000000000000_1_1_2026-04-02_18-31-24/captures/before_alignment_R4_C4.jpg';1;'Thu Apr 02, 2026 at 14:35:28';'Thu Apr 02, 2026 at 14:35:28'
'before_alignment_R4_C6.jpg';'TEST00_000000000000000000000000_1_1_2026-04-02_18-31-24/captures/before_alignment_R4_C6.jpg';1;'Thu Apr 02, 2026 at 14:36:02';'Thu Apr 02, 2026 at 14:36:02'
'before_alignment_R5_C5.jpg';'TEST00_000000000000000000000000_1_1_2026-04-02_18-31-24/captures/before_alignment_R5_C5.jpg';1;'Thu Apr 02, 2026 at 14:36:27';'Thu Apr 02, 2026 at 14:36:27'
'after_alignment_R2_C2.jpg';'TEST00_000000000000000000000000_1_1_2026-04-02_18-39-16/captures/after_alignment_R2_C2.jpg';1;'Thu Apr 02, 2026 at 14:39:47';'Thu Apr 02, 2026 at 14:39:47'
'after_alignment_R2_C3.jpg';'TEST00_000000000000000000000000_1_1_2026-04-02_18-39-16/captures/after_alignment_R2_C3.jpg';1;'Thu Apr 02, 2026 at 14:39:57';'Thu Apr 02, 2026 at 14:39:57'
'after_alignment_R2_C4.jpg';'TEST00_000000000000000000000000_1_1_2026-04-02_18-39-16/captures/after_alignment_R2_C4.jpg';1;'Thu Apr 02, 2026 at 14:40:09';'Thu Apr 02, 2026 at 14:40:09'
'after_alignment_R2_C5.jpg';'TEST00_000000000000000000000000_1_1_2026-04-02_18-39-16/captures/after_alignment_R2_C5.jpg';1;'Thu Apr 02, 2026 at 14:40:22';'Thu Apr 02, 2026 at 14:40:22'
'after_alignment_R2_C6.jpg';'TEST00_000000000000000000000000_1_1_2026-04-02_18-39-16/captures/after_alignment_R2_C6.jpg';1;'Thu Apr 02, 2026 at 14:40:35';'Thu Apr 02, 2026 at 14:40:35'
'after_alignment_R3_C6.jpg';'TEST00_000000000000000000000000_1_1_2026-04-02_18-39-16/captures/after_alignment_R3_C6.jpg';1;'Thu Apr 02, 2026 at 14:40:48';'Thu Apr 02, 2026 at 14:40:48'
'after_alignment_R3_C5.jpg';'TEST00_000000000000000000000000_1_1_2026-04-02_18-39-16/captures/after_alignment_R3_C5.jpg';1;'Thu Apr 02, 2026 at 14:41:01';'Thu Apr 02, 2026 at 14:41:01'
'after_alignment_R3_C4.jpg';'TEST00_000000000000000000000000_1_1_2026-04-02_18-39-16/captures/after_alignment_R3_C4.jpg';1;'Thu Apr 02, 2026 at 14:41:13';'Thu Apr 02, 2026 at 14:41:13'
'after_alignment_R3_C3.jpg';'TEST00_000000000000000000000000_1_1_2026-04-02_18-39-16/captures/after_alignment_R3_C3.jpg';1;'Thu Apr 02, 2026 at 14:41:26';'Thu Apr 02, 2026 at 14:41:26'
'after_alignment_R3_C2.jpg';'TEST00_000000000000000000000000_1_1_2026-04-02_18-39-16/captures/after_alignment_R3_C2.jpg';1;'Thu Apr 02, 2026 at 14:41:38';'Thu Apr 02, 2026 at 14:41:38'
'after_alignment_R4_C2.jpg';'TEST00_000000000000000000000000_1_1_2026-04-02_18-39-16/captures/after_alignment_R4_C2.jpg';1;'Thu Apr 02, 2026 at 14:41:49';'Thu Apr 02, 2026 at 14:41:49'
'after_alignment_R4_C3.jpg';'TEST00_000000000000000000000000_1_1_2026-04-02_18-39-16/captures/after_alignment_R4_C3.jpg';1;'Thu Apr 02, 2026 at 14:42:00';'Thu Apr 02, 2026 at 14:42:00'
'after_alignment_R4_C4.jpg';'TEST00_000000000000000000000000_1_1_2026-04-02_18-39-16/captures/after_alignment_R4_C4.jpg';1;'Thu Apr 02, 2026 at 14:42:10';'Thu Apr 02, 2026 at 14:42:10'
'after_alignment_R4_C5.jpg';'TEST00_000000000000000000000000_1_1_2026-04-02_18-39-16/captures/after_alignment_R4_C5.jpg';1;'Thu Apr 02, 2026 at 14:42:21';'Thu Apr 02, 2026 at 14:42:21'
'after_alignment_R4_C6.jpg';'TEST00_000000000000000000000000_1_1_2026-04-02_18-39-16/captures/after_alignment_R4_C6.jpg';1;'Thu Apr 02, 2026 at 14:42:31';'Thu Apr 02, 2026 at 14:42:31'
'after_alignment_R5_C6.jpg';'TEST00_000000000000000000000000_1_1_2026-04-02_18-39-16/captures/after_alignment_R5_C6.jpg';1;'Thu Apr 02, 2026 at 14:42:44';'Thu Apr 02, 2026 at 14:42:44'
'after_alignment_R5_C5.jpg';'TEST00_000000000000000000000000_1_1_2026-04-02_18-39-16/captures/after_alignment_R5_C5.jpg';1;'Thu Apr 02, 2026 at 14:42:57';'Thu Apr 02, 2026 at 14:42:57'
'after_alignment_R5_C4.jpg';'TEST00_000000000000000000000000_1_1_2026-04-02_18-39-16/captures/after_alignment_R5_C4.jpg';1;'Thu Apr 02, 2026 at 14:43:10';'Thu Apr 02, 2026 at 14:43:10'
'after_alignment_R5_C3.jpg';'TEST00_000000000000000000000000_1_1_2026-04-02_18-39-16/captures/after_alignment_R5_C3.jpg';1;'Thu Apr 02, 2026 at 14:43:21';'Thu Apr 02, 2026 at 14:43:21'
'after_alignment_R5_C2.jpg';'TEST00_000000000000000000000000_1_1_2026-04-02_18-39-16/captures/after_alignment_R5_C2.jpg';1;'Thu Apr 02, 2026 at 14:43:34';'Thu Apr 02, 2026 at 14:43:34'
'after_alignment_R6_C2.jpg';'TEST00_000000000000000000000000_1_1_2026-04-02_18-39-16/captures/after_alignment_R6_C2.jpg';1;'Thu Apr 02, 2026 at 14:43:48';'Thu Apr 02, 2026 at 14:43:48'
'after_alignment_R6_C3.jpg';'TEST00_000000000000000000000000_1_1_2026-04-02_18-39-16/captures/after_alignment_R6_C3.jpg';1;'Thu Apr 02, 2026 at 14:44:00';'Thu Apr 02, 2026 at 14:44:00'
'after_alignment_R6_C4.jpg';'TEST00_000000000000000000000000_1_1_2026-04-02_18-39-16/captures/after_alignment_R6_C4.jpg';1;'Thu Apr 02, 2026 at 14:44:13';'Thu Apr 02, 2026 at 14:44:13'
'after_alignment_R6_C5.jpg';'TEST00_000000000000000000000000_1_1_2026-04-02_18-39-16/captures/after_alignment_R6_C5.jpg';1;'Thu Apr 02, 2026 at 14:44:25';'Thu Apr 02, 2026 at 14:44:25'
'after_alignment_R6_C6.jpg';'TEST00_000000000000000000000000_1_1_2026-04-02_18-39-16/captures/after_alignment_R6_C6.jpg';1;'Thu Apr 02, 2026 at 14:44:41';'Thu Apr 02, 2026 at 14:44:41'
'centered_circle_image_13.jpg';'centered_circle_image_13.jpg';1;'Thu Apr 02, 2026 at 14:45:12';'Thu Apr 02, 2026 at 14:45:12'
'before_alignment_R2_C3.jpg';'TEST00_000000000000000000000000_1_1_2026-04-02_18-26-38/captures/before_alignment_R2_C3.jpg';1;'Thu Apr 02, 2026 at 14:27:34';'Thu Apr 02, 2026 at 14:27:34'
'before_alignment_R2_C2.jpg';'TEST00_000000000000000000000000_1_1_2026-04-02_18-29-21/captures/before_alignment_R2_C2.jpg';1;'Thu Apr 02, 2026 at 14:30:04';'Thu Apr 02, 2026 at 14:30:04'
'before_alignment_R2_C4.jpg';'TEST00_000000000000000000000000_1_1_2026-04-02_18-29-21/captures/before_alignment_R2_C4.jpg';1;'Thu Apr 02, 2026 at 14:30:37';'Thu Apr 02, 2026 at 14:30:37'
'after_alignment_R2_C5.jpg';'TEST00_000000000000000000000000_1_1_2026-04-02_18-29-21/captures/after_alignment_R2_C5.jpg';1;'Thu Apr 02, 2026 at 14:30:45';'Thu Apr 02, 2026 at 14:30:45'
'before_alignment_R2_C3.jpg';'TEST00_000000000000000000000000_1_1_2026-04-02_18-31-24/captures/before_alignment_R2_C3.jpg';1;'Thu Apr 02, 2026 at 14:32:22';'Thu Apr 02, 2026 at 14:32:22'
'before_alignment_R2_C5.jpg';'TEST00_000000000000000000000000_1_1_2026-04-02_18-31-24/captures/before_alignment_R2_C5.jpg';1;'Thu Apr 02, 2026 at 14:32:49';'Thu Apr 02, 2026 at 14:32:49'
'before_alignment_R2_C6.jpg';'TEST00_000000000000000000000000_1_1_2026-04-02_18-31-24/captures/before_alignment_R2_C6.jpg';1;'Thu Apr 02, 2026 at 14:32:58';'Thu Apr 02, 2026 at 14:32:58'
'before_alignment_R3_C6.jpg';'TEST00_000000000000000000000000_1_1_2026-04-02_18-31-24/captures/before_alignment_R3_C6.jpg';1;'Thu Apr 02, 2026 at 14:33:19';'Thu Apr 02, 2026 at 14:33:19'
'before_alignment_R3_C4.jpg';'TEST00_000000000000000000000000_1_1_2026-04-02_18-31-24/captures/before_alignment_R3_C4.jpg';1;'Thu Apr 02, 2026 at 14:33:57';'Thu Apr 02, 2026 at 14:33:57'
'before_alignment_R3_C2.jpg';'TEST00_000000000000000000000000_1_1_2026-04-02_18-31-24/captures/before_alignment_R3_C2.jpg';1;'Thu Apr 02, 2026 at 14:34:36';'Thu Apr 02, 2026 at 14:34:36'
'before_alignment_R4_C3.jpg';'TEST00_000000000000000000000000_1_1_2026-04-02_18-31-24/captures/before_alignment_R4_C3.jpg';1;'Thu Apr 02, 2026 at 14:35:10';'Thu Apr 02, 2026 at 14:35:10'
'before_alignment_R4_C5.jpg';'TEST00_000000000000000000000000_1_1_2026-04-02_18-31-24/captures/before_alignment_R4_C5.jpg';1;'Thu Apr 02, 2026 at 14:35:45';'Thu Apr 02, 2026 at 14:35:45'
'before_alignment_R5_C6.jpg';'TEST00_000000000000000000000000_1_1_2026-04-02_18-31-24/captures/before_alignment_R5_C6.jpg';1;'Thu Apr 02, 2026 at 14:36:22';'Thu Apr 02, 2026 at 14:36:22'
'before_alignment_R2_C2.jpg';'TEST00_000000000000000000000000_1_1_2026-04-02_18-39-16/captures/before_alignment_R2_C2.jpg';1;'Thu Apr 02, 2026 at 14:39:48';'Thu Apr 02, 2026 at 14:39:48'
'before_alignment_R2_C3.jpg';'TEST00_000000000000000000000000_1_1_2026-04-02_18-39-16/captures/before_alignment_R2_C3.jpg';1;'Thu Apr 02, 2026 at 14:39:57';'Thu Apr 02, 2026 at 14:39:57'
'before_alignment_R2_C4.jpg';'TEST00_000000000000000000000000_1_1_2026-04-02_18-39-16/captures/before_alignment_R2_C4.jpg';1;'Thu Apr 02, 2026 at 14:40:09';'Thu Apr 02, 2026 at 14:40:09'
'before_alignment_R2_C5.jpg';'TEST00_000000000000000000000000_1_1_2026-04-02_18-39-16/captures/before_alignment_R2_C5.jpg';1;'Thu Apr 02, 2026 at 14:40:22';'Thu Apr 02, 2026 at 14:40:22'
'before_alignment_R2_C6.jpg';'TEST00_000000000000000000000000_1_1_2026-04-02_18-39-16/captures/before_alignment_R2_C6.jpg';1;'Thu Apr 02, 2026 at 14:40:35';'Thu Apr 02, 2026 at 14:40:35'
'before_alignment_R3_C6.jpg';'TEST00_000000000000000000000000_1_1_2026-04-02_18-39-16/captures/before_alignment_R3_C6.jpg';1;'Thu Apr 02, 2026 at 14:40:48';'Thu Apr 02, 2026 at 14:40:48'
'before_alignment_R3_C5.jpg';'TEST00_000000000000000000000000_1_1_2026-04-02_18-39-16/captures/before_alignment_R3_C5.jpg';1;'Thu Apr 02, 2026 at 14:41:01';'Thu Apr 02, 2026 at 14:41:01'
'before_alignment_R3_C4.jpg';'TEST00_000000000000000000000000_1_1_2026-04-02_18-39-16/captures/before_alignment_R3_C4.jpg';1;'Thu Apr 02, 2026 at 14:41:13';'Thu Apr 02, 2026 at 14:41:13'
'before_alignment_R3_C3.jpg';'TEST00_000000000000000000000000_1_1_2026-04-02_18-39-16/captures/before_alignment_R3_C3.jpg';1;'Thu Apr 02, 2026 at 14:41:26';'Thu Apr 02, 2026 at 14:41:26'
'before_alignment_R3_C2.jpg';'TEST00_000000000000000000000000_1_1_2026-04-02_18-39-16/captures/before_alignment_R3_C2.jpg';1;'Thu Apr 02, 2026 at 14:41:38';'Thu Apr 02, 2026 at 14:41:38'
'before_alignment_R4_C2.jpg';'TEST00_000000000000000000000000_1_1_2026-04-02_18-39-16/captures/before_alignment_R4_C2.jpg';1;'Thu Apr 02, 2026 at 14:41:49';'Thu Apr 02, 2026 at 14:41:49'
'before_alignment_R4_C3.jpg';'TEST00_000000000000000000000000_1_1_2026-04-02_18-39-16/captures/before_alignment_R4_C3.jpg';1;'Thu Apr 02, 2026 at 14:42:00';'Thu Apr 02, 2026 at 14:42:00'
'before_alignment_R4_C4.jpg';'TEST00_000000000000000000000000_1_1_2026-04-02_18-39-16/captures/before_alignment_R4_C4.jpg';1;'Thu Apr 02, 2026 at 14:42:10';'Thu Apr 02, 2026 at 14:42:10'
'before_alignment_R4_C5.jpg';'TEST00_000000000000000000000000_1_1_2026-04-02_18-39-16/captures/before_alignment_R4_C5.jpg';1;'Thu Apr 02, 2026 at 14:42:21';'Thu Apr 02, 2026 at 14:42:21'
'before_alignment_R4_C6.jpg';'TEST00_000000000000000000000000_1_1_2026-04-02_18-39-16/captures/before_alignment_R4_C6.jpg';1;'Thu Apr 02, 2026 at 14:42:31';'Thu Apr 02, 2026 at 14:42:31'
'before_alignment_R5_C6.jpg';'TEST00_000000000000000000000000_1_1_2026-04-02_18-39-16/captures/before_alignment_R5_C6.jpg';1;'Thu Apr 02, 2026 at 14:42:44';'Thu Apr 02, 2026 at 14:42:44'
'before_alignment_R5_C5.jpg';'TEST00_000000000000000000000000_1_1_2026-04-02_18-39-16/captures/before_alignment_R5_C5.jpg';1;'Thu Apr 02, 2026 at 14:42:57';'Thu Apr 02, 2026 at 14:42:57'
'before_alignment_R5_C4.jpg';'TEST00_000000000000000000000000_1_1_2026-04-02_18-39-16/captures/before_alignment_R5_C4.jpg';1;'Thu Apr 02, 2026 at 14:43:10';'Thu Apr 02, 2026 at 14:43:10'
'before_alignment_R5_C3.jpg';'TEST00_000000000000000000000000_1_1_2026-04-02_18-39-16/captures/before_alignment_R5_C3.jpg';1;'Thu Apr 02, 2026 at 14:43:22';'Thu Apr 02, 2026 at 14:43:22'
'before_alignment_R5_C2.jpg';'TEST00_000000000000000000000000_1_1_2026-04-02_18-39-16/captures/before_alignment_R5_C2.jpg';1;'Thu Apr 02, 2026 at 14:43:34';'Thu Apr 02, 2026 at 14:43:34'
'before_alignment_R6_C2.jpg';'TEST00_000000000000000000000000_1_1_2026-04-02_18-39-16/captures/before_alignment_R6_C2.jpg';1;'Thu Apr 02, 2026 at 14:43:48';'Thu Apr 02, 2026 at 14:43:48'
'before_alignment_R6_C3.jpg';'TEST00_000000000000000000000000_1_1_2026-04-02_18-39-16/captures/before_alignment_R6_C3.jpg';1;'Thu Apr 02, 2026 at 14:44:00';'Thu Apr 02, 2026 at 14:44:00'
'before_alignment_R6_C4.jpg';'TEST00_000000000000000000000000_1_1_2026-04-02_18-39-16/captures/before_alignment_R6_C4.jpg';1;'Thu Apr 02, 2026 at 14:44:13';'Thu Apr 02, 2026 at 14:44:13'
'before_alignment_R6_C5.jpg';'TEST00_000000000000000000000000_1_1_2026-04-02_18-39-16/captures/before_alignment_R6_C5.jpg';1;'Thu Apr 02, 2026 at 14:44:25';'Thu Apr 02, 2026 at 14:44:25'
'before_alignment_R6_C6.jpg';'TEST00_000000000000000000000000_1_1_2026-04-02_18-39-16/captures/before_alignment_R6_C6.jpg';1;'Thu Apr 02, 2026 at 14:44:41';'Thu Apr 02, 2026 at 14:44:41'
'LMI_20260402_TEST00.csv';'TEST00_000000000000000000000000_1_1_2026-04-02_18-39-16/data_files/LMI_20260402_TEST00.csv';1;'Thu Apr 02, 2026 at 14:44:45';'Thu Apr 02, 2026 at 14:44:45'
'HAAPI_experiment_data_LMI-Shots_20260406_JHARCD00007-S01.csv';'SeeMoveShootData/HAAPI_experiment_data_LMI-Shots_20260406_JHARCD00007-S01.csv';1;'Mon Apr 06, 2026 at 16:52:28';'Mon Apr 06, 2026 at 16:52:28'
'HAAPI_experiment_data_LMI-Shots_20260406_JHARCD00007-S02.csv';'SeeMoveShootData/HAAPI_experiment_data_LMI-Shots_20260406_JHARCD00007-S02.csv';1;'Mon Apr 06, 2026 at 13:32:05';'Mon Apr 06, 2026 at 13:32:05'
'HAAPI_experiment_data_LMI-Shots_20260406_JHARCD00007-S01.csv';'SeeMoveShootData/HAAPI_experiment_data_LMI-Shots_20260406_JHARCD00007-S01.csv';1;'Mon Apr 06, 2026 at 13:28:13';'Mon Apr 06, 2026 at 13:28:13'
'HAAPI_experiment_data_LMI-Shots_20260406_JHAMAL00016-001.csv';'SeeMoveShootData/HAAPI_experiment_data_LMI-Shots_20260406_JHAMAL00016-001.csv';1;'Mon Apr 06, 2026 at 18:35:50';'Mon Apr 06, 2026 at 18:35:50'